[ 1133088ms] [LOG] [Fast Refresh] rebuilding @ http://localhost:3000/_next/static/chunks/node_modules_next_dist_115brz8._.js:2477
[ 1133155ms] [ERROR] ./src/app/problem-sets/[id]/page.tsx:457:20
Unterminated regexp literal
  455 |                       GitHub에서 보기 →
  456 |                     </a>
> 457 |                   </div>
      |                    ^^^^^
  458 |                 </div>
  459 |               )
  460 |             )}

Parsing ecmascript source code failed

Import traces:
  Client Component Browser:
    ./src/app/problem-sets/[id]/page.tsx [Client Component Browser]
    ./src/app/problem-sets/[id]/page.tsx [Server Component]

  Client Component SSR:
    ./src/app/problem-sets/[id]/page.tsx [Client Component SSR]
    ./src/app/problem-sets/[id]/page.tsx [Server Component] @ http://localhost:3000/_next/static/chunks/node_modules_next_dist_115brz8._.js:3318
[ 1133212ms] [ERROR] Failed to load resource: the server responded with a status of 500 (Internal Server Error) @ http://localhost:3000/problem-sets/hono-ipv6-string-formatting/result?_rsc=UWPcgsQIcm0KdCqE:0
[ 1133285ms] [ERROR] Failed to load resource: the server responded with a status of 500 (Internal Server Error) @ http://localhost:3000/problem-sets/hono-ipv6-string-formatting/result?_rsc=UWPcgsQIcm0KdCqE:0
[ 1133288ms] [LOG] [Fast Refresh] rebuilding @ http://localhost:3000/_next/static/chunks/node_modules_next_dist_115brz8._.js:2477
[ 1133292ms] [ERROR] Failed to load resource: the server responded with a status of 500 (Internal Server Error) @ http://localhost:3000/problem-sets/hono-ipv6-string-formatting/result:0
[ 1133366ms] [INFO] %cDownload the React DevTools for a better development experience: https://react.dev/link/react-devtools font-weight:bold @ http://localhost:3000/_next/static/chunks/node_modules_react-dom_0bruynb._.js:15305
[ 1133386ms] Error: ./src/app/problem-sets/[id]/page.tsx:457:20
Unterminated regexp literal
  455 |                       GitHub에서 보기 →
  456 |                     </a>
> 457 |                   </div>
      |                    ^^^^^
  458 |                 </div>
  459 |               )
  460 |             )}

Parsing ecmascript source code failed

Import traces:
  Client Component Browser:
    ./src/app/problem-sets/[id]/page.tsx [Client Component Browser]
    ./src/app/problem-sets/[id]/page.tsx [Server Component]

  Client Component SSR:
    ./src/app/problem-sets/[id]/page.tsx [Client Component SSR]
    ./src/app/problem-sets/[id]/page.tsx [Server Component]


    at <unknown> (Error: ./src/app/problem-sets/[id]/page.tsx:457:20)
    at Object.getCompilationErrors (file://C:\Users\이젠\Downloads\Proov\node_modules\next\dist\server\dev\hot-reloader-turbopack.js:1186:59)
    at DevBundlerService.getCompilationError (file://C:\Users\이젠\Downloads\Proov\node_modules\next\dist\server\lib\dev-bundler-service.js:44:55)
    at DevServer.getCompilationError (file://C:\Users\이젠\Downloads\Proov\node_modules\next\dist\server\dev\next-dev-server.js:720:42)
    at DevServer.findPageComponents (file://C:\Users\이젠\Downloads\Proov\node_modules\next\dist\server\dev\next-dev-server.js:690:43)
    at async DevServer.renderErrorToResponseImpl (file://C:\Users\이젠\Downloads\Proov\node_modules\next\dist\server\base-server.js:1753:26)
[ 1133392ms] [LOG] [HMR] connected @ http://localhost:3000/_next/static/chunks/node_modules_next_dist_0u_w_5s._.js:1226
[ 1133410ms] [ERROR] ./src/app/problem-sets/[id]/page.tsx:457:20
Unterminated regexp literal
  455 |                       GitHub에서 보기 →
  456 |                     </a>
> 457 |                   </div>
      |                    ^^^^^
  458 |                 </div>
  459 |               )
  460 |             )}

Parsing ecmascript source code failed

Import traces:
  Client Component Browser:
    ./src/app/problem-sets/[id]/page.tsx [Client Component Browser]
    ./src/app/problem-sets/[id]/page.tsx [Server Component]

  Client Component SSR:
    ./src/app/problem-sets/[id]/page.tsx [Client Component SSR]
    ./src/app/problem-sets/[id]/page.tsx [Server Component] @ http://localhost:3000/_next/static/chunks/node_modules_next_dist_0u_w_5s._.js:1945
[ 1133501ms] [LOG] [Fast Refresh] rebuilding @ http://localhost:3000/_next/static/chunks/node_modules_next_dist_0u_w_5s._.js:1226
[ 1133502ms] [ERROR] ./src/app/problem-sets/[id]/page.tsx:457:20
Unterminated regexp literal
  455 |                       GitHub에서 보기 →
  456 |                     </a>
> 457 |                   </div>
      |                    ^^^^^
  458 |                 </div>
  459 |               )
  460 |             )}

Parsing ecmascript source code failed

Import traces:
  Client Component Browser:
    ./src/app/problem-sets/[id]/page.tsx [Client Component Browser]
    ./src/app/problem-sets/[id]/page.tsx [Server Component]

  Client Component SSR:
    ./src/app/problem-sets/[id]/page.tsx [Client Component SSR]
    ./src/app/problem-sets/[id]/page.tsx [Server Component] @ http://localhost:3000/_next/static/chunks/node_modules_next_dist_0u_w_5s._.js:1945
[ 1133581ms] [ERROR] ./src/app/problem-sets/[id]/page.tsx:457:20
Unterminated regexp literal
  455 |                       GitHub에서 보기 →
  456 |                     </a>
> 457 |                   </div>
      |                    ^^^^^
  458 |                 </div>
  459 |               )
  460 |             )}

Parsing ecmascript source code failed

Import traces:
  Client Component Browser:
    ./src/app/problem-sets/[id]/page.tsx [Client Component Browser]
    ./src/app/problem-sets/[id]/page.tsx [Server Component]

  Client Component SSR:
    ./src/app/problem-sets/[id]/page.tsx [Client Component SSR]
    ./src/app/problem-sets/[id]/page.tsx [Server Component] @ http://localhost:3000/_next/static/chunks/node_modules_next_dist_0u_w_5s._.js:1945
[ 1133642ms] [ERROR] ./src/app/problem-sets/[id]/page.tsx:457:20
Unterminated regexp literal
  455 |                       GitHub에서 보기 →
  456 |                     </a>
> 457 |                   </div>
      |                    ^^^^^
  458 |                 </div>
  459 |               )
  460 |             )}

Parsing ecmascript source code failed

Import traces:
  Client Component Browser:
    ./src/app/problem-sets/[id]/page.tsx [Client Component Browser]
    ./src/app/problem-sets/[id]/page.tsx [Server Component]

  Client Component SSR:
    ./src/app/problem-sets/[id]/page.tsx [Client Component SSR]
    ./src/app/problem-sets/[id]/page.tsx [Server Component] @ http://localhost:3000/_next/static/chunks/node_modules_next_dist_0u_w_5s._.js:1945
[ 1133706ms] [ERROR] ./src/app/problem-sets/[id]/page.tsx:457:20
Unterminated regexp literal
  455 |                       GitHub에서 보기 →
  456 |                     </a>
> 457 |                   </div>
      |                    ^^^^^
  458 |                 </div>
  459 |               )
  460 |             )}

Parsing ecmascript source code failed

Import traces:
  Client Component Browser:
    ./src/app/problem-sets/[id]/page.tsx [Client Component Browser]
    ./src/app/problem-sets/[id]/page.tsx [Server Component]

  Client Component SSR:
    ./src/app/problem-sets/[id]/page.tsx [Client Component SSR]
    ./src/app/problem-sets/[id]/page.tsx [Server Component] @ http://localhost:3000/_next/static/chunks/node_modules_next_dist_0u_w_5s._.js:1945
[ 1133764ms] [ERROR] ./src/app/problem-sets/[id]/page.tsx:457:20
Unterminated regexp literal
  455 |                       GitHub에서 보기 →
  456 |                     </a>
> 457 |                   </div>
      |                    ^^^^^
  458 |                 </div>
  459 |               )
  460 |             )}

Parsing ecmascript source code failed

Import traces:
  Client Component Browser:
    ./src/app/problem-sets/[id]/page.tsx [Client Component Browser]
    ./src/app/problem-sets/[id]/page.tsx [Server Component]

  Client Component SSR:
    ./src/app/problem-sets/[id]/page.tsx [Client Component SSR]
    ./src/app/problem-sets/[id]/page.tsx [Server Component] @ http://localhost:3000/_next/static/chunks/node_modules_next_dist_0u_w_5s._.js:1945
[ 1133830ms] [ERROR] ./src/app/problem-sets/[id]/page.tsx:457:20
Unterminated regexp literal
  455 |                       GitHub에서 보기 →
  456 |                     </a>
> 457 |                   </div>
      |                    ^^^^^
  458 |                 </div>
  459 |               )
  460 |             )}

Parsing ecmascript source code failed

Import traces:
  Client Component Browser:
    ./src/app/problem-sets/[id]/page.tsx [Client Component Browser]
    ./src/app/problem-sets/[id]/page.tsx [Server Component]

  Client Component SSR:
    ./src/app/problem-sets/[id]/page.tsx [Client Component SSR]
    ./src/app/problem-sets/[id]/page.tsx [Server Component] @ http://localhost:3000/_next/static/chunks/node_modules_next_dist_0u_w_5s._.js:1945
[ 1133891ms] [ERROR] ./src/app/problem-sets/[id]/page.tsx:457:20
Unterminated regexp literal
  455 |                       GitHub에서 보기 →
  456 |                     </a>
> 457 |                   </div>
      |                    ^^^^^
  458 |                 </div>
  459 |               )
  460 |             )}

Parsing ecmascript source code failed

Import traces:
  Client Component Browser:
    ./src/app/problem-sets/[id]/page.tsx [Client Component Browser]
    ./src/app/problem-sets/[id]/page.tsx [Server Component]

  Client Component SSR:
    ./src/app/problem-sets/[id]/page.tsx [Client Component SSR]
    ./src/app/problem-sets/[id]/page.tsx [Server Component] @ http://localhost:3000/_next/static/chunks/node_modules_next_dist_0u_w_5s._.js:1945
[ 1133946ms] [ERROR] ./src/app/problem-sets/[id]/page.tsx:457:20
Unterminated regexp literal
  455 |                       GitHub에서 보기 →
  456 |                     </a>
> 457 |                   </div>
      |                    ^^^^^
  458 |                 </div>
  459 |               )
  460 |             )}

Parsing ecmascript source code failed

Import traces:
  Client Component Browser:
    ./src/app/problem-sets/[id]/page.tsx [Client Component Browser]
    ./src/app/problem-sets/[id]/page.tsx [Server Component]

  Client Component SSR:
    ./src/app/problem-sets/[id]/page.tsx [Client Component SSR]
    ./src/app/problem-sets/[id]/page.tsx [Server Component] @ http://localhost:3000/_next/static/chunks/node_modules_next_dist_0u_w_5s._.js:1945
[ 1134012ms] [ERROR] ./src/app/problem-sets/[id]/page.tsx:457:20
Unterminated regexp literal
  455 |                       GitHub에서 보기 →
  456 |                     </a>
> 457 |                   </div>
      |                    ^^^^^
  458 |                 </div>
  459 |               )
  460 |             )}

Parsing ecmascript source code failed

Import traces:
  Client Component Browser:
    ./src/app/problem-sets/[id]/page.tsx [Client Component Browser]
    ./src/app/problem-sets/[id]/page.tsx [Server Component]

  Client Component SSR:
    ./src/app/problem-sets/[id]/page.tsx [Client Component SSR]
    ./src/app/problem-sets/[id]/page.tsx [Server Component] @ http://localhost:3000/_next/static/chunks/node_modules_next_dist_0u_w_5s._.js:1945
[ 1134075ms] [ERROR] ./src/app/problem-sets/[id]/page.tsx:457:20
Unterminated regexp literal
  455 |                       GitHub에서 보기 →
  456 |                     </a>
> 457 |                   </div>
      |                    ^^^^^
  458 |                 </div>
  459 |               )
  460 |             )}

Parsing ecmascript source code failed

Import traces:
  Client Component Browser:
    ./src/app/problem-sets/[id]/page.tsx [Client Component Browser]
    ./src/app/problem-sets/[id]/page.tsx [Server Component]

  Client Component SSR:
    ./src/app/problem-sets/[id]/page.tsx [Client Component SSR]
    ./src/app/problem-sets/[id]/page.tsx [Server Component] @ http://localhost:3000/_next/static/chunks/node_modules_next_dist_0u_w_5s._.js:1945
[ 1134130ms] [ERROR] ./src/app/problem-sets/[id]/page.tsx:457:20
Unterminated regexp literal
  455 |                       GitHub에서 보기 →
  456 |                     </a>
> 457 |                   </div>
      |                    ^^^^^
  458 |                 </div>
  459 |               )
  460 |             )}

Parsing ecmascript source code failed

Import traces:
  Client Component Browser:
    ./src/app/problem-sets/[id]/page.tsx [Client Component Browser]
    ./src/app/problem-sets/[id]/page.tsx [Server Component]

  Client Component SSR:
    ./src/app/problem-sets/[id]/page.tsx [Client Component SSR]
    ./src/app/problem-sets/[id]/page.tsx [Server Component] @ http://localhost:3000/_next/static/chunks/node_modules_next_dist_0u_w_5s._.js:1945
[ 1134197ms] [ERROR] ./src/app/problem-sets/[id]/page.tsx:457:20
Unterminated regexp literal
  455 |                       GitHub에서 보기 →
  456 |                     </a>
> 457 |                   </div>
      |                    ^^^^^
  458 |                 </div>
  459 |               )
  460 |             )}

Parsing ecmascript source code failed

Import traces:
  Client Component Browser:
    ./src/app/problem-sets/[id]/page.tsx [Client Component Browser]
    ./src/app/problem-sets/[id]/page.tsx [Server Component]

  Client Component SSR:
    ./src/app/problem-sets/[id]/page.tsx [Client Component SSR]
    ./src/app/problem-sets/[id]/page.tsx [Server Component] @ http://localhost:3000/_next/static/chunks/node_modules_next_dist_0u_w_5s._.js:1945
[ 1134262ms] [ERROR] ./src/app/problem-sets/[id]/page.tsx:457:20
Unterminated regexp literal
  455 |                       GitHub에서 보기 →
  456 |                     </a>
> 457 |                   </div>
      |                    ^^^^^
  458 |                 </div>
  459 |               )
  460 |             )}

Parsing ecmascript source code failed

Import traces:
  Client Component Browser:
    ./src/app/problem-sets/[id]/page.tsx [Client Component Browser]
    ./src/app/problem-sets/[id]/page.tsx [Server Component]

  Client Component SSR:
    ./src/app/problem-sets/[id]/page.tsx [Client Component SSR]
    ./src/app/problem-sets/[id]/page.tsx [Server Component] @ http://localhost:3000/_next/static/chunks/node_modules_next_dist_0u_w_5s._.js:1945
[ 1134329ms] [ERROR] ./src/app/problem-sets/[id]/page.tsx:457:20
Unterminated regexp literal
  455 |                       GitHub에서 보기 →
  456 |                     </a>
> 457 |                   </div>
      |                    ^^^^^
  458 |                 </div>
  459 |               )
  460 |             )}

Parsing ecmascript source code failed

Import traces:
  Client Component Browser:
    ./src/app/problem-sets/[id]/page.tsx [Client Component Browser]
    ./src/app/problem-sets/[id]/page.tsx [Server Component]

  Client Component SSR:
    ./src/app/problem-sets/[id]/page.tsx [Client Component SSR]
    ./src/app/problem-sets/[id]/page.tsx [Server Component] @ http://localhost:3000/_next/static/chunks/node_modules_next_dist_0u_w_5s._.js:1945
[ 1134396ms] [ERROR] ./src/app/problem-sets/[id]/page.tsx:457:20
Unterminated regexp literal
  455 |                       GitHub에서 보기 →
  456 |                     </a>
> 457 |                   </div>
      |                    ^^^^^
  458 |                 </div>
  459 |               )
  460 |             )}

Parsing ecmascript source code failed

Import traces:
  Client Component Browser:
    ./src/app/problem-sets/[id]/page.tsx [Client Component Browser]
    ./src/app/problem-sets/[id]/page.tsx [Server Component]

  Client Component SSR:
    ./src/app/problem-sets/[id]/page.tsx [Client Component SSR]
    ./src/app/problem-sets/[id]/page.tsx [Server Component] @ http://localhost:3000/_next/static/chunks/node_modules_next_dist_0u_w_5s._.js:1945
[ 1134462ms] [ERROR] ./src/app/problem-sets/[id]/page.tsx:457:20
Unterminated regexp literal
  455 |                       GitHub에서 보기 →
  456 |                     </a>
> 457 |                   </div>
      |                    ^^^^^
  458 |                 </div>
  459 |               )
  460 |             )}

Parsing ecmascript source code failed

Import traces:
  Client Component Browser:
    ./src/app/problem-sets/[id]/page.tsx [Client Component Browser]
    ./src/app/problem-sets/[id]/page.tsx [Server Component]

  Client Component SSR:
    ./src/app/problem-sets/[id]/page.tsx [Client Component SSR]
    ./src/app/problem-sets/[id]/page.tsx [Server Component] @ http://localhost:3000/_next/static/chunks/node_modules_next_dist_0u_w_5s._.js:1945
[ 1134530ms] [ERROR] ./src/app/problem-sets/[id]/page.tsx:457:20
Unterminated regexp literal
  455 |                       GitHub에서 보기 →
  456 |                     </a>
> 457 |                   </div>
      |                    ^^^^^
  458 |                 </div>
  459 |               )
  460 |             )}

Parsing ecmascript source code failed

Import traces:
  Client Component Browser:
    ./src/app/problem-sets/[id]/page.tsx [Client Component Browser]
    ./src/app/problem-sets/[id]/page.tsx [Server Component]

  Client Component SSR:
    ./src/app/problem-sets/[id]/page.tsx [Client Component SSR]
    ./src/app/problem-sets/[id]/page.tsx [Server Component] @ http://localhost:3000/_next/static/chunks/node_modules_next_dist_0u_w_5s._.js:1945
[ 1134597ms] [ERROR] ./src/app/problem-sets/[id]/page.tsx:457:20
Unterminated regexp literal
  455 |                       GitHub에서 보기 →
  456 |                     </a>
> 457 |                   </div>
      |                    ^^^^^
  458 |                 </div>
  459 |               )
  460 |             )}

Parsing ecmascript source code failed

Import traces:
  Client Component Browser:
    ./src/app/problem-sets/[id]/page.tsx [Client Component Browser]
    ./src/app/problem-sets/[id]/page.tsx [Server Component]

  Client Component SSR:
    ./src/app/problem-sets/[id]/page.tsx [Client Component SSR]
    ./src/app/problem-sets/[id]/page.tsx [Server Component] @ http://localhost:3000/_next/static/chunks/node_modules_next_dist_0u_w_5s._.js:1945
[ 1134662ms] [ERROR] ./src/app/problem-sets/[id]/page.tsx:457:20
Unterminated regexp literal
  455 |                       GitHub에서 보기 →
  456 |                     </a>
> 457 |                   </div>
      |                    ^^^^^
  458 |                 </div>
  459 |               )
  460 |             )}

Parsing ecmascript source code failed

Import traces:
  Client Component Browser:
    ./src/app/problem-sets/[id]/page.tsx [Client Component Browser]
    ./src/app/problem-sets/[id]/page.tsx [Server Component]

  Client Component SSR:
    ./src/app/problem-sets/[id]/page.tsx [Client Component SSR]
    ./src/app/problem-sets/[id]/page.tsx [Server Component] @ http://localhost:3000/_next/static/chunks/node_modules_next_dist_0u_w_5s._.js:1945
[ 1134714ms] [ERROR] ./src/app/problem-sets/[id]/page.tsx:457:20
Unterminated regexp literal
  455 |                       GitHub에서 보기 →
  456 |                     </a>
> 457 |                   </div>
      |                    ^^^^^
  458 |                 </div>
  459 |               )
  460 |             )}

Parsing ecmascript source code failed

Import traces:
  Client Component Browser:
    ./src/app/problem-sets/[id]/page.tsx [Client Component Browser]
    ./src/app/problem-sets/[id]/page.tsx [Server Component]

  Client Component SSR:
    ./src/app/problem-sets/[id]/page.tsx [Client Component SSR]
    ./src/app/problem-sets/[id]/page.tsx [Server Component] @ http://localhost:3000/_next/static/chunks/node_modules_next_dist_0u_w_5s._.js:1945
[ 1134777ms] [ERROR] ./src/app/problem-sets/[id]/page.tsx:457:20
Unterminated regexp literal
  455 |                       GitHub에서 보기 →
  456 |                     </a>
> 457 |                   </div>
      |                    ^^^^^
  458 |                 </div>
  459 |               )
  460 |             )}

Parsing ecmascript source code failed

Import traces:
  Client Component Browser:
    ./src/app/problem-sets/[id]/page.tsx [Client Component Browser]
    ./src/app/problem-sets/[id]/page.tsx [Server Component]

  Client Component SSR:
    ./src/app/problem-sets/[id]/page.tsx [Client Component SSR]
    ./src/app/problem-sets/[id]/page.tsx [Server Component] @ http://localhost:3000/_next/static/chunks/node_modules_next_dist_0u_w_5s._.js:1945
[ 1134830ms] [ERROR] ./src/app/problem-sets/[id]/page.tsx:457:20
Unterminated regexp literal
  455 |                       GitHub에서 보기 →
  456 |                     </a>
> 457 |                   </div>
      |                    ^^^^^
  458 |                 </div>
  459 |               )
  460 |             )}

Parsing ecmascript source code failed

Import traces:
  Client Component Browser:
    ./src/app/problem-sets/[id]/page.tsx [Client Component Browser]
    ./src/app/problem-sets/[id]/page.tsx [Server Component]

  Client Component SSR:
    ./src/app/problem-sets/[id]/page.tsx [Client Component SSR]
    ./src/app/problem-sets/[id]/page.tsx [Server Component] @ http://localhost:3000/_next/static/chunks/node_modules_next_dist_0u_w_5s._.js:1945
[ 1134896ms] [ERROR] ./src/app/problem-sets/[id]/page.tsx:457:20
Unterminated regexp literal
  455 |                       GitHub에서 보기 →
  456 |                     </a>
> 457 |                   </div>
      |                    ^^^^^
  458 |                 </div>
  459 |               )
  460 |             )}

Parsing ecmascript source code failed

Import traces:
  Client Component Browser:
    ./src/app/problem-sets/[id]/page.tsx [Client Component Browser]
    ./src/app/problem-sets/[id]/page.tsx [Server Component]

  Client Component SSR:
    ./src/app/problem-sets/[id]/page.tsx [Client Component SSR]
    ./src/app/problem-sets/[id]/page.tsx [Server Component] @ http://localhost:3000/_next/static/chunks/node_modules_next_dist_0u_w_5s._.js:1945
[ 1134966ms] [ERROR] ./src/app/problem-sets/[id]/page.tsx:457:20
Unterminated regexp literal
  455 |                       GitHub에서 보기 →
  456 |                     </a>
> 457 |                   </div>
      |                    ^^^^^
  458 |                 </div>
  459 |               )
  460 |             )}

Parsing ecmascript source code failed

Import traces:
  Client Component Browser:
    ./src/app/problem-sets/[id]/page.tsx [Client Component Browser]
    ./src/app/problem-sets/[id]/page.tsx [Server Component]

  Client Component SSR:
    ./src/app/problem-sets/[id]/page.tsx [Client Component SSR]
    ./src/app/problem-sets/[id]/page.tsx [Server Component] @ http://localhost:3000/_next/static/chunks/node_modules_next_dist_0u_w_5s._.js:1945
[ 1135031ms] [ERROR] ./src/app/problem-sets/[id]/page.tsx:457:20
Unterminated regexp literal
  455 |                       GitHub에서 보기 →
  456 |                     </a>
> 457 |                   </div>
      |                    ^^^^^
  458 |                 </div>
  459 |               )
  460 |             )}

Parsing ecmascript source code failed

Import traces:
  Client Component Browser:
    ./src/app/problem-sets/[id]/page.tsx [Client Component Browser]
    ./src/app/problem-sets/[id]/page.tsx [Server Component]

  Client Component SSR:
    ./src/app/problem-sets/[id]/page.tsx [Client Component SSR]
    ./src/app/problem-sets/[id]/page.tsx [Server Component] @ http://localhost:3000/_next/static/chunks/node_modules_next_dist_0u_w_5s._.js:1945
[ 1135096ms] [ERROR] ./src/app/problem-sets/[id]/page.tsx:457:20
Unterminated regexp literal
  455 |                       GitHub에서 보기 →
  456 |                     </a>
> 457 |                   </div>
      |                    ^^^^^
  458 |                 </div>
  459 |               )
  460 |             )}

Parsing ecmascript source code failed

Import traces:
  Client Component Browser:
    ./src/app/problem-sets/[id]/page.tsx [Client Component Browser]
    ./src/app/problem-sets/[id]/page.tsx [Server Component]

  Client Component SSR:
    ./src/app/problem-sets/[id]/page.tsx [Client Component SSR]
    ./src/app/problem-sets/[id]/page.tsx [Server Component] @ http://localhost:3000/_next/static/chunks/node_modules_next_dist_0u_w_5s._.js:1945
[ 1135148ms] [ERROR] ./src/app/problem-sets/[id]/page.tsx:457:20
Unterminated regexp literal
  455 |                       GitHub에서 보기 →
  456 |                     </a>
> 457 |                   </div>
      |                    ^^^^^
  458 |                 </div>
  459 |               )
  460 |             )}

Parsing ecmascript source code failed

Import traces:
  Client Component Browser:
    ./src/app/problem-sets/[id]/page.tsx [Client Component Browser]
    ./src/app/problem-sets/[id]/page.tsx [Server Component]

  Client Component SSR:
    ./src/app/problem-sets/[id]/page.tsx [Client Component SSR]
    ./src/app/problem-sets/[id]/page.tsx [Server Component] @ http://localhost:3000/_next/static/chunks/node_modules_next_dist_0u_w_5s._.js:1945
[ 1135207ms] [ERROR] ./src/app/problem-sets/[id]/page.tsx:457:20
Unterminated regexp literal
  455 |                       GitHub에서 보기 →
  456 |                     </a>
> 457 |                   </div>
      |                    ^^^^^
  458 |                 </div>
  459 |               )
  460 |             )}

Parsing ecmascript source code failed

Import traces:
  Client Component Browser:
    ./src/app/problem-sets/[id]/page.tsx [Client Component Browser]
    ./src/app/problem-sets/[id]/page.tsx [Server Component]

  Client Component SSR:
    ./src/app/problem-sets/[id]/page.tsx [Client Component SSR]
    ./src/app/problem-sets/[id]/page.tsx [Server Component] @ http://localhost:3000/_next/static/chunks/node_modules_next_dist_0u_w_5s._.js:1945
[ 1135267ms] [ERROR] ./src/app/problem-sets/[id]/page.tsx:457:20
Unterminated regexp literal
  455 |                       GitHub에서 보기 →
  456 |                     </a>
> 457 |                   </div>
      |                    ^^^^^
  458 |                 </div>
  459 |               )
  460 |             )}

Parsing ecmascript source code failed

Import traces:
  Client Component Browser:
    ./src/app/problem-sets/[id]/page.tsx [Client Component Browser]
    ./src/app/problem-sets/[id]/page.tsx [Server Component]

  Client Component SSR:
    ./src/app/problem-sets/[id]/page.tsx [Client Component SSR]
    ./src/app/problem-sets/[id]/page.tsx [Server Component] @ http://localhost:3000/_next/static/chunks/node_modules_next_dist_0u_w_5s._.js:1945
[ 1135331ms] [ERROR] ./src/app/problem-sets/[id]/page.tsx:457:20
Unterminated regexp literal
  455 |                       GitHub에서 보기 →
  456 |                     </a>
> 457 |                   </div>
      |                    ^^^^^
  458 |                 </div>
  459 |               )
  460 |             )}

Parsing ecmascript source code failed

Import traces:
  Client Component Browser:
    ./src/app/problem-sets/[id]/page.tsx [Client Component Browser]
    ./src/app/problem-sets/[id]/page.tsx [Server Component]

  Client Component SSR:
    ./src/app/problem-sets/[id]/page.tsx [Client Component SSR]
    ./src/app/problem-sets/[id]/page.tsx [Server Component] @ http://localhost:3000/_next/static/chunks/node_modules_next_dist_0u_w_5s._.js:1945
[ 1135393ms] [ERROR] ./src/app/problem-sets/[id]/page.tsx:457:20
Unterminated regexp literal
  455 |                       GitHub에서 보기 →
  456 |                     </a>
> 457 |                   </div>
      |                    ^^^^^
  458 |                 </div>
  459 |               )
  460 |             )}

Parsing ecmascript source code failed

Import traces:
  Client Component Browser:
    ./src/app/problem-sets/[id]/page.tsx [Client Component Browser]
    ./src/app/problem-sets/[id]/page.tsx [Server Component]

  Client Component SSR:
    ./src/app/problem-sets/[id]/page.tsx [Client Component SSR]
    ./src/app/problem-sets/[id]/page.tsx [Server Component] @ http://localhost:3000/_next/static/chunks/node_modules_next_dist_0u_w_5s._.js:1945
[ 1135448ms] [ERROR] ./src/app/problem-sets/[id]/page.tsx:457:20
Unterminated regexp literal
  455 |                       GitHub에서 보기 →
  456 |                     </a>
> 457 |                   </div>
      |                    ^^^^^
  458 |                 </div>
  459 |               )
  460 |             )}

Parsing ecmascript source code failed

Import traces:
  Client Component Browser:
    ./src/app/problem-sets/[id]/page.tsx [Client Component Browser]
    ./src/app/problem-sets/[id]/page.tsx [Server Component]

  Client Component SSR:
    ./src/app/problem-sets/[id]/page.tsx [Client Component SSR]
    ./src/app/problem-sets/[id]/page.tsx [Server Component] @ http://localhost:3000/_next/static/chunks/node_modules_next_dist_0u_w_5s._.js:1945
[ 1135515ms] [ERROR] ./src/app/problem-sets/[id]/page.tsx:457:20
Unterminated regexp literal
  455 |                       GitHub에서 보기 →
  456 |                     </a>
> 457 |                   </div>
      |                    ^^^^^
  458 |                 </div>
  459 |               )
  460 |             )}

Parsing ecmascript source code failed

Import traces:
  Client Component Browser:
    ./src/app/problem-sets/[id]/page.tsx [Client Component Browser]
    ./src/app/problem-sets/[id]/page.tsx [Server Component]

  Client Component SSR:
    ./src/app/problem-sets/[id]/page.tsx [Client Component SSR]
    ./src/app/problem-sets/[id]/page.tsx [Server Component] @ http://localhost:3000/_next/static/chunks/node_modules_next_dist_0u_w_5s._.js:1945
[ 1135577ms] [ERROR] ./src/app/problem-sets/[id]/page.tsx:457:20
Unterminated regexp literal
  455 |                       GitHub에서 보기 →
  456 |                     </a>
> 457 |                   </div>
      |                    ^^^^^
  458 |                 </div>
  459 |               )
  460 |             )}

Parsing ecmascript source code failed

Import traces:
  Client Component Browser:
    ./src/app/problem-sets/[id]/page.tsx [Client Component Browser]
    ./src/app/problem-sets/[id]/page.tsx [Server Component]

  Client Component SSR:
    ./src/app/problem-sets/[id]/page.tsx [Client Component SSR]
    ./src/app/problem-sets/[id]/page.tsx [Server Component] @ http://localhost:3000/_next/static/chunks/node_modules_next_dist_0u_w_5s._.js:1945
[ 1135638ms] [ERROR] ./src/app/problem-sets/[id]/page.tsx:457:20
Unterminated regexp literal
  455 |                       GitHub에서 보기 →
  456 |                     </a>
> 457 |                   </div>
      |                    ^^^^^
  458 |                 </div>
  459 |               )
  460 |             )}

Parsing ecmascript source code failed

Import traces:
  Client Component Browser:
    ./src/app/problem-sets/[id]/page.tsx [Client Component Browser]
    ./src/app/problem-sets/[id]/page.tsx [Server Component]

  Client Component SSR:
    ./src/app/problem-sets/[id]/page.tsx [Client Component SSR]
    ./src/app/problem-sets/[id]/page.tsx [Server Component] @ http://localhost:3000/_next/static/chunks/node_modules_next_dist_0u_w_5s._.js:1945
[ 1135696ms] [ERROR] ./src/app/problem-sets/[id]/page.tsx:457:20
Unterminated regexp literal
  455 |                       GitHub에서 보기 →
  456 |                     </a>
> 457 |                   </div>
      |                    ^^^^^
  458 |                 </div>
  459 |               )
  460 |             )}

Parsing ecmascript source code failed

Import traces:
  Client Component Browser:
    ./src/app/problem-sets/[id]/page.tsx [Client Component Browser]
    ./src/app/problem-sets/[id]/page.tsx [Server Component]

  Client Component SSR:
    ./src/app/problem-sets/[id]/page.tsx [Client Component SSR]
    ./src/app/problem-sets/[id]/page.tsx [Server Component] @ http://localhost:3000/_next/static/chunks/node_modules_next_dist_0u_w_5s._.js:1945
[ 1135756ms] [ERROR] ./src/app/problem-sets/[id]/page.tsx:457:20
Unterminated regexp literal
  455 |                       GitHub에서 보기 →
  456 |                     </a>
> 457 |                   </div>
      |                    ^^^^^
  458 |                 </div>
  459 |               )
  460 |             )}

Parsing ecmascript source code failed

Import traces:
  Client Component Browser:
    ./src/app/problem-sets/[id]/page.tsx [Client Component Browser]
    ./src/app/problem-sets/[id]/page.tsx [Server Component]

  Client Component SSR:
    ./src/app/problem-sets/[id]/page.tsx [Client Component SSR]
    ./src/app/problem-sets/[id]/page.tsx [Server Component] @ http://localhost:3000/_next/static/chunks/node_modules_next_dist_0u_w_5s._.js:1945
[ 1135813ms] [ERROR] ./src/app/problem-sets/[id]/page.tsx:457:20
Unterminated regexp literal
  455 |                       GitHub에서 보기 →
  456 |                     </a>
> 457 |                   </div>
      |                    ^^^^^
  458 |                 </div>
  459 |               )
  460 |             )}

Parsing ecmascript source code failed

Import traces:
  Client Component Browser:
    ./src/app/problem-sets/[id]/page.tsx [Client Component Browser]
    ./src/app/problem-sets/[id]/page.tsx [Server Component]

  Client Component SSR:
    ./src/app/problem-sets/[id]/page.tsx [Client Component SSR]
    ./src/app/problem-sets/[id]/page.tsx [Server Component] @ http://localhost:3000/_next/static/chunks/node_modules_next_dist_0u_w_5s._.js:1945
[ 1135880ms] [ERROR] ./src/app/problem-sets/[id]/page.tsx:457:20
Unterminated regexp literal
  455 |                       GitHub에서 보기 →
  456 |                     </a>
> 457 |                   </div>
      |                    ^^^^^
  458 |                 </div>
  459 |               )
  460 |             )}

Parsing ecmascript source code failed

Import traces:
  Client Component Browser:
    ./src/app/problem-sets/[id]/page.tsx [Client Component Browser]
    ./src/app/problem-sets/[id]/page.tsx [Server Component]

  Client Component SSR:
    ./src/app/problem-sets/[id]/page.tsx [Client Component SSR]
    ./src/app/problem-sets/[id]/page.tsx [Server Component] @ http://localhost:3000/_next/static/chunks/node_modules_next_dist_0u_w_5s._.js:1945
[ 1135947ms] [ERROR] ./src/app/problem-sets/[id]/page.tsx:457:20
Unterminated regexp literal
  455 |                       GitHub에서 보기 →
  456 |                     </a>
> 457 |                   </div>
      |                    ^^^^^
  458 |                 </div>
  459 |               )
  460 |             )}

Parsing ecmascript source code failed

Import traces:
  Client Component Browser:
    ./src/app/problem-sets/[id]/page.tsx [Client Component Browser]
    ./src/app/problem-sets/[id]/page.tsx [Server Component]

  Client Component SSR:
    ./src/app/problem-sets/[id]/page.tsx [Client Component SSR]
    ./src/app/problem-sets/[id]/page.tsx [Server Component] @ http://localhost:3000/_next/static/chunks/node_modules_next_dist_0u_w_5s._.js:1945
[ 1136012ms] [ERROR] ./src/app/problem-sets/[id]/page.tsx:457:20
Unterminated regexp literal
  455 |                       GitHub에서 보기 →
  456 |                     </a>
> 457 |                   </div>
      |                    ^^^^^
  458 |                 </div>
  459 |               )
  460 |             )}

Parsing ecmascript source code failed

Import traces:
  Client Component Browser:
    ./src/app/problem-sets/[id]/page.tsx [Client Component Browser]
    ./src/app/problem-sets/[id]/page.tsx [Server Component]

  Client Component SSR:
    ./src/app/problem-sets/[id]/page.tsx [Client Component SSR]
    ./src/app/problem-sets/[id]/page.tsx [Server Component] @ http://localhost:3000/_next/static/chunks/node_modules_next_dist_0u_w_5s._.js:1945
[ 1136077ms] [ERROR] ./src/app/problem-sets/[id]/page.tsx:457:20
Unterminated regexp literal
  455 |                       GitHub에서 보기 →
  456 |                     </a>
> 457 |                   </div>
      |                    ^^^^^
  458 |                 </div>
  459 |               )
  460 |             )}

Parsing ecmascript source code failed

Import traces:
  Client Component Browser:
    ./src/app/problem-sets/[id]/page.tsx [Client Component Browser]
    ./src/app/problem-sets/[id]/page.tsx [Server Component]

  Client Component SSR:
    ./src/app/problem-sets/[id]/page.tsx [Client Component SSR]
    ./src/app/problem-sets/[id]/page.tsx [Server Component] @ http://localhost:3000/_next/static/chunks/node_modules_next_dist_0u_w_5s._.js:1945
[ 1136145ms] [ERROR] ./src/app/problem-sets/[id]/page.tsx:457:20
Unterminated regexp literal
  455 |                       GitHub에서 보기 →
  456 |                     </a>
> 457 |                   </div>
      |                    ^^^^^
  458 |                 </div>
  459 |               )
  460 |             )}

Parsing ecmascript source code failed

Import traces:
  Client Component Browser:
    ./src/app/problem-sets/[id]/page.tsx [Client Component Browser]
    ./src/app/problem-sets/[id]/page.tsx [Server Component]

  Client Component SSR:
    ./src/app/problem-sets/[id]/page.tsx [Client Component SSR]
    ./src/app/problem-sets/[id]/page.tsx [Server Component] @ http://localhost:3000/_next/static/chunks/node_modules_next_dist_0u_w_5s._.js:1945
[ 1136214ms] [ERROR] ./src/app/problem-sets/[id]/page.tsx:457:20
Unterminated regexp literal
  455 |                       GitHub에서 보기 →
  456 |                     </a>
> 457 |                   </div>
      |                    ^^^^^
  458 |                 </div>
  459 |               )
  460 |             )}

Parsing ecmascript source code failed

Import traces:
  Client Component Browser:
    ./src/app/problem-sets/[id]/page.tsx [Client Component Browser]
    ./src/app/problem-sets/[id]/page.tsx [Server Component]

  Client Component SSR:
    ./src/app/problem-sets/[id]/page.tsx [Client Component SSR]
    ./src/app/problem-sets/[id]/page.tsx [Server Component] @ http://localhost:3000/_next/static/chunks/node_modules_next_dist_0u_w_5s._.js:1945
[ 1136280ms] [ERROR] ./src/app/problem-sets/[id]/page.tsx:457:20
Unterminated regexp literal
  455 |                       GitHub에서 보기 →
  456 |                     </a>
> 457 |                   </div>
      |                    ^^^^^
  458 |                 </div>
  459 |               )
  460 |             )}

Parsing ecmascript source code failed

Import traces:
  Client Component Browser:
    ./src/app/problem-sets/[id]/page.tsx [Client Component Browser]
    ./src/app/problem-sets/[id]/page.tsx [Server Component]

  Client Component SSR:
    ./src/app/problem-sets/[id]/page.tsx [Client Component SSR]
    ./src/app/problem-sets/[id]/page.tsx [Server Component] @ http://localhost:3000/_next/static/chunks/node_modules_next_dist_0u_w_5s._.js:1945
[ 1136346ms] [ERROR] ./src/app/problem-sets/[id]/page.tsx:457:20
Unterminated regexp literal
  455 |                       GitHub에서 보기 →
  456 |                     </a>
> 457 |                   </div>
      |                    ^^^^^
  458 |                 </div>
  459 |               )
  460 |             )}

Parsing ecmascript source code failed

Import traces:
  Client Component Browser:
    ./src/app/problem-sets/[id]/page.tsx [Client Component Browser]
    ./src/app/problem-sets/[id]/page.tsx [Server Component]

  Client Component SSR:
    ./src/app/problem-sets/[id]/page.tsx [Client Component SSR]
    ./src/app/problem-sets/[id]/page.tsx [Server Component] @ http://localhost:3000/_next/static/chunks/node_modules_next_dist_0u_w_5s._.js:1945
[ 1136413ms] [ERROR] ./src/app/problem-sets/[id]/page.tsx:457:20
Unterminated regexp literal
  455 |                       GitHub에서 보기 →
  456 |                     </a>
> 457 |                   </div>
      |                    ^^^^^
  458 |                 </div>
  459 |               )
  460 |             )}

Parsing ecmascript source code failed

Import traces:
  Client Component Browser:
    ./src/app/problem-sets/[id]/page.tsx [Client Component Browser]
    ./src/app/problem-sets/[id]/page.tsx [Server Component]

  Client Component SSR:
    ./src/app/problem-sets/[id]/page.tsx [Client Component SSR]
    ./src/app/problem-sets/[id]/page.tsx [Server Component] @ http://localhost:3000/_next/static/chunks/node_modules_next_dist_0u_w_5s._.js:1945
[ 1136479ms] [ERROR] ./src/app/problem-sets/[id]/page.tsx:457:20
Unterminated regexp literal
  455 |                       GitHub에서 보기 →
  456 |                     </a>
> 457 |                   </div>
      |                    ^^^^^
  458 |                 </div>
  459 |               )
  460 |             )}

Parsing ecmascript source code failed

Import traces:
  Client Component Browser:
    ./src/app/problem-sets/[id]/page.tsx [Client Component Browser]
    ./src/app/problem-sets/[id]/page.tsx [Server Component]

  Client Component SSR:
    ./src/app/problem-sets/[id]/page.tsx [Client Component SSR]
    ./src/app/problem-sets/[id]/page.tsx [Server Component] @ http://localhost:3000/_next/static/chunks/node_modules_next_dist_0u_w_5s._.js:1945
[ 1136546ms] [ERROR] ./src/app/problem-sets/[id]/page.tsx:457:20
Unterminated regexp literal
  455 |                       GitHub에서 보기 →
  456 |                     </a>
> 457 |                   </div>
      |                    ^^^^^
  458 |                 </div>
  459 |               )
  460 |             )}

Parsing ecmascript source code failed

Import traces:
  Client Component Browser:
    ./src/app/problem-sets/[id]/page.tsx [Client Component Browser]
    ./src/app/problem-sets/[id]/page.tsx [Server Component]

  Client Component SSR:
    ./src/app/problem-sets/[id]/page.tsx [Client Component SSR]
    ./src/app/problem-sets/[id]/page.tsx [Server Component] @ http://localhost:3000/_next/static/chunks/node_modules_next_dist_0u_w_5s._.js:1945
[ 1136607ms] [ERROR] ./src/app/problem-sets/[id]/page.tsx:457:20
Unterminated regexp literal
  455 |                       GitHub에서 보기 →
  456 |                     </a>
> 457 |                   </div>
      |                    ^^^^^
  458 |                 </div>
  459 |               )
  460 |             )}

Parsing ecmascript source code failed

Import traces:
  Client Component Browser:
    ./src/app/problem-sets/[id]/page.tsx [Client Component Browser]
    ./src/app/problem-sets/[id]/page.tsx [Server Component]

  Client Component SSR:
    ./src/app/problem-sets/[id]/page.tsx [Client Component SSR]
    ./src/app/problem-sets/[id]/page.tsx [Server Component] @ http://localhost:3000/_next/static/chunks/node_modules_next_dist_0u_w_5s._.js:1945
[ 1136664ms] [ERROR] ./src/app/problem-sets/[id]/page.tsx:457:20
Unterminated regexp literal
  455 |                       GitHub에서 보기 →
  456 |                     </a>
> 457 |                   </div>
      |                    ^^^^^
  458 |                 </div>
  459 |               )
  460 |             )}

Parsing ecmascript source code failed

Import traces:
  Client Component Browser:
    ./src/app/problem-sets/[id]/page.tsx [Client Component Browser]
    ./src/app/problem-sets/[id]/page.tsx [Server Component]

  Client Component SSR:
    ./src/app/problem-sets/[id]/page.tsx [Client Component SSR]
    ./src/app/problem-sets/[id]/page.tsx [Server Component] @ http://localhost:3000/_next/static/chunks/node_modules_next_dist_0u_w_5s._.js:1945
[ 1136730ms] [ERROR] ./src/app/problem-sets/[id]/page.tsx:457:20
Unterminated regexp literal
  455 |                       GitHub에서 보기 →
  456 |                     </a>
> 457 |                   </div>
      |                    ^^^^^
  458 |                 </div>
  459 |               )
  460 |             )}

Parsing ecmascript source code failed

Import traces:
  Client Component Browser:
    ./src/app/problem-sets/[id]/page.tsx [Client Component Browser]
    ./src/app/problem-sets/[id]/page.tsx [Server Component]

  Client Component SSR:
    ./src/app/problem-sets/[id]/page.tsx [Client Component SSR]
    ./src/app/problem-sets/[id]/page.tsx [Server Component] @ http://localhost:3000/_next/static/chunks/node_modules_next_dist_0u_w_5s._.js:1945
[ 1136796ms] [ERROR] ./src/app/problem-sets/[id]/page.tsx:457:20
Unterminated regexp literal
  455 |                       GitHub에서 보기 →
  456 |                     </a>
> 457 |                   </div>
      |                    ^^^^^
  458 |                 </div>
  459 |               )
  460 |             )}

Parsing ecmascript source code failed

Import traces:
  Client Component Browser:
    ./src/app/problem-sets/[id]/page.tsx [Client Component Browser]
    ./src/app/problem-sets/[id]/page.tsx [Server Component]

  Client Component SSR:
    ./src/app/problem-sets/[id]/page.tsx [Client Component SSR]
    ./src/app/problem-sets/[id]/page.tsx [Server Component] @ http://localhost:3000/_next/static/chunks/node_modules_next_dist_0u_w_5s._.js:1945
[ 1136863ms] [ERROR] ./src/app/problem-sets/[id]/page.tsx:457:20
Unterminated regexp literal
  455 |                       GitHub에서 보기 →
  456 |                     </a>
> 457 |                   </div>
      |                    ^^^^^
  458 |                 </div>
  459 |               )
  460 |             )}

Parsing ecmascript source code failed

Import traces:
  Client Component Browser:
    ./src/app/problem-sets/[id]/page.tsx [Client Component Browser]
    ./src/app/problem-sets/[id]/page.tsx [Server Component]

  Client Component SSR:
    ./src/app/problem-sets/[id]/page.tsx [Client Component SSR]
    ./src/app/problem-sets/[id]/page.tsx [Server Component] @ http://localhost:3000/_next/static/chunks/node_modules_next_dist_0u_w_5s._.js:1945
[ 1136929ms] [ERROR] ./src/app/problem-sets/[id]/page.tsx:457:20
Unterminated regexp literal
  455 |                       GitHub에서 보기 →
  456 |                     </a>
> 457 |                   </div>
      |                    ^^^^^
  458 |                 </div>
  459 |               )
  460 |             )}

Parsing ecmascript source code failed

Import traces:
  Client Component Browser:
    ./src/app/problem-sets/[id]/page.tsx [Client Component Browser]
    ./src/app/problem-sets/[id]/page.tsx [Server Component]

  Client Component SSR:
    ./src/app/problem-sets/[id]/page.tsx [Client Component SSR]
    ./src/app/problem-sets/[id]/page.tsx [Server Component] @ http://localhost:3000/_next/static/chunks/node_modules_next_dist_0u_w_5s._.js:1945
[ 1136996ms] [ERROR] ./src/app/problem-sets/[id]/page.tsx:457:20
Unterminated regexp literal
  455 |                       GitHub에서 보기 →
  456 |                     </a>
> 457 |                   </div>
      |                    ^^^^^
  458 |                 </div>
  459 |               )
  460 |             )}

Parsing ecmascript source code failed

Import traces:
  Client Component Browser:
    ./src/app/problem-sets/[id]/page.tsx [Client Component Browser]
    ./src/app/problem-sets/[id]/page.tsx [Server Component]

  Client Component SSR:
    ./src/app/problem-sets/[id]/page.tsx [Client Component SSR]
    ./src/app/problem-sets/[id]/page.tsx [Server Component] @ http://localhost:3000/_next/static/chunks/node_modules_next_dist_0u_w_5s._.js:1945
[ 1137063ms] [ERROR] ./src/app/problem-sets/[id]/page.tsx:457:20
Unterminated regexp literal
  455 |                       GitHub에서 보기 →
  456 |                     </a>
> 457 |                   </div>
      |                    ^^^^^
  458 |                 </div>
  459 |               )
  460 |             )}

Parsing ecmascript source code failed

Import traces:
  Client Component Browser:
    ./src/app/problem-sets/[id]/page.tsx [Client Component Browser]
    ./src/app/problem-sets/[id]/page.tsx [Server Component]

  Client Component SSR:
    ./src/app/problem-sets/[id]/page.tsx [Client Component SSR]
    ./src/app/problem-sets/[id]/page.tsx [Server Component] @ http://localhost:3000/_next/static/chunks/node_modules_next_dist_0u_w_5s._.js:1945
[ 1137127ms] [ERROR] ./src/app/problem-sets/[id]/page.tsx:457:20
Unterminated regexp literal
  455 |                       GitHub에서 보기 →
  456 |                     </a>
> 457 |                   </div>
      |                    ^^^^^
  458 |                 </div>
  459 |               )
  460 |             )}

Parsing ecmascript source code failed

Import traces:
  Client Component Browser:
    ./src/app/problem-sets/[id]/page.tsx [Client Component Browser]
    ./src/app/problem-sets/[id]/page.tsx [Server Component]

  Client Component SSR:
    ./src/app/problem-sets/[id]/page.tsx [Client Component SSR]
    ./src/app/problem-sets/[id]/page.tsx [Server Component] @ http://localhost:3000/_next/static/chunks/node_modules_next_dist_0u_w_5s._.js:1945
[ 1137181ms] [ERROR] ./src/app/problem-sets/[id]/page.tsx:457:20
Unterminated regexp literal
  455 |                       GitHub에서 보기 →
  456 |                     </a>
> 457 |                   </div>
      |                    ^^^^^
  458 |                 </div>
  459 |               )
  460 |             )}

Parsing ecmascript source code failed

Import traces:
  Client Component Browser:
    ./src/app/problem-sets/[id]/page.tsx [Client Component Browser]
    ./src/app/problem-sets/[id]/page.tsx [Server Component]

  Client Component SSR:
    ./src/app/problem-sets/[id]/page.tsx [Client Component SSR]
    ./src/app/problem-sets/[id]/page.tsx [Server Component] @ http://localhost:3000/_next/static/chunks/node_modules_next_dist_0u_w_5s._.js:1945
[ 1137249ms] [ERROR] ./src/app/problem-sets/[id]/page.tsx:457:20
Unterminated regexp literal
  455 |                       GitHub에서 보기 →
  456 |                     </a>
> 457 |                   </div>
      |                    ^^^^^
  458 |                 </div>
  459 |               )
  460 |             )}

Parsing ecmascript source code failed

Import traces:
  Client Component Browser:
    ./src/app/problem-sets/[id]/page.tsx [Client Component Browser]
    ./src/app/problem-sets/[id]/page.tsx [Server Component]

  Client Component SSR:
    ./src/app/problem-sets/[id]/page.tsx [Client Component SSR]
    ./src/app/problem-sets/[id]/page.tsx [Server Component] @ http://localhost:3000/_next/static/chunks/node_modules_next_dist_0u_w_5s._.js:1945
[ 1137314ms] [ERROR] ./src/app/problem-sets/[id]/page.tsx:457:20
Unterminated regexp literal
  455 |                       GitHub에서 보기 →
  456 |                     </a>
> 457 |                   </div>
      |                    ^^^^^
  458 |                 </div>
  459 |               )
  460 |             )}

Parsing ecmascript source code failed

Import traces:
  Client Component Browser:
    ./src/app/problem-sets/[id]/page.tsx [Client Component Browser]
    ./src/app/problem-sets/[id]/page.tsx [Server Component]

  Client Component SSR:
    ./src/app/problem-sets/[id]/page.tsx [Client Component SSR]
    ./src/app/problem-sets/[id]/page.tsx [Server Component] @ http://localhost:3000/_next/static/chunks/node_modules_next_dist_0u_w_5s._.js:1945
[ 1137382ms] [ERROR] ./src/app/problem-sets/[id]/page.tsx:457:20
Unterminated regexp literal
  455 |                       GitHub에서 보기 →
  456 |                     </a>
> 457 |                   </div>
      |                    ^^^^^
  458 |                 </div>
  459 |               )
  460 |             )}

Parsing ecmascript source code failed

Import traces:
  Client Component Browser:
    ./src/app/problem-sets/[id]/page.tsx [Client Component Browser]
    ./src/app/problem-sets/[id]/page.tsx [Server Component]

  Client Component SSR:
    ./src/app/problem-sets/[id]/page.tsx [Client Component SSR]
    ./src/app/problem-sets/[id]/page.tsx [Server Component] @ http://localhost:3000/_next/static/chunks/node_modules_next_dist_0u_w_5s._.js:1945
[ 1137446ms] [ERROR] ./src/app/problem-sets/[id]/page.tsx:457:20
Unterminated regexp literal
  455 |                       GitHub에서 보기 →
  456 |                     </a>
> 457 |                   </div>
      |                    ^^^^^
  458 |                 </div>
  459 |               )
  460 |             )}

Parsing ecmascript source code failed

Import traces:
  Client Component Browser:
    ./src/app/problem-sets/[id]/page.tsx [Client Component Browser]
    ./src/app/problem-sets/[id]/page.tsx [Server Component]

  Client Component SSR:
    ./src/app/problem-sets/[id]/page.tsx [Client Component SSR]
    ./src/app/problem-sets/[id]/page.tsx [Server Component] @ http://localhost:3000/_next/static/chunks/node_modules_next_dist_0u_w_5s._.js:1945
[ 1137499ms] [ERROR] ./src/app/problem-sets/[id]/page.tsx:457:20
Unterminated regexp literal
  455 |                       GitHub에서 보기 →
  456 |                     </a>
> 457 |                   </div>
      |                    ^^^^^
  458 |                 </div>
  459 |               )
  460 |             )}

Parsing ecmascript source code failed

Import traces:
  Client Component Browser:
    ./src/app/problem-sets/[id]/page.tsx [Client Component Browser]
    ./src/app/problem-sets/[id]/page.tsx [Server Component]

  Client Component SSR:
    ./src/app/problem-sets/[id]/page.tsx [Client Component SSR]
    ./src/app/problem-sets/[id]/page.tsx [Server Component] @ http://localhost:3000/_next/static/chunks/node_modules_next_dist_0u_w_5s._.js:1945
[ 1137563ms] [ERROR] ./src/app/problem-sets/[id]/page.tsx:457:20
Unterminated regexp literal
  455 |                       GitHub에서 보기 →
  456 |                     </a>
> 457 |                   </div>
      |                    ^^^^^
  458 |                 </div>
  459 |               )
  460 |             )}

Parsing ecmascript source code failed

Import traces:
  Client Component Browser:
    ./src/app/problem-sets/[id]/page.tsx [Client Component Browser]
    ./src/app/problem-sets/[id]/page.tsx [Server Component]

  Client Component SSR:
    ./src/app/problem-sets/[id]/page.tsx [Client Component SSR]
    ./src/app/problem-sets/[id]/page.tsx [Server Component] @ http://localhost:3000/_next/static/chunks/node_modules_next_dist_0u_w_5s._.js:1945
[ 1137624ms] [ERROR] ./src/app/problem-sets/[id]/page.tsx:457:20
Unterminated regexp literal
  455 |                       GitHub에서 보기 →
  456 |                     </a>
> 457 |                   </div>
      |                    ^^^^^
  458 |                 </div>
  459 |               )
  460 |             )}

Parsing ecmascript source code failed

Import traces:
  Client Component Browser:
    ./src/app/problem-sets/[id]/page.tsx [Client Component Browser]
    ./src/app/problem-sets/[id]/page.tsx [Server Component]

  Client Component SSR:
    ./src/app/problem-sets/[id]/page.tsx [Client Component SSR]
    ./src/app/problem-sets/[id]/page.tsx [Server Component] @ http://localhost:3000/_next/static/chunks/node_modules_next_dist_0u_w_5s._.js:1945
[ 1137687ms] [ERROR] ./src/app/problem-sets/[id]/page.tsx:457:20
Unterminated regexp literal
  455 |                       GitHub에서 보기 →
  456 |                     </a>
> 457 |                   </div>
      |                    ^^^^^
  458 |                 </div>
  459 |               )
  460 |             )}

Parsing ecmascript source code failed

Import traces:
  Client Component Browser:
    ./src/app/problem-sets/[id]/page.tsx [Client Component Browser]
    ./src/app/problem-sets/[id]/page.tsx [Server Component]

  Client Component SSR:
    ./src/app/problem-sets/[id]/page.tsx [Client Component SSR]
    ./src/app/problem-sets/[id]/page.tsx [Server Component] @ http://localhost:3000/_next/static/chunks/node_modules_next_dist_0u_w_5s._.js:1945
[ 1137749ms] [ERROR] ./src/app/problem-sets/[id]/page.tsx:457:20
Unterminated regexp literal
  455 |                       GitHub에서 보기 →
  456 |                     </a>
> 457 |                   </div>
      |                    ^^^^^
  458 |                 </div>
  459 |               )
  460 |             )}

Parsing ecmascript source code failed

Import traces:
  Client Component Browser:
    ./src/app/problem-sets/[id]/page.tsx [Client Component Browser]
    ./src/app/problem-sets/[id]/page.tsx [Server Component]

  Client Component SSR:
    ./src/app/problem-sets/[id]/page.tsx [Client Component SSR]
    ./src/app/problem-sets/[id]/page.tsx [Server Component] @ http://localhost:3000/_next/static/chunks/node_modules_next_dist_0u_w_5s._.js:1945
[ 1137814ms] [ERROR] ./src/app/problem-sets/[id]/page.tsx:457:20
Unterminated regexp literal
  455 |                       GitHub에서 보기 →
  456 |                     </a>
> 457 |                   </div>
      |                    ^^^^^
  458 |                 </div>
  459 |               )
  460 |             )}

Parsing ecmascript source code failed

Import traces:
  Client Component Browser:
    ./src/app/problem-sets/[id]/page.tsx [Client Component Browser]
    ./src/app/problem-sets/[id]/page.tsx [Server Component]

  Client Component SSR:
    ./src/app/problem-sets/[id]/page.tsx [Client Component SSR]
    ./src/app/problem-sets/[id]/page.tsx [Server Component] @ http://localhost:3000/_next/static/chunks/node_modules_next_dist_0u_w_5s._.js:1945
[ 1137865ms] [ERROR] ./src/app/problem-sets/[id]/page.tsx:457:20
Unterminated regexp literal
  455 |                       GitHub에서 보기 →
  456 |                     </a>
> 457 |                   </div>
      |                    ^^^^^
  458 |                 </div>
  459 |               )
  460 |             )}

Parsing ecmascript source code failed

Import traces:
  Client Component Browser:
    ./src/app/problem-sets/[id]/page.tsx [Client Component Browser]
    ./src/app/problem-sets/[id]/page.tsx [Server Component]

  Client Component SSR:
    ./src/app/problem-sets/[id]/page.tsx [Client Component SSR]
    ./src/app/problem-sets/[id]/page.tsx [Server Component] @ http://localhost:3000/_next/static/chunks/node_modules_next_dist_0u_w_5s._.js:1945
[ 1137928ms] [ERROR] ./src/app/problem-sets/[id]/page.tsx:457:20
Unterminated regexp literal
  455 |                       GitHub에서 보기 →
  456 |                     </a>
> 457 |                   </div>
      |                    ^^^^^
  458 |                 </div>
  459 |               )
  460 |             )}

Parsing ecmascript source code failed

Import traces:
  Client Component Browser:
    ./src/app/problem-sets/[id]/page.tsx [Client Component Browser]
    ./src/app/problem-sets/[id]/page.tsx [Server Component]

  Client Component SSR:
    ./src/app/problem-sets/[id]/page.tsx [Client Component SSR]
    ./src/app/problem-sets/[id]/page.tsx [Server Component] @ http://localhost:3000/_next/static/chunks/node_modules_next_dist_0u_w_5s._.js:1945
[ 1137981ms] [ERROR] ./src/app/problem-sets/[id]/page.tsx:457:20
Unterminated regexp literal
  455 |                       GitHub에서 보기 →
  456 |                     </a>
> 457 |                   </div>
      |                    ^^^^^
  458 |                 </div>
  459 |               )
  460 |             )}

Parsing ecmascript source code failed

Import traces:
  Client Component Browser:
    ./src/app/problem-sets/[id]/page.tsx [Client Component Browser]
    ./src/app/problem-sets/[id]/page.tsx [Server Component]

  Client Component SSR:
    ./src/app/problem-sets/[id]/page.tsx [Client Component SSR]
    ./src/app/problem-sets/[id]/page.tsx [Server Component] @ http://localhost:3000/_next/static/chunks/node_modules_next_dist_0u_w_5s._.js:1945
[ 1138042ms] [ERROR] ./src/app/problem-sets/[id]/page.tsx:457:20
Unterminated regexp literal
  455 |                       GitHub에서 보기 →
  456 |                     </a>
> 457 |                   </div>
      |                    ^^^^^
  458 |                 </div>
  459 |               )
  460 |             )}

Parsing ecmascript source code failed

Import traces:
  Client Component Browser:
    ./src/app/problem-sets/[id]/page.tsx [Client Component Browser]
    ./src/app/problem-sets/[id]/page.tsx [Server Component]

  Client Component SSR:
    ./src/app/problem-sets/[id]/page.tsx [Client Component SSR]
    ./src/app/problem-sets/[id]/page.tsx [Server Component] @ http://localhost:3000/_next/static/chunks/node_modules_next_dist_0u_w_5s._.js:1945
[ 1138107ms] [ERROR] ./src/app/problem-sets/[id]/page.tsx:457:20
Unterminated regexp literal
  455 |                       GitHub에서 보기 →
  456 |                     </a>
> 457 |                   </div>
      |                    ^^^^^
  458 |                 </div>
  459 |               )
  460 |             )}

Parsing ecmascript source code failed

Import traces:
  Client Component Browser:
    ./src/app/problem-sets/[id]/page.tsx [Client Component Browser]
    ./src/app/problem-sets/[id]/page.tsx [Server Component]

  Client Component SSR:
    ./src/app/problem-sets/[id]/page.tsx [Client Component SSR]
    ./src/app/problem-sets/[id]/page.tsx [Server Component] @ http://localhost:3000/_next/static/chunks/node_modules_next_dist_0u_w_5s._.js:1945
[ 1138164ms] [ERROR] ./src/app/problem-sets/[id]/page.tsx:457:20
Unterminated regexp literal
  455 |                       GitHub에서 보기 →
  456 |                     </a>
> 457 |                   </div>
      |                    ^^^^^
  458 |                 </div>
  459 |               )
  460 |             )}

Parsing ecmascript source code failed

Import traces:
  Client Component Browser:
    ./src/app/problem-sets/[id]/page.tsx [Client Component Browser]
    ./src/app/problem-sets/[id]/page.tsx [Server Component]

  Client Component SSR:
    ./src/app/problem-sets/[id]/page.tsx [Client Component SSR]
    ./src/app/problem-sets/[id]/page.tsx [Server Component] @ http://localhost:3000/_next/static/chunks/node_modules_next_dist_0u_w_5s._.js:1945
[ 1138228ms] [ERROR] ./src/app/problem-sets/[id]/page.tsx:457:20
Unterminated regexp literal
  455 |                       GitHub에서 보기 →
  456 |                     </a>
> 457 |                   </div>
      |                    ^^^^^
  458 |                 </div>
  459 |               )
  460 |             )}

Parsing ecmascript source code failed

Import traces:
  Client Component Browser:
    ./src/app/problem-sets/[id]/page.tsx [Client Component Browser]
    ./src/app/problem-sets/[id]/page.tsx [Server Component]

  Client Component SSR:
    ./src/app/problem-sets/[id]/page.tsx [Client Component SSR]
    ./src/app/problem-sets/[id]/page.tsx [Server Component] @ http://localhost:3000/_next/static/chunks/node_modules_next_dist_0u_w_5s._.js:1945
[ 1138282ms] [ERROR] ./src/app/problem-sets/[id]/page.tsx:457:20
Unterminated regexp literal
  455 |                       GitHub에서 보기 →
  456 |                     </a>
> 457 |                   </div>
      |                    ^^^^^
  458 |                 </div>
  459 |               )
  460 |             )}

Parsing ecmascript source code failed

Import traces:
  Client Component Browser:
    ./src/app/problem-sets/[id]/page.tsx [Client Component Browser]
    ./src/app/problem-sets/[id]/page.tsx [Server Component]

  Client Component SSR:
    ./src/app/problem-sets/[id]/page.tsx [Client Component SSR]
    ./src/app/problem-sets/[id]/page.tsx [Server Component] @ http://localhost:3000/_next/static/chunks/node_modules_next_dist_0u_w_5s._.js:1945
[ 1138336ms] [ERROR] ./src/app/problem-sets/[id]/page.tsx:457:20
Unterminated regexp literal
  455 |                       GitHub에서 보기 →
  456 |                     </a>
> 457 |                   </div>
      |                    ^^^^^
  458 |                 </div>
  459 |               )
  460 |             )}

Parsing ecmascript source code failed

Import traces:
  Client Component Browser:
    ./src/app/problem-sets/[id]/page.tsx [Client Component Browser]
    ./src/app/problem-sets/[id]/page.tsx [Server Component]

  Client Component SSR:
    ./src/app/problem-sets/[id]/page.tsx [Client Component SSR]
    ./src/app/problem-sets/[id]/page.tsx [Server Component] @ http://localhost:3000/_next/static/chunks/node_modules_next_dist_0u_w_5s._.js:1945
[ 1138397ms] [ERROR] ./src/app/problem-sets/[id]/page.tsx:457:20
Unterminated regexp literal
  455 |                       GitHub에서 보기 →
  456 |                     </a>
> 457 |                   </div>
      |                    ^^^^^
  458 |                 </div>
  459 |               )
  460 |             )}

Parsing ecmascript source code failed

Import traces:
  Client Component Browser:
    ./src/app/problem-sets/[id]/page.tsx [Client Component Browser]
    ./src/app/problem-sets/[id]/page.tsx [Server Component]

  Client Component SSR:
    ./src/app/problem-sets/[id]/page.tsx [Client Component SSR]
    ./src/app/problem-sets/[id]/page.tsx [Server Component] @ http://localhost:3000/_next/static/chunks/node_modules_next_dist_0u_w_5s._.js:1945
[ 1138463ms] [ERROR] ./src/app/problem-sets/[id]/page.tsx:457:20
Unterminated regexp literal
  455 |                       GitHub에서 보기 →
  456 |                     </a>
> 457 |                   </div>
      |                    ^^^^^
  458 |                 </div>
  459 |               )
  460 |             )}

Parsing ecmascript source code failed

Import traces:
  Client Component Browser:
    ./src/app/problem-sets/[id]/page.tsx [Client Component Browser]
    ./src/app/problem-sets/[id]/page.tsx [Server Component]

  Client Component SSR:
    ./src/app/problem-sets/[id]/page.tsx [Client Component SSR]
    ./src/app/problem-sets/[id]/page.tsx [Server Component] @ http://localhost:3000/_next/static/chunks/node_modules_next_dist_0u_w_5s._.js:1945
[ 1138530ms] [ERROR] ./src/app/problem-sets/[id]/page.tsx:457:20
Unterminated regexp literal
  455 |                       GitHub에서 보기 →
  456 |                     </a>
> 457 |                   </div>
      |                    ^^^^^
  458 |                 </div>
  459 |               )
  460 |             )}

Parsing ecmascript source code failed

Import traces:
  Client Component Browser:
    ./src/app/problem-sets/[id]/page.tsx [Client Component Browser]
    ./src/app/problem-sets/[id]/page.tsx [Server Component]

  Client Component SSR:
    ./src/app/problem-sets/[id]/page.tsx [Client Component SSR]
    ./src/app/problem-sets/[id]/page.tsx [Server Component] @ http://localhost:3000/_next/static/chunks/node_modules_next_dist_0u_w_5s._.js:1945
[ 1138598ms] [ERROR] ./src/app/problem-sets/[id]/page.tsx:457:20
Unterminated regexp literal
  455 |                       GitHub에서 보기 →
  456 |                     </a>
> 457 |                   </div>
      |                    ^^^^^
  458 |                 </div>
  459 |               )
  460 |             )}

Parsing ecmascript source code failed

Import traces:
  Client Component Browser:
    ./src/app/problem-sets/[id]/page.tsx [Client Component Browser]
    ./src/app/problem-sets/[id]/page.tsx [Server Component]

  Client Component SSR:
    ./src/app/problem-sets/[id]/page.tsx [Client Component SSR]
    ./src/app/problem-sets/[id]/page.tsx [Server Component] @ http://localhost:3000/_next/static/chunks/node_modules_next_dist_0u_w_5s._.js:1945
[ 1138665ms] [ERROR] ./src/app/problem-sets/[id]/page.tsx:457:20
Unterminated regexp literal
  455 |                       GitHub에서 보기 →
  456 |                     </a>
> 457 |                   </div>
      |                    ^^^^^
  458 |                 </div>
  459 |               )
  460 |             )}

Parsing ecmascript source code failed

Import traces:
  Client Component Browser:
    ./src/app/problem-sets/[id]/page.tsx [Client Component Browser]
    ./src/app/problem-sets/[id]/page.tsx [Server Component]

  Client Component SSR:
    ./src/app/problem-sets/[id]/page.tsx [Client Component SSR]
    ./src/app/problem-sets/[id]/page.tsx [Server Component] @ http://localhost:3000/_next/static/chunks/node_modules_next_dist_0u_w_5s._.js:1945
[ 1138731ms] [ERROR] ./src/app/problem-sets/[id]/page.tsx:457:20
Unterminated regexp literal
  455 |                       GitHub에서 보기 →
  456 |                     </a>
> 457 |                   </div>
      |                    ^^^^^
  458 |                 </div>
  459 |               )
  460 |             )}

Parsing ecmascript source code failed

Import traces:
  Client Component Browser:
    ./src/app/problem-sets/[id]/page.tsx [Client Component Browser]
    ./src/app/problem-sets/[id]/page.tsx [Server Component]

  Client Component SSR:
    ./src/app/problem-sets/[id]/page.tsx [Client Component SSR]
    ./src/app/problem-sets/[id]/page.tsx [Server Component] @ http://localhost:3000/_next/static/chunks/node_modules_next_dist_0u_w_5s._.js:1945
[ 1138798ms] [ERROR] ./src/app/problem-sets/[id]/page.tsx:457:20
Unterminated regexp literal
  455 |                       GitHub에서 보기 →
  456 |                     </a>
> 457 |                   </div>
      |                    ^^^^^
  458 |                 </div>
  459 |               )
  460 |             )}

Parsing ecmascript source code failed

Import traces:
  Client Component Browser:
    ./src/app/problem-sets/[id]/page.tsx [Client Component Browser]
    ./src/app/problem-sets/[id]/page.tsx [Server Component]

  Client Component SSR:
    ./src/app/problem-sets/[id]/page.tsx [Client Component SSR]
    ./src/app/problem-sets/[id]/page.tsx [Server Component] @ http://localhost:3000/_next/static/chunks/node_modules_next_dist_0u_w_5s._.js:1945
[ 1138854ms] [ERROR] ./src/app/problem-sets/[id]/page.tsx:457:20
Unterminated regexp literal
  455 |                       GitHub에서 보기 →
  456 |                     </a>
> 457 |                   </div>
      |                    ^^^^^
  458 |                 </div>
  459 |               )
  460 |             )}

Parsing ecmascript source code failed

Import traces:
  Client Component Browser:
    ./src/app/problem-sets/[id]/page.tsx [Client Component Browser]
    ./src/app/problem-sets/[id]/page.tsx [Server Component]

  Client Component SSR:
    ./src/app/problem-sets/[id]/page.tsx [Client Component SSR]
    ./src/app/problem-sets/[id]/page.tsx [Server Component] @ http://localhost:3000/_next/static/chunks/node_modules_next_dist_0u_w_5s._.js:1945
[ 1138915ms] [ERROR] ./src/app/problem-sets/[id]/page.tsx:457:20
Unterminated regexp literal
  455 |                       GitHub에서 보기 →
  456 |                     </a>
> 457 |                   </div>
      |                    ^^^^^
  458 |                 </div>
  459 |               )
  460 |             )}

Parsing ecmascript source code failed

Import traces:
  Client Component Browser:
    ./src/app/problem-sets/[id]/page.tsx [Client Component Browser]
    ./src/app/problem-sets/[id]/page.tsx [Server Component]

  Client Component SSR:
    ./src/app/problem-sets/[id]/page.tsx [Client Component SSR]
    ./src/app/problem-sets/[id]/page.tsx [Server Component] @ http://localhost:3000/_next/static/chunks/node_modules_next_dist_0u_w_5s._.js:1945
[ 1138981ms] [ERROR] ./src/app/problem-sets/[id]/page.tsx:457:20
Unterminated regexp literal
  455 |                       GitHub에서 보기 →
  456 |                     </a>
> 457 |                   </div>
      |                    ^^^^^
  458 |                 </div>
  459 |               )
  460 |             )}

Parsing ecmascript source code failed

Import traces:
  Client Component Browser:
    ./src/app/problem-sets/[id]/page.tsx [Client Component Browser]
    ./src/app/problem-sets/[id]/page.tsx [Server Component]

  Client Component SSR:
    ./src/app/problem-sets/[id]/page.tsx [Client Component SSR]
    ./src/app/problem-sets/[id]/page.tsx [Server Component] @ http://localhost:3000/_next/static/chunks/node_modules_next_dist_0u_w_5s._.js:1945
[ 1139047ms] [ERROR] ./src/app/problem-sets/[id]/page.tsx:457:20
Unterminated regexp literal
  455 |                       GitHub에서 보기 →
  456 |                     </a>
> 457 |                   </div>
      |                    ^^^^^
  458 |                 </div>
  459 |               )
  460 |             )}

Parsing ecmascript source code failed

Import traces:
  Client Component Browser:
    ./src/app/problem-sets/[id]/page.tsx [Client Component Browser]
    ./src/app/problem-sets/[id]/page.tsx [Server Component]

  Client Component SSR:
    ./src/app/problem-sets/[id]/page.tsx [Client Component SSR]
    ./src/app/problem-sets/[id]/page.tsx [Server Component] @ http://localhost:3000/_next/static/chunks/node_modules_next_dist_0u_w_5s._.js:1945
[ 1139110ms] [ERROR] ./src/app/problem-sets/[id]/page.tsx:457:20
Unterminated regexp literal
  455 |                       GitHub에서 보기 →
  456 |                     </a>
> 457 |                   </div>
      |                    ^^^^^
  458 |                 </div>
  459 |               )
  460 |             )}

Parsing ecmascript source code failed

Import traces:
  Client Component Browser:
    ./src/app/problem-sets/[id]/page.tsx [Client Component Browser]
    ./src/app/problem-sets/[id]/page.tsx [Server Component]

  Client Component SSR:
    ./src/app/problem-sets/[id]/page.tsx [Client Component SSR]
    ./src/app/problem-sets/[id]/page.tsx [Server Component] @ http://localhost:3000/_next/static/chunks/node_modules_next_dist_0u_w_5s._.js:1945
[ 1139164ms] [ERROR] ./src/app/problem-sets/[id]/page.tsx:457:20
Unterminated regexp literal
  455 |                       GitHub에서 보기 →
  456 |                     </a>
> 457 |                   </div>
      |                    ^^^^^
  458 |                 </div>
  459 |               )
  460 |             )}

Parsing ecmascript source code failed

Import traces:
  Client Component Browser:
    ./src/app/problem-sets/[id]/page.tsx [Client Component Browser]
    ./src/app/problem-sets/[id]/page.tsx [Server Component]

  Client Component SSR:
    ./src/app/problem-sets/[id]/page.tsx [Client Component SSR]
    ./src/app/problem-sets/[id]/page.tsx [Server Component] @ http://localhost:3000/_next/static/chunks/node_modules_next_dist_0u_w_5s._.js:1945
[ 1139229ms] [ERROR] ./src/app/problem-sets/[id]/page.tsx:457:20
Unterminated regexp literal
  455 |                       GitHub에서 보기 →
  456 |                     </a>
> 457 |                   </div>
      |                    ^^^^^
  458 |                 </div>
  459 |               )
  460 |             )}

Parsing ecmascript source code failed

Import traces:
  Client Component Browser:
    ./src/app/problem-sets/[id]/page.tsx [Client Component Browser]
    ./src/app/problem-sets/[id]/page.tsx [Server Component]

  Client Component SSR:
    ./src/app/problem-sets/[id]/page.tsx [Client Component SSR]
    ./src/app/problem-sets/[id]/page.tsx [Server Component] @ http://localhost:3000/_next/static/chunks/node_modules_next_dist_0u_w_5s._.js:1945
[ 1139295ms] [ERROR] ./src/app/problem-sets/[id]/page.tsx:457:20
Unterminated regexp literal
  455 |                       GitHub에서 보기 →
  456 |                     </a>
> 457 |                   </div>
      |                    ^^^^^
  458 |                 </div>
  459 |               )
  460 |             )}

Parsing ecmascript source code failed

Import traces:
  Client Component Browser:
    ./src/app/problem-sets/[id]/page.tsx [Client Component Browser]
    ./src/app/problem-sets/[id]/page.tsx [Server Component]

  Client Component SSR:
    ./src/app/problem-sets/[id]/page.tsx [Client Component SSR]
    ./src/app/problem-sets/[id]/page.tsx [Server Component] @ http://localhost:3000/_next/static/chunks/node_modules_next_dist_0u_w_5s._.js:1945
[ 1139361ms] [ERROR] ./src/app/problem-sets/[id]/page.tsx:457:20
Unterminated regexp literal
  455 |                       GitHub에서 보기 →
  456 |                     </a>
> 457 |                   </div>
      |                    ^^^^^
  458 |                 </div>
  459 |               )
  460 |             )}

Parsing ecmascript source code failed

Import traces:
  Client Component Browser:
    ./src/app/problem-sets/[id]/page.tsx [Client Component Browser]
    ./src/app/problem-sets/[id]/page.tsx [Server Component]

  Client Component SSR:
    ./src/app/problem-sets/[id]/page.tsx [Client Component SSR]
    ./src/app/problem-sets/[id]/page.tsx [Server Component] @ http://localhost:3000/_next/static/chunks/node_modules_next_dist_0u_w_5s._.js:1945
[ 1139425ms] [ERROR] ./src/app/problem-sets/[id]/page.tsx:457:20
Unterminated regexp literal
  455 |                       GitHub에서 보기 →
  456 |                     </a>
> 457 |                   </div>
      |                    ^^^^^
  458 |                 </div>
  459 |               )
  460 |             )}

Parsing ecmascript source code failed

Import traces:
  Client Component Browser:
    ./src/app/problem-sets/[id]/page.tsx [Client Component Browser]
    ./src/app/problem-sets/[id]/page.tsx [Server Component]

  Client Component SSR:
    ./src/app/problem-sets/[id]/page.tsx [Client Component SSR]
    ./src/app/problem-sets/[id]/page.tsx [Server Component] @ http://localhost:3000/_next/static/chunks/node_modules_next_dist_0u_w_5s._.js:1945
[ 1139481ms] [ERROR] ./src/app/problem-sets/[id]/page.tsx:457:20
Unterminated regexp literal
  455 |                       GitHub에서 보기 →
  456 |                     </a>
> 457 |                   </div>
      |                    ^^^^^
  458 |                 </div>
  459 |               )
  460 |             )}

Parsing ecmascript source code failed

Import traces:
  Client Component Browser:
    ./src/app/problem-sets/[id]/page.tsx [Client Component Browser]
    ./src/app/problem-sets/[id]/page.tsx [Server Component]

  Client Component SSR:
    ./src/app/problem-sets/[id]/page.tsx [Client Component SSR]
    ./src/app/problem-sets/[id]/page.tsx [Server Component] @ http://localhost:3000/_next/static/chunks/node_modules_next_dist_0u_w_5s._.js:1945
[ 1139544ms] [ERROR] ./src/app/problem-sets/[id]/page.tsx:457:20
Unterminated regexp literal
  455 |                       GitHub에서 보기 →
  456 |                     </a>
> 457 |                   </div>
      |                    ^^^^^
  458 |                 </div>
  459 |               )
  460 |             )}

Parsing ecmascript source code failed

Import traces:
  Client Component Browser:
    ./src/app/problem-sets/[id]/page.tsx [Client Component Browser]
    ./src/app/problem-sets/[id]/page.tsx [Server Component]

  Client Component SSR:
    ./src/app/problem-sets/[id]/page.tsx [Client Component SSR]
    ./src/app/problem-sets/[id]/page.tsx [Server Component] @ http://localhost:3000/_next/static/chunks/node_modules_next_dist_0u_w_5s._.js:1945
[ 1139606ms] [ERROR] ./src/app/problem-sets/[id]/page.tsx:457:20
Unterminated regexp literal
  455 |                       GitHub에서 보기 →
  456 |                     </a>
> 457 |                   </div>
      |                    ^^^^^
  458 |                 </div>
  459 |               )
  460 |             )}

Parsing ecmascript source code failed

Import traces:
  Client Component Browser:
    ./src/app/problem-sets/[id]/page.tsx [Client Component Browser]
    ./src/app/problem-sets/[id]/page.tsx [Server Component]

  Client Component SSR:
    ./src/app/problem-sets/[id]/page.tsx [Client Component SSR]
    ./src/app/problem-sets/[id]/page.tsx [Server Component] @ http://localhost:3000/_next/static/chunks/node_modules_next_dist_0u_w_5s._.js:1945
[ 1139664ms] [ERROR] ./src/app/problem-sets/[id]/page.tsx:457:20
Unterminated regexp literal
  455 |                       GitHub에서 보기 →
  456 |                     </a>
> 457 |                   </div>
      |                    ^^^^^
  458 |                 </div>
  459 |               )
  460 |             )}

Parsing ecmascript source code failed

Import traces:
  Client Component Browser:
    ./src/app/problem-sets/[id]/page.tsx [Client Component Browser]
    ./src/app/problem-sets/[id]/page.tsx [Server Component]

  Client Component SSR:
    ./src/app/problem-sets/[id]/page.tsx [Client Component SSR]
    ./src/app/problem-sets/[id]/page.tsx [Server Component] @ http://localhost:3000/_next/static/chunks/node_modules_next_dist_0u_w_5s._.js:1945
[ 1139726ms] [ERROR] ./src/app/problem-sets/[id]/page.tsx:457:20
Unterminated regexp literal
  455 |                       GitHub에서 보기 →
  456 |                     </a>
> 457 |                   </div>
      |                    ^^^^^
  458 |                 </div>
  459 |               )
  460 |             )}

Parsing ecmascript source code failed

Import traces:
  Client Component Browser:
    ./src/app/problem-sets/[id]/page.tsx [Client Component Browser]
    ./src/app/problem-sets/[id]/page.tsx [Server Component]

  Client Component SSR:
    ./src/app/problem-sets/[id]/page.tsx [Client Component SSR]
    ./src/app/problem-sets/[id]/page.tsx [Server Component] @ http://localhost:3000/_next/static/chunks/node_modules_next_dist_0u_w_5s._.js:1945
[ 1139780ms] [ERROR] ./src/app/problem-sets/[id]/page.tsx:457:20
Unterminated regexp literal
  455 |                       GitHub에서 보기 →
  456 |                     </a>
> 457 |                   </div>
      |                    ^^^^^
  458 |                 </div>
  459 |               )
  460 |             )}

Parsing ecmascript source code failed

Import traces:
  Client Component Browser:
    ./src/app/problem-sets/[id]/page.tsx [Client Component Browser]
    ./src/app/problem-sets/[id]/page.tsx [Server Component]

  Client Component SSR:
    ./src/app/problem-sets/[id]/page.tsx [Client Component SSR]
    ./src/app/problem-sets/[id]/page.tsx [Server Component] @ http://localhost:3000/_next/static/chunks/node_modules_next_dist_0u_w_5s._.js:1945
[ 1139846ms] [ERROR] ./src/app/problem-sets/[id]/page.tsx:457:20
Unterminated regexp literal
  455 |                       GitHub에서 보기 →
  456 |                     </a>
> 457 |                   </div>
      |                    ^^^^^
  458 |                 </div>
  459 |               )
  460 |             )}

Parsing ecmascript source code failed

Import traces:
  Client Component Browser:
    ./src/app/problem-sets/[id]/page.tsx [Client Component Browser]
    ./src/app/problem-sets/[id]/page.tsx [Server Component]

  Client Component SSR:
    ./src/app/problem-sets/[id]/page.tsx [Client Component SSR]
    ./src/app/problem-sets/[id]/page.tsx [Server Component] @ http://localhost:3000/_next/static/chunks/node_modules_next_dist_0u_w_5s._.js:1945
[ 1139906ms] [ERROR] ./src/app/problem-sets/[id]/page.tsx:457:20
Unterminated regexp literal
  455 |                       GitHub에서 보기 →
  456 |                     </a>
> 457 |                   </div>
      |                    ^^^^^
  458 |                 </div>
  459 |               )
  460 |             )}

Parsing ecmascript source code failed

Import traces:
  Client Component Browser:
    ./src/app/problem-sets/[id]/page.tsx [Client Component Browser]
    ./src/app/problem-sets/[id]/page.tsx [Server Component]

  Client Component SSR:
    ./src/app/problem-sets/[id]/page.tsx [Client Component SSR]
    ./src/app/problem-sets/[id]/page.tsx [Server Component] @ http://localhost:3000/_next/static/chunks/node_modules_next_dist_0u_w_5s._.js:1945
[ 1139963ms] [ERROR] ./src/app/problem-sets/[id]/page.tsx:457:20
Unterminated regexp literal
  455 |                       GitHub에서 보기 →
  456 |                     </a>
> 457 |                   </div>
      |                    ^^^^^
  458 |                 </div>
  459 |               )
  460 |             )}

Parsing ecmascript source code failed

Import traces:
  Client Component Browser:
    ./src/app/problem-sets/[id]/page.tsx [Client Component Browser]
    ./src/app/problem-sets/[id]/page.tsx [Server Component]

  Client Component SSR:
    ./src/app/problem-sets/[id]/page.tsx [Client Component SSR]
    ./src/app/problem-sets/[id]/page.tsx [Server Component] @ http://localhost:3000/_next/static/chunks/node_modules_next_dist_0u_w_5s._.js:1945
[ 1140030ms] [ERROR] ./src/app/problem-sets/[id]/page.tsx:457:20
Unterminated regexp literal
  455 |                       GitHub에서 보기 →
  456 |                     </a>
> 457 |                   </div>
      |                    ^^^^^
  458 |                 </div>
  459 |               )
  460 |             )}

Parsing ecmascript source code failed

Import traces:
  Client Component Browser:
    ./src/app/problem-sets/[id]/page.tsx [Client Component Browser]
    ./src/app/problem-sets/[id]/page.tsx [Server Component]

  Client Component SSR:
    ./src/app/problem-sets/[id]/page.tsx [Client Component SSR]
    ./src/app/problem-sets/[id]/page.tsx [Server Component] @ http://localhost:3000/_next/static/chunks/node_modules_next_dist_0u_w_5s._.js:1945
[ 1140096ms] [ERROR] ./src/app/problem-sets/[id]/page.tsx:457:20
Unterminated regexp literal
  455 |                       GitHub에서 보기 →
  456 |                     </a>
> 457 |                   </div>
      |                    ^^^^^
  458 |                 </div>
  459 |               )
  460 |             )}

Parsing ecmascript source code failed

Import traces:
  Client Component Browser:
    ./src/app/problem-sets/[id]/page.tsx [Client Component Browser]
    ./src/app/problem-sets/[id]/page.tsx [Server Component]

  Client Component SSR:
    ./src/app/problem-sets/[id]/page.tsx [Client Component SSR]
    ./src/app/problem-sets/[id]/page.tsx [Server Component] @ http://localhost:3000/_next/static/chunks/node_modules_next_dist_0u_w_5s._.js:1945
[ 1140161ms] [ERROR] ./src/app/problem-sets/[id]/page.tsx:457:20
Unterminated regexp literal
  455 |                       GitHub에서 보기 →
  456 |                     </a>
> 457 |                   </div>
      |                    ^^^^^
  458 |                 </div>
  459 |               )
  460 |             )}

Parsing ecmascript source code failed

Import traces:
  Client Component Browser:
    ./src/app/problem-sets/[id]/page.tsx [Client Component Browser]
    ./src/app/problem-sets/[id]/page.tsx [Server Component]

  Client Component SSR:
    ./src/app/problem-sets/[id]/page.tsx [Client Component SSR]
    ./src/app/problem-sets/[id]/page.tsx [Server Component] @ http://localhost:3000/_next/static/chunks/node_modules_next_dist_0u_w_5s._.js:1945
[ 1140214ms] [ERROR] ./src/app/problem-sets/[id]/page.tsx:457:20
Unterminated regexp literal
  455 |                       GitHub에서 보기 →
  456 |                     </a>
> 457 |                   </div>
      |                    ^^^^^
  458 |                 </div>
  459 |               )
  460 |             )}

Parsing ecmascript source code failed

Import traces:
  Client Component Browser:
    ./src/app/problem-sets/[id]/page.tsx [Client Component Browser]
    ./src/app/problem-sets/[id]/page.tsx [Server Component]

  Client Component SSR:
    ./src/app/problem-sets/[id]/page.tsx [Client Component SSR]
    ./src/app/problem-sets/[id]/page.tsx [Server Component] @ http://localhost:3000/_next/static/chunks/node_modules_next_dist_0u_w_5s._.js:1945
[ 1140280ms] [ERROR] ./src/app/problem-sets/[id]/page.tsx:457:20
Unterminated regexp literal
  455 |                       GitHub에서 보기 →
  456 |                     </a>
> 457 |                   </div>
      |                    ^^^^^
  458 |                 </div>
  459 |               )
  460 |             )}

Parsing ecmascript source code failed

Import traces:
  Client Component Browser:
    ./src/app/problem-sets/[id]/page.tsx [Client Component Browser]
    ./src/app/problem-sets/[id]/page.tsx [Server Component]

  Client Component SSR:
    ./src/app/problem-sets/[id]/page.tsx [Client Component SSR]
    ./src/app/problem-sets/[id]/page.tsx [Server Component] @ http://localhost:3000/_next/static/chunks/node_modules_next_dist_0u_w_5s._.js:1945
[ 1140346ms] [ERROR] ./src/app/problem-sets/[id]/page.tsx:457:20
Unterminated regexp literal
  455 |                       GitHub에서 보기 →
  456 |                     </a>
> 457 |                   </div>
      |                    ^^^^^
  458 |                 </div>
  459 |               )
  460 |             )}

Parsing ecmascript source code failed

Import traces:
  Client Component Browser:
    ./src/app/problem-sets/[id]/page.tsx [Client Component Browser]
    ./src/app/problem-sets/[id]/page.tsx [Server Component]

  Client Component SSR:
    ./src/app/problem-sets/[id]/page.tsx [Client Component SSR]
    ./src/app/problem-sets/[id]/page.tsx [Server Component] @ http://localhost:3000/_next/static/chunks/node_modules_next_dist_0u_w_5s._.js:1945
[ 1140412ms] [ERROR] ./src/app/problem-sets/[id]/page.tsx:457:20
Unterminated regexp literal
  455 |                       GitHub에서 보기 →
  456 |                     </a>
> 457 |                   </div>
      |                    ^^^^^
  458 |                 </div>
  459 |               )
  460 |             )}

Parsing ecmascript source code failed

Import traces:
  Client Component Browser:
    ./src/app/problem-sets/[id]/page.tsx [Client Component Browser]
    ./src/app/problem-sets/[id]/page.tsx [Server Component]

  Client Component SSR:
    ./src/app/problem-sets/[id]/page.tsx [Client Component SSR]
    ./src/app/problem-sets/[id]/page.tsx [Server Component] @ http://localhost:3000/_next/static/chunks/node_modules_next_dist_0u_w_5s._.js:1945
[ 1140474ms] [ERROR] ./src/app/problem-sets/[id]/page.tsx:457:20
Unterminated regexp literal
  455 |                       GitHub에서 보기 →
  456 |                     </a>
> 457 |                   </div>
      |                    ^^^^^
  458 |                 </div>
  459 |               )
  460 |             )}

Parsing ecmascript source code failed

Import traces:
  Client Component Browser:
    ./src/app/problem-sets/[id]/page.tsx [Client Component Browser]
    ./src/app/problem-sets/[id]/page.tsx [Server Component]

  Client Component SSR:
    ./src/app/problem-sets/[id]/page.tsx [Client Component SSR]
    ./src/app/problem-sets/[id]/page.tsx [Server Component] @ http://localhost:3000/_next/static/chunks/node_modules_next_dist_0u_w_5s._.js:1945
[ 1140537ms] [ERROR] ./src/app/problem-sets/[id]/page.tsx:457:20
Unterminated regexp literal
  455 |                       GitHub에서 보기 →
  456 |                     </a>
> 457 |                   </div>
      |                    ^^^^^
  458 |                 </div>
  459 |               )
  460 |             )}

Parsing ecmascript source code failed

Import traces:
  Client Component Browser:
    ./src/app/problem-sets/[id]/page.tsx [Client Component Browser]
    ./src/app/problem-sets/[id]/page.tsx [Server Component]

  Client Component SSR:
    ./src/app/problem-sets/[id]/page.tsx [Client Component SSR]
    ./src/app/problem-sets/[id]/page.tsx [Server Component] @ http://localhost:3000/_next/static/chunks/node_modules_next_dist_0u_w_5s._.js:1945
[ 1140600ms] [ERROR] ./src/app/problem-sets/[id]/page.tsx:457:20
Unterminated regexp literal
  455 |                       GitHub에서 보기 →
  456 |                     </a>
> 457 |                   </div>
      |                    ^^^^^
  458 |                 </div>
  459 |               )
  460 |             )}

Parsing ecmascript source code failed

Import traces:
  Client Component Browser:
    ./src/app/problem-sets/[id]/page.tsx [Client Component Browser]
    ./src/app/problem-sets/[id]/page.tsx [Server Component]

  Client Component SSR:
    ./src/app/problem-sets/[id]/page.tsx [Client Component SSR]
    ./src/app/problem-sets/[id]/page.tsx [Server Component] @ http://localhost:3000/_next/static/chunks/node_modules_next_dist_0u_w_5s._.js:1945
[ 1140661ms] [ERROR] ./src/app/problem-sets/[id]/page.tsx:457:20
Unterminated regexp literal
  455 |                       GitHub에서 보기 →
  456 |                     </a>
> 457 |                   </div>
      |                    ^^^^^
  458 |                 </div>
  459 |               )
  460 |             )}

Parsing ecmascript source code failed

Import traces:
  Client Component Browser:
    ./src/app/problem-sets/[id]/page.tsx [Client Component Browser]
    ./src/app/problem-sets/[id]/page.tsx [Server Component]

  Client Component SSR:
    ./src/app/problem-sets/[id]/page.tsx [Client Component SSR]
    ./src/app/problem-sets/[id]/page.tsx [Server Component] @ http://localhost:3000/_next/static/chunks/node_modules_next_dist_0u_w_5s._.js:1945
[ 1140725ms] [ERROR] ./src/app/problem-sets/[id]/page.tsx:457:20
Unterminated regexp literal
  455 |                       GitHub에서 보기 →
  456 |                     </a>
> 457 |                   </div>
      |                    ^^^^^
  458 |                 </div>
  459 |               )
  460 |             )}

Parsing ecmascript source code failed

Import traces:
  Client Component Browser:
    ./src/app/problem-sets/[id]/page.tsx [Client Component Browser]
    ./src/app/problem-sets/[id]/page.tsx [Server Component]

  Client Component SSR:
    ./src/app/problem-sets/[id]/page.tsx [Client Component SSR]
    ./src/app/problem-sets/[id]/page.tsx [Server Component] @ http://localhost:3000/_next/static/chunks/node_modules_next_dist_0u_w_5s._.js:1945
[ 1140777ms] [ERROR] ./src/app/problem-sets/[id]/page.tsx:457:20
Unterminated regexp literal
  455 |                       GitHub에서 보기 →
  456 |                     </a>
> 457 |                   </div>
      |                    ^^^^^
  458 |                 </div>
  459 |               )
  460 |             )}

Parsing ecmascript source code failed

Import traces:
  Client Component Browser:
    ./src/app/problem-sets/[id]/page.tsx [Client Component Browser]
    ./src/app/problem-sets/[id]/page.tsx [Server Component]

  Client Component SSR:
    ./src/app/problem-sets/[id]/page.tsx [Client Component SSR]
    ./src/app/problem-sets/[id]/page.tsx [Server Component] @ http://localhost:3000/_next/static/chunks/node_modules_next_dist_0u_w_5s._.js:1945
[ 1140840ms] [ERROR] ./src/app/problem-sets/[id]/page.tsx:457:20
Unterminated regexp literal
  455 |                       GitHub에서 보기 →
  456 |                     </a>
> 457 |                   </div>
      |                    ^^^^^
  458 |                 </div>
  459 |               )
  460 |             )}

Parsing ecmascript source code failed

Import traces:
  Client Component Browser:
    ./src/app/problem-sets/[id]/page.tsx [Client Component Browser]
    ./src/app/problem-sets/[id]/page.tsx [Server Component]

  Client Component SSR:
    ./src/app/problem-sets/[id]/page.tsx [Client Component SSR]
    ./src/app/problem-sets/[id]/page.tsx [Server Component] @ http://localhost:3000/_next/static/chunks/node_modules_next_dist_0u_w_5s._.js:1945
[ 1140903ms] [ERROR] ./src/app/problem-sets/[id]/page.tsx:457:20
Unterminated regexp literal
  455 |                       GitHub에서 보기 →
  456 |                     </a>
> 457 |                   </div>
      |                    ^^^^^
  458 |                 </div>
  459 |               )
  460 |             )}

Parsing ecmascript source code failed

Import traces:
  Client Component Browser:
    ./src/app/problem-sets/[id]/page.tsx [Client Component Browser]
    ./src/app/problem-sets/[id]/page.tsx [Server Component]

  Client Component SSR:
    ./src/app/problem-sets/[id]/page.tsx [Client Component SSR]
    ./src/app/problem-sets/[id]/page.tsx [Server Component] @ http://localhost:3000/_next/static/chunks/node_modules_next_dist_0u_w_5s._.js:1945
[ 1140965ms] [ERROR] ./src/app/problem-sets/[id]/page.tsx:457:20
Unterminated regexp literal
  455 |                       GitHub에서 보기 →
  456 |                     </a>
> 457 |                   </div>
      |                    ^^^^^
  458 |                 </div>
  459 |               )
  460 |             )}

Parsing ecmascript source code failed

Import traces:
  Client Component Browser:
    ./src/app/problem-sets/[id]/page.tsx [Client Component Browser]
    ./src/app/problem-sets/[id]/page.tsx [Server Component]

  Client Component SSR:
    ./src/app/problem-sets/[id]/page.tsx [Client Component SSR]
    ./src/app/problem-sets/[id]/page.tsx [Server Component] @ http://localhost:3000/_next/static/chunks/node_modules_next_dist_0u_w_5s._.js:1945
[ 1141016ms] [ERROR] ./src/app/problem-sets/[id]/page.tsx:457:20
Unterminated regexp literal
  455 |                       GitHub에서 보기 →
  456 |                     </a>
> 457 |                   </div>
      |                    ^^^^^
  458 |                 </div>
  459 |               )
  460 |             )}

Parsing ecmascript source code failed

Import traces:
  Client Component Browser:
    ./src/app/problem-sets/[id]/page.tsx [Client Component Browser]
    ./src/app/problem-sets/[id]/page.tsx [Server Component]

  Client Component SSR:
    ./src/app/problem-sets/[id]/page.tsx [Client Component SSR]
    ./src/app/problem-sets/[id]/page.tsx [Server Component] @ http://localhost:3000/_next/static/chunks/node_modules_next_dist_0u_w_5s._.js:1945
[ 1141077ms] [ERROR] ./src/app/problem-sets/[id]/page.tsx:457:20
Unterminated regexp literal
  455 |                       GitHub에서 보기 →
  456 |                     </a>
> 457 |                   </div>
      |                    ^^^^^
  458 |                 </div>
  459 |               )
  460 |             )}

Parsing ecmascript source code failed

Import traces:
  Client Component Browser:
    ./src/app/problem-sets/[id]/page.tsx [Client Component Browser]
    ./src/app/problem-sets/[id]/page.tsx [Server Component]

  Client Component SSR:
    ./src/app/problem-sets/[id]/page.tsx [Client Component SSR]
    ./src/app/problem-sets/[id]/page.tsx [Server Component] @ http://localhost:3000/_next/static/chunks/node_modules_next_dist_0u_w_5s._.js:1945
[ 1141140ms] [ERROR] ./src/app/problem-sets/[id]/page.tsx:457:20
Unterminated regexp literal
  455 |                       GitHub에서 보기 →
  456 |                     </a>
> 457 |                   </div>
      |                    ^^^^^
  458 |                 </div>
  459 |               )
  460 |             )}

Parsing ecmascript source code failed

Import traces:
  Client Component Browser:
    ./src/app/problem-sets/[id]/page.tsx [Client Component Browser]
    ./src/app/problem-sets/[id]/page.tsx [Server Component]

  Client Component SSR:
    ./src/app/problem-sets/[id]/page.tsx [Client Component SSR]
    ./src/app/problem-sets/[id]/page.tsx [Server Component] @ http://localhost:3000/_next/static/chunks/node_modules_next_dist_0u_w_5s._.js:1945
[ 1141197ms] [ERROR] ./src/app/problem-sets/[id]/page.tsx:457:20
Unterminated regexp literal
  455 |                       GitHub에서 보기 →
  456 |                     </a>
> 457 |                   </div>
      |                    ^^^^^
  458 |                 </div>
  459 |               )
  460 |             )}

Parsing ecmascript source code failed

Import traces:
  Client Component Browser:
    ./src/app/problem-sets/[id]/page.tsx [Client Component Browser]
    ./src/app/problem-sets/[id]/page.tsx [Server Component]

  Client Component SSR:
    ./src/app/problem-sets/[id]/page.tsx [Client Component SSR]
    ./src/app/problem-sets/[id]/page.tsx [Server Component] @ http://localhost:3000/_next/static/chunks/node_modules_next_dist_0u_w_5s._.js:1945
[ 1141263ms] [ERROR] ./src/app/problem-sets/[id]/page.tsx:457:20
Unterminated regexp literal
  455 |                       GitHub에서 보기 →
  456 |                     </a>
> 457 |                   </div>
      |                    ^^^^^
  458 |                 </div>
  459 |               )
  460 |             )}

Parsing ecmascript source code failed

Import traces:
  Client Component Browser:
    ./src/app/problem-sets/[id]/page.tsx [Client Component Browser]
    ./src/app/problem-sets/[id]/page.tsx [Server Component]

  Client Component SSR:
    ./src/app/problem-sets/[id]/page.tsx [Client Component SSR]
    ./src/app/problem-sets/[id]/page.tsx [Server Component] @ http://localhost:3000/_next/static/chunks/node_modules_next_dist_0u_w_5s._.js:1945
[ 1141327ms] [ERROR] ./src/app/problem-sets/[id]/page.tsx:457:20
Unterminated regexp literal
  455 |                       GitHub에서 보기 →
  456 |                     </a>
> 457 |                   </div>
      |                    ^^^^^
  458 |                 </div>
  459 |               )
  460 |             )}

Parsing ecmascript source code failed

Import traces:
  Client Component Browser:
    ./src/app/problem-sets/[id]/page.tsx [Client Component Browser]
    ./src/app/problem-sets/[id]/page.tsx [Server Component]

  Client Component SSR:
    ./src/app/problem-sets/[id]/page.tsx [Client Component SSR]
    ./src/app/problem-sets/[id]/page.tsx [Server Component] @ http://localhost:3000/_next/static/chunks/node_modules_next_dist_0u_w_5s._.js:1945
[ 1141380ms] [ERROR] ./src/app/problem-sets/[id]/page.tsx:457:20
Unterminated regexp literal
  455 |                       GitHub에서 보기 →
  456 |                     </a>
> 457 |                   </div>
      |                    ^^^^^
  458 |                 </div>
  459 |               )
  460 |             )}

Parsing ecmascript source code failed

Import traces:
  Client Component Browser:
    ./src/app/problem-sets/[id]/page.tsx [Client Component Browser]
    ./src/app/problem-sets/[id]/page.tsx [Server Component]

  Client Component SSR:
    ./src/app/problem-sets/[id]/page.tsx [Client Component SSR]
    ./src/app/problem-sets/[id]/page.tsx [Server Component] @ http://localhost:3000/_next/static/chunks/node_modules_next_dist_0u_w_5s._.js:1945
[ 1141448ms] [ERROR] ./src/app/problem-sets/[id]/page.tsx:457:20
Unterminated regexp literal
  455 |                       GitHub에서 보기 →
  456 |                     </a>
> 457 |                   </div>
      |                    ^^^^^
  458 |                 </div>
  459 |               )
  460 |             )}

Parsing ecmascript source code failed

Import traces:
  Client Component Browser:
    ./src/app/problem-sets/[id]/page.tsx [Client Component Browser]
    ./src/app/problem-sets/[id]/page.tsx [Server Component]

  Client Component SSR:
    ./src/app/problem-sets/[id]/page.tsx [Client Component SSR]
    ./src/app/problem-sets/[id]/page.tsx [Server Component] @ http://localhost:3000/_next/static/chunks/node_modules_next_dist_0u_w_5s._.js:1945
[ 1141513ms] [ERROR] ./src/app/problem-sets/[id]/page.tsx:457:20
Unterminated regexp literal
  455 |                       GitHub에서 보기 →
  456 |                     </a>
> 457 |                   </div>
      |                    ^^^^^
  458 |                 </div>
  459 |               )
  460 |             )}

Parsing ecmascript source code failed

Import traces:
  Client Component Browser:
    ./src/app/problem-sets/[id]/page.tsx [Client Component Browser]
    ./src/app/problem-sets/[id]/page.tsx [Server Component]

  Client Component SSR:
    ./src/app/problem-sets/[id]/page.tsx [Client Component SSR]
    ./src/app/problem-sets/[id]/page.tsx [Server Component] @ http://localhost:3000/_next/static/chunks/node_modules_next_dist_0u_w_5s._.js:1945
[ 1141580ms] [ERROR] ./src/app/problem-sets/[id]/page.tsx:457:20
Unterminated regexp literal
  455 |                       GitHub에서 보기 →
  456 |                     </a>
> 457 |                   </div>
      |                    ^^^^^
  458 |                 </div>
  459 |               )
  460 |             )}

Parsing ecmascript source code failed

Import traces:
  Client Component Browser:
    ./src/app/problem-sets/[id]/page.tsx [Client Component Browser]
    ./src/app/problem-sets/[id]/page.tsx [Server Component]

  Client Component SSR:
    ./src/app/problem-sets/[id]/page.tsx [Client Component SSR]
    ./src/app/problem-sets/[id]/page.tsx [Server Component] @ http://localhost:3000/_next/static/chunks/node_modules_next_dist_0u_w_5s._.js:1945
[ 1141647ms] [ERROR] ./src/app/problem-sets/[id]/page.tsx:457:20
Unterminated regexp literal
  455 |                       GitHub에서 보기 →
  456 |                     </a>
> 457 |                   </div>
      |                    ^^^^^
  458 |                 </div>
  459 |               )
  460 |             )}

Parsing ecmascript source code failed

Import traces:
  Client Component Browser:
    ./src/app/problem-sets/[id]/page.tsx [Client Component Browser]
    ./src/app/problem-sets/[id]/page.tsx [Server Component]

  Client Component SSR:
    ./src/app/problem-sets/[id]/page.tsx [Client Component SSR]
    ./src/app/problem-sets/[id]/page.tsx [Server Component] @ http://localhost:3000/_next/static/chunks/node_modules_next_dist_0u_w_5s._.js:1945
[ 1141713ms] [ERROR] ./src/app/problem-sets/[id]/page.tsx:457:20
Unterminated regexp literal
  455 |                       GitHub에서 보기 →
  456 |                     </a>
> 457 |                   </div>
      |                    ^^^^^
  458 |                 </div>
  459 |               )
  460 |             )}

Parsing ecmascript source code failed

Import traces:
  Client Component Browser:
    ./src/app/problem-sets/[id]/page.tsx [Client Component Browser]
    ./src/app/problem-sets/[id]/page.tsx [Server Component]

  Client Component SSR:
    ./src/app/problem-sets/[id]/page.tsx [Client Component SSR]
    ./src/app/problem-sets/[id]/page.tsx [Server Component] @ http://localhost:3000/_next/static/chunks/node_modules_next_dist_0u_w_5s._.js:1945
[ 1141764ms] [ERROR] ./src/app/problem-sets/[id]/page.tsx:457:20
Unterminated regexp literal
  455 |                       GitHub에서 보기 →
  456 |                     </a>
> 457 |                   </div>
      |                    ^^^^^
  458 |                 </div>
  459 |               )
  460 |             )}

Parsing ecmascript source code failed

Import traces:
  Client Component Browser:
    ./src/app/problem-sets/[id]/page.tsx [Client Component Browser]
    ./src/app/problem-sets/[id]/page.tsx [Server Component]

  Client Component SSR:
    ./src/app/problem-sets/[id]/page.tsx [Client Component SSR]
    ./src/app/problem-sets/[id]/page.tsx [Server Component] @ http://localhost:3000/_next/static/chunks/node_modules_next_dist_0u_w_5s._.js:1945
[ 1141831ms] [ERROR] ./src/app/problem-sets/[id]/page.tsx:457:20
Unterminated regexp literal
  455 |                       GitHub에서 보기 →
  456 |                     </a>
> 457 |                   </div>
      |                    ^^^^^
  458 |                 </div>
  459 |               )
  460 |             )}

Parsing ecmascript source code failed

Import traces:
  Client Component Browser:
    ./src/app/problem-sets/[id]/page.tsx [Client Component Browser]
    ./src/app/problem-sets/[id]/page.tsx [Server Component]

  Client Component SSR:
    ./src/app/problem-sets/[id]/page.tsx [Client Component SSR]
    ./src/app/problem-sets/[id]/page.tsx [Server Component] @ http://localhost:3000/_next/static/chunks/node_modules_next_dist_0u_w_5s._.js:1945
[ 1141882ms] [ERROR] ./src/app/problem-sets/[id]/page.tsx:457:20
Unterminated regexp literal
  455 |                       GitHub에서 보기 →
  456 |                     </a>
> 457 |                   </div>
      |                    ^^^^^
  458 |                 </div>
  459 |               )
  460 |             )}

Parsing ecmascript source code failed

Import traces:
  Client Component Browser:
    ./src/app/problem-sets/[id]/page.tsx [Client Component Browser]
    ./src/app/problem-sets/[id]/page.tsx [Server Component]

  Client Component SSR:
    ./src/app/problem-sets/[id]/page.tsx [Client Component SSR]
    ./src/app/problem-sets/[id]/page.tsx [Server Component] @ http://localhost:3000/_next/static/chunks/node_modules_next_dist_0u_w_5s._.js:1945
[ 1141946ms] [ERROR] ./src/app/problem-sets/[id]/page.tsx:457:20
Unterminated regexp literal
  455 |                       GitHub에서 보기 →
  456 |                     </a>
> 457 |                   </div>
      |                    ^^^^^
  458 |                 </div>
  459 |               )
  460 |             )}

Parsing ecmascript source code failed

Import traces:
  Client Component Browser:
    ./src/app/problem-sets/[id]/page.tsx [Client Component Browser]
    ./src/app/problem-sets/[id]/page.tsx [Server Component]

  Client Component SSR:
    ./src/app/problem-sets/[id]/page.tsx [Client Component SSR]
    ./src/app/problem-sets/[id]/page.tsx [Server Component] @ http://localhost:3000/_next/static/chunks/node_modules_next_dist_0u_w_5s._.js:1945
[ 1142002ms] [ERROR] ./src/app/problem-sets/[id]/page.tsx:457:20
Unterminated regexp literal
  455 |                       GitHub에서 보기 →
  456 |                     </a>
> 457 |                   </div>
      |                    ^^^^^
  458 |                 </div>
  459 |               )
  460 |             )}

Parsing ecmascript source code failed

Import traces:
  Client Component Browser:
    ./src/app/problem-sets/[id]/page.tsx [Client Component Browser]
    ./src/app/problem-sets/[id]/page.tsx [Server Component]

  Client Component SSR:
    ./src/app/problem-sets/[id]/page.tsx [Client Component SSR]
    ./src/app/problem-sets/[id]/page.tsx [Server Component] @ http://localhost:3000/_next/static/chunks/node_modules_next_dist_0u_w_5s._.js:1945
[ 1142064ms] [ERROR] ./src/app/problem-sets/[id]/page.tsx:457:20
Unterminated regexp literal
  455 |                       GitHub에서 보기 →
  456 |                     </a>
> 457 |                   </div>
      |                    ^^^^^
  458 |                 </div>
  459 |               )
  460 |             )}

Parsing ecmascript source code failed

Import traces:
  Client Component Browser:
    ./src/app/problem-sets/[id]/page.tsx [Client Component Browser]
    ./src/app/problem-sets/[id]/page.tsx [Server Component]

  Client Component SSR:
    ./src/app/problem-sets/[id]/page.tsx [Client Component SSR]
    ./src/app/problem-sets/[id]/page.tsx [Server Component] @ http://localhost:3000/_next/static/chunks/node_modules_next_dist_0u_w_5s._.js:1945
[ 1142131ms] [ERROR] ./src/app/problem-sets/[id]/page.tsx:457:20
Unterminated regexp literal
  455 |                       GitHub에서 보기 →
  456 |                     </a>
> 457 |                   </div>
      |                    ^^^^^
  458 |                 </div>
  459 |               )
  460 |             )}

Parsing ecmascript source code failed

Import traces:
  Client Component Browser:
    ./src/app/problem-sets/[id]/page.tsx [Client Component Browser]
    ./src/app/problem-sets/[id]/page.tsx [Server Component]

  Client Component SSR:
    ./src/app/problem-sets/[id]/page.tsx [Client Component SSR]
    ./src/app/problem-sets/[id]/page.tsx [Server Component] @ http://localhost:3000/_next/static/chunks/node_modules_next_dist_0u_w_5s._.js:1945
[ 1142184ms] [ERROR] ./src/app/problem-sets/[id]/page.tsx:457:20
Unterminated regexp literal
  455 |                       GitHub에서 보기 →
  456 |                     </a>
> 457 |                   </div>
      |                    ^^^^^
  458 |                 </div>
  459 |               )
  460 |             )}

Parsing ecmascript source code failed

Import traces:
  Client Component Browser:
    ./src/app/problem-sets/[id]/page.tsx [Client Component Browser]
    ./src/app/problem-sets/[id]/page.tsx [Server Component]

  Client Component SSR:
    ./src/app/problem-sets/[id]/page.tsx [Client Component SSR]
    ./src/app/problem-sets/[id]/page.tsx [Server Component] @ http://localhost:3000/_next/static/chunks/node_modules_next_dist_0u_w_5s._.js:1945
[ 1142246ms] [ERROR] ./src/app/problem-sets/[id]/page.tsx:457:20
Unterminated regexp literal
  455 |                       GitHub에서 보기 →
  456 |                     </a>
> 457 |                   </div>
      |                    ^^^^^
  458 |                 </div>
  459 |               )
  460 |             )}

Parsing ecmascript source code failed

Import traces:
  Client Component Browser:
    ./src/app/problem-sets/[id]/page.tsx [Client Component Browser]
    ./src/app/problem-sets/[id]/page.tsx [Server Component]

  Client Component SSR:
    ./src/app/problem-sets/[id]/page.tsx [Client Component SSR]
    ./src/app/problem-sets/[id]/page.tsx [Server Component] @ http://localhost:3000/_next/static/chunks/node_modules_next_dist_0u_w_5s._.js:1945
[ 1142313ms] [ERROR] ./src/app/problem-sets/[id]/page.tsx:457:20
Unterminated regexp literal
  455 |                       GitHub에서 보기 →
  456 |                     </a>
> 457 |                   </div>
      |                    ^^^^^
  458 |                 </div>
  459 |               )
  460 |             )}

Parsing ecmascript source code failed

Import traces:
  Client Component Browser:
    ./src/app/problem-sets/[id]/page.tsx [Client Component Browser]
    ./src/app/problem-sets/[id]/page.tsx [Server Component]

  Client Component SSR:
    ./src/app/problem-sets/[id]/page.tsx [Client Component SSR]
    ./src/app/problem-sets/[id]/page.tsx [Server Component] @ http://localhost:3000/_next/static/chunks/node_modules_next_dist_0u_w_5s._.js:1945
[ 1142380ms] [ERROR] ./src/app/problem-sets/[id]/page.tsx:457:20
Unterminated regexp literal
  455 |                       GitHub에서 보기 →
  456 |                     </a>
> 457 |                   </div>
      |                    ^^^^^
  458 |                 </div>
  459 |               )
  460 |             )}

Parsing ecmascript source code failed

Import traces:
  Client Component Browser:
    ./src/app/problem-sets/[id]/page.tsx [Client Component Browser]
    ./src/app/problem-sets/[id]/page.tsx [Server Component]

  Client Component SSR:
    ./src/app/problem-sets/[id]/page.tsx [Client Component SSR]
    ./src/app/problem-sets/[id]/page.tsx [Server Component] @ http://localhost:3000/_next/static/chunks/node_modules_next_dist_0u_w_5s._.js:1945
[ 1142446ms] [ERROR] ./src/app/problem-sets/[id]/page.tsx:457:20
Unterminated regexp literal
  455 |                       GitHub에서 보기 →
  456 |                     </a>
> 457 |                   </div>
      |                    ^^^^^
  458 |                 </div>
  459 |               )
  460 |             )}

Parsing ecmascript source code failed

Import traces:
  Client Component Browser:
    ./src/app/problem-sets/[id]/page.tsx [Client Component Browser]
    ./src/app/problem-sets/[id]/page.tsx [Server Component]

  Client Component SSR:
    ./src/app/problem-sets/[id]/page.tsx [Client Component SSR]
    ./src/app/problem-sets/[id]/page.tsx [Server Component] @ http://localhost:3000/_next/static/chunks/node_modules_next_dist_0u_w_5s._.js:1945
[ 1142512ms] [ERROR] ./src/app/problem-sets/[id]/page.tsx:457:20
Unterminated regexp literal
  455 |                       GitHub에서 보기 →
  456 |                     </a>
> 457 |                   </div>
      |                    ^^^^^
  458 |                 </div>
  459 |               )
  460 |             )}

Parsing ecmascript source code failed

Import traces:
  Client Component Browser:
    ./src/app/problem-sets/[id]/page.tsx [Client Component Browser]
    ./src/app/problem-sets/[id]/page.tsx [Server Component]

  Client Component SSR:
    ./src/app/problem-sets/[id]/page.tsx [Client Component SSR]
    ./src/app/problem-sets/[id]/page.tsx [Server Component] @ http://localhost:3000/_next/static/chunks/node_modules_next_dist_0u_w_5s._.js:1945
[ 1142579ms] [ERROR] ./src/app/problem-sets/[id]/page.tsx:457:20
Unterminated regexp literal
  455 |                       GitHub에서 보기 →
  456 |                     </a>
> 457 |                   </div>
      |                    ^^^^^
  458 |                 </div>
  459 |               )
  460 |             )}

Parsing ecmascript source code failed

Import traces:
  Client Component Browser:
    ./src/app/problem-sets/[id]/page.tsx [Client Component Browser]
    ./src/app/problem-sets/[id]/page.tsx [Server Component]

  Client Component SSR:
    ./src/app/problem-sets/[id]/page.tsx [Client Component SSR]
    ./src/app/problem-sets/[id]/page.tsx [Server Component] @ http://localhost:3000/_next/static/chunks/node_modules_next_dist_0u_w_5s._.js:1945
[ 1142630ms] [ERROR] ./src/app/problem-sets/[id]/page.tsx:457:20
Unterminated regexp literal
  455 |                       GitHub에서 보기 →
  456 |                     </a>
> 457 |                   </div>
      |                    ^^^^^
  458 |                 </div>
  459 |               )
  460 |             )}

Parsing ecmascript source code failed

Import traces:
  Client Component Browser:
    ./src/app/problem-sets/[id]/page.tsx [Client Component Browser]
    ./src/app/problem-sets/[id]/page.tsx [Server Component]

  Client Component SSR:
    ./src/app/problem-sets/[id]/page.tsx [Client Component SSR]
    ./src/app/problem-sets/[id]/page.tsx [Server Component] @ http://localhost:3000/_next/static/chunks/node_modules_next_dist_0u_w_5s._.js:1945
[ 1142692ms] [ERROR] ./src/app/problem-sets/[id]/page.tsx:457:20
Unterminated regexp literal
  455 |                       GitHub에서 보기 →
  456 |                     </a>
> 457 |                   </div>
      |                    ^^^^^
  458 |                 </div>
  459 |               )
  460 |             )}

Parsing ecmascript source code failed

Import traces:
  Client Component Browser:
    ./src/app/problem-sets/[id]/page.tsx [Client Component Browser]
    ./src/app/problem-sets/[id]/page.tsx [Server Component]

  Client Component SSR:
    ./src/app/problem-sets/[id]/page.tsx [Client Component SSR]
    ./src/app/problem-sets/[id]/page.tsx [Server Component] @ http://localhost:3000/_next/static/chunks/node_modules_next_dist_0u_w_5s._.js:1945
[ 1142747ms] [ERROR] ./src/app/problem-sets/[id]/page.tsx:457:20
Unterminated regexp literal
  455 |                       GitHub에서 보기 →
  456 |                     </a>
> 457 |                   </div>
      |                    ^^^^^
  458 |                 </div>
  459 |               )
  460 |             )}

Parsing ecmascript source code failed

Import traces:
  Client Component Browser:
    ./src/app/problem-sets/[id]/page.tsx [Client Component Browser]
    ./src/app/problem-sets/[id]/page.tsx [Server Component]

  Client Component SSR:
    ./src/app/problem-sets/[id]/page.tsx [Client Component SSR]
    ./src/app/problem-sets/[id]/page.tsx [Server Component] @ http://localhost:3000/_next/static/chunks/node_modules_next_dist_0u_w_5s._.js:1945
[ 1142814ms] [ERROR] ./src/app/problem-sets/[id]/page.tsx:457:20
Unterminated regexp literal
  455 |                       GitHub에서 보기 →
  456 |                     </a>
> 457 |                   </div>
      |                    ^^^^^
  458 |                 </div>
  459 |               )
  460 |             )}

Parsing ecmascript source code failed

Import traces:
  Client Component Browser:
    ./src/app/problem-sets/[id]/page.tsx [Client Component Browser]
    ./src/app/problem-sets/[id]/page.tsx [Server Component]

  Client Component SSR:
    ./src/app/problem-sets/[id]/page.tsx [Client Component SSR]
    ./src/app/problem-sets/[id]/page.tsx [Server Component] @ http://localhost:3000/_next/static/chunks/node_modules_next_dist_0u_w_5s._.js:1945
[ 1142881ms] [ERROR] ./src/app/problem-sets/[id]/page.tsx:457:20
Unterminated regexp literal
  455 |                       GitHub에서 보기 →
  456 |                     </a>
> 457 |                   </div>
      |                    ^^^^^
  458 |                 </div>
  459 |               )
  460 |             )}

Parsing ecmascript source code failed

Import traces:
  Client Component Browser:
    ./src/app/problem-sets/[id]/page.tsx [Client Component Browser]
    ./src/app/problem-sets/[id]/page.tsx [Server Component]

  Client Component SSR:
    ./src/app/problem-sets/[id]/page.tsx [Client Component SSR]
    ./src/app/problem-sets/[id]/page.tsx [Server Component] @ http://localhost:3000/_next/static/chunks/node_modules_next_dist_0u_w_5s._.js:1945
[ 1142932ms] [ERROR] ./src/app/problem-sets/[id]/page.tsx:457:20
Unterminated regexp literal
  455 |                       GitHub에서 보기 →
  456 |                     </a>
> 457 |                   </div>
      |                    ^^^^^
  458 |                 </div>
  459 |               )
  460 |             )}

Parsing ecmascript source code failed

Import traces:
  Client Component Browser:
    ./src/app/problem-sets/[id]/page.tsx [Client Component Browser]
    ./src/app/problem-sets/[id]/page.tsx [Server Component]

  Client Component SSR:
    ./src/app/problem-sets/[id]/page.tsx [Client Component SSR]
    ./src/app/problem-sets/[id]/page.tsx [Server Component] @ http://localhost:3000/_next/static/chunks/node_modules_next_dist_0u_w_5s._.js:1945
[ 1142998ms] [ERROR] ./src/app/problem-sets/[id]/page.tsx:457:20
Unterminated regexp literal
  455 |                       GitHub에서 보기 →
  456 |                     </a>
> 457 |                   </div>
      |                    ^^^^^
  458 |                 </div>
  459 |               )
  460 |             )}

Parsing ecmascript source code failed

Import traces:
  Client Component Browser:
    ./src/app/problem-sets/[id]/page.tsx [Client Component Browser]
    ./src/app/problem-sets/[id]/page.tsx [Server Component]

  Client Component SSR:
    ./src/app/problem-sets/[id]/page.tsx [Client Component SSR]
    ./src/app/problem-sets/[id]/page.tsx [Server Component] @ http://localhost:3000/_next/static/chunks/node_modules_next_dist_0u_w_5s._.js:1945
[ 1143064ms] [ERROR] ./src/app/problem-sets/[id]/page.tsx:457:20
Unterminated regexp literal
  455 |                       GitHub에서 보기 →
  456 |                     </a>
> 457 |                   </div>
      |                    ^^^^^
  458 |                 </div>
  459 |               )
  460 |             )}

Parsing ecmascript source code failed

Import traces:
  Client Component Browser:
    ./src/app/problem-sets/[id]/page.tsx [Client Component Browser]
    ./src/app/problem-sets/[id]/page.tsx [Server Component]

  Client Component SSR:
    ./src/app/problem-sets/[id]/page.tsx [Client Component SSR]
    ./src/app/problem-sets/[id]/page.tsx [Server Component] @ http://localhost:3000/_next/static/chunks/node_modules_next_dist_0u_w_5s._.js:1945
[ 1143130ms] [ERROR] ./src/app/problem-sets/[id]/page.tsx:457:20
Unterminated regexp literal
  455 |                       GitHub에서 보기 →
  456 |                     </a>
> 457 |                   </div>
      |                    ^^^^^
  458 |                 </div>
  459 |               )
  460 |             )}

Parsing ecmascript source code failed

Import traces:
  Client Component Browser:
    ./src/app/problem-sets/[id]/page.tsx [Client Component Browser]
    ./src/app/problem-sets/[id]/page.tsx [Server Component]

  Client Component SSR:
    ./src/app/problem-sets/[id]/page.tsx [Client Component SSR]
    ./src/app/problem-sets/[id]/page.tsx [Server Component] @ http://localhost:3000/_next/static/chunks/node_modules_next_dist_0u_w_5s._.js:1945
[ 1143197ms] [ERROR] ./src/app/problem-sets/[id]/page.tsx:457:20
Unterminated regexp literal
  455 |                       GitHub에서 보기 →
  456 |                     </a>
> 457 |                   </div>
      |                    ^^^^^
  458 |                 </div>
  459 |               )
  460 |             )}

Parsing ecmascript source code failed

Import traces:
  Client Component Browser:
    ./src/app/problem-sets/[id]/page.tsx [Client Component Browser]
    ./src/app/problem-sets/[id]/page.tsx [Server Component]

  Client Component SSR:
    ./src/app/problem-sets/[id]/page.tsx [Client Component SSR]
    ./src/app/problem-sets/[id]/page.tsx [Server Component] @ http://localhost:3000/_next/static/chunks/node_modules_next_dist_0u_w_5s._.js:1945
[ 1143262ms] [ERROR] ./src/app/problem-sets/[id]/page.tsx:457:20
Unterminated regexp literal
  455 |                       GitHub에서 보기 →
  456 |                     </a>
> 457 |                   </div>
      |                    ^^^^^
  458 |                 </div>
  459 |               )
  460 |             )}

Parsing ecmascript source code failed

Import traces:
  Client Component Browser:
    ./src/app/problem-sets/[id]/page.tsx [Client Component Browser]
    ./src/app/problem-sets/[id]/page.tsx [Server Component]

  Client Component SSR:
    ./src/app/problem-sets/[id]/page.tsx [Client Component SSR]
    ./src/app/problem-sets/[id]/page.tsx [Server Component] @ http://localhost:3000/_next/static/chunks/node_modules_next_dist_0u_w_5s._.js:1945
[ 1143330ms] [ERROR] ./src/app/problem-sets/[id]/page.tsx:457:20
Unterminated regexp literal
  455 |                       GitHub에서 보기 →
  456 |                     </a>
> 457 |                   </div>
      |                    ^^^^^
  458 |                 </div>
  459 |               )
  460 |             )}

Parsing ecmascript source code failed

Import traces:
  Client Component Browser:
    ./src/app/problem-sets/[id]/page.tsx [Client Component Browser]
    ./src/app/problem-sets/[id]/page.tsx [Server Component]

  Client Component SSR:
    ./src/app/problem-sets/[id]/page.tsx [Client Component SSR]
    ./src/app/problem-sets/[id]/page.tsx [Server Component] @ http://localhost:3000/_next/static/chunks/node_modules_next_dist_0u_w_5s._.js:1945
[ 1143392ms] [ERROR] ./src/app/problem-sets/[id]/page.tsx:457:20
Unterminated regexp literal
  455 |                       GitHub에서 보기 →
  456 |                     </a>
> 457 |                   </div>
      |                    ^^^^^
  458 |                 </div>
  459 |               )
  460 |             )}

Parsing ecmascript source code failed

Import traces:
  Client Component Browser:
    ./src/app/problem-sets/[id]/page.tsx [Client Component Browser]
    ./src/app/problem-sets/[id]/page.tsx [Server Component]

  Client Component SSR:
    ./src/app/problem-sets/[id]/page.tsx [Client Component SSR]
    ./src/app/problem-sets/[id]/page.tsx [Server Component] @ http://localhost:3000/_next/static/chunks/node_modules_next_dist_0u_w_5s._.js:1945
[ 1143444ms] [ERROR] ./src/app/problem-sets/[id]/page.tsx:457:20
Unterminated regexp literal
  455 |                       GitHub에서 보기 →
  456 |                     </a>
> 457 |                   </div>
      |                    ^^^^^
  458 |                 </div>
  459 |               )
  460 |             )}

Parsing ecmascript source code failed

Import traces:
  Client Component Browser:
    ./src/app/problem-sets/[id]/page.tsx [Client Component Browser]
    ./src/app/problem-sets/[id]/page.tsx [Server Component]

  Client Component SSR:
    ./src/app/problem-sets/[id]/page.tsx [Client Component SSR]
    ./src/app/problem-sets/[id]/page.tsx [Server Component] @ http://localhost:3000/_next/static/chunks/node_modules_next_dist_0u_w_5s._.js:1945
[ 1143497ms] [ERROR] ./src/app/problem-sets/[id]/page.tsx:457:20
Unterminated regexp literal
  455 |                       GitHub에서 보기 →
  456 |                     </a>
> 457 |                   </div>
      |                    ^^^^^
  458 |                 </div>
  459 |               )
  460 |             )}

Parsing ecmascript source code failed

Import traces:
  Client Component Browser:
    ./src/app/problem-sets/[id]/page.tsx [Client Component Browser]
    ./src/app/problem-sets/[id]/page.tsx [Server Component]

  Client Component SSR:
    ./src/app/problem-sets/[id]/page.tsx [Client Component SSR]
    ./src/app/problem-sets/[id]/page.tsx [Server Component] @ http://localhost:3000/_next/static/chunks/node_modules_next_dist_0u_w_5s._.js:1945
[ 1143563ms] [ERROR] ./src/app/problem-sets/[id]/page.tsx:457:20
Unterminated regexp literal
  455 |                       GitHub에서 보기 →
  456 |                     </a>
> 457 |                   </div>
      |                    ^^^^^
  458 |                 </div>
  459 |               )
  460 |             )}

Parsing ecmascript source code failed

Import traces:
  Client Component Browser:
    ./src/app/problem-sets/[id]/page.tsx [Client Component Browser]
    ./src/app/problem-sets/[id]/page.tsx [Server Component]

  Client Component SSR:
    ./src/app/problem-sets/[id]/page.tsx [Client Component SSR]
    ./src/app/problem-sets/[id]/page.tsx [Server Component] @ http://localhost:3000/_next/static/chunks/node_modules_next_dist_0u_w_5s._.js:1945
[ 1143630ms] [ERROR] ./src/app/problem-sets/[id]/page.tsx:457:20
Unterminated regexp literal
  455 |                       GitHub에서 보기 →
  456 |                     </a>
> 457 |                   </div>
      |                    ^^^^^
  458 |                 </div>
  459 |               )
  460 |             )}

Parsing ecmascript source code failed

Import traces:
  Client Component Browser:
    ./src/app/problem-sets/[id]/page.tsx [Client Component Browser]
    ./src/app/problem-sets/[id]/page.tsx [Server Component]

  Client Component SSR:
    ./src/app/problem-sets/[id]/page.tsx [Client Component SSR]
    ./src/app/problem-sets/[id]/page.tsx [Server Component] @ http://localhost:3000/_next/static/chunks/node_modules_next_dist_0u_w_5s._.js:1945
[ 1143690ms] [ERROR] ./src/app/problem-sets/[id]/page.tsx:457:20
Unterminated regexp literal
  455 |                       GitHub에서 보기 →
  456 |                     </a>
> 457 |                   </div>
      |                    ^^^^^
  458 |                 </div>
  459 |               )
  460 |             )}

Parsing ecmascript source code failed

Import traces:
  Client Component Browser:
    ./src/app/problem-sets/[id]/page.tsx [Client Component Browser]
    ./src/app/problem-sets/[id]/page.tsx [Server Component]

  Client Component SSR:
    ./src/app/problem-sets/[id]/page.tsx [Client Component SSR]
    ./src/app/problem-sets/[id]/page.tsx [Server Component] @ http://localhost:3000/_next/static/chunks/node_modules_next_dist_0u_w_5s._.js:1945
[ 1143747ms] [ERROR] ./src/app/problem-sets/[id]/page.tsx:457:20
Unterminated regexp literal
  455 |                       GitHub에서 보기 →
  456 |                     </a>
> 457 |                   </div>
      |                    ^^^^^
  458 |                 </div>
  459 |               )
  460 |             )}

Parsing ecmascript source code failed

Import traces:
  Client Component Browser:
    ./src/app/problem-sets/[id]/page.tsx [Client Component Browser]
    ./src/app/problem-sets/[id]/page.tsx [Server Component]

  Client Component SSR:
    ./src/app/problem-sets/[id]/page.tsx [Client Component SSR]
    ./src/app/problem-sets/[id]/page.tsx [Server Component] @ http://localhost:3000/_next/static/chunks/node_modules_next_dist_0u_w_5s._.js:1945
[ 1143813ms] [ERROR] ./src/app/problem-sets/[id]/page.tsx:457:20
Unterminated regexp literal
  455 |                       GitHub에서 보기 →
  456 |                     </a>
> 457 |                   </div>
      |                    ^^^^^
  458 |                 </div>
  459 |               )
  460 |             )}

Parsing ecmascript source code failed

Import traces:
  Client Component Browser:
    ./src/app/problem-sets/[id]/page.tsx [Client Component Browser]
    ./src/app/problem-sets/[id]/page.tsx [Server Component]

  Client Component SSR:
    ./src/app/problem-sets/[id]/page.tsx [Client Component SSR]
    ./src/app/problem-sets/[id]/page.tsx [Server Component] @ http://localhost:3000/_next/static/chunks/node_modules_next_dist_0u_w_5s._.js:1945
[ 1143864ms] [ERROR] ./src/app/problem-sets/[id]/page.tsx:457:20
Unterminated regexp literal
  455 |                       GitHub에서 보기 →
  456 |                     </a>
> 457 |                   </div>
      |                    ^^^^^
  458 |                 </div>
  459 |               )
  460 |             )}

Parsing ecmascript source code failed

Import traces:
  Client Component Browser:
    ./src/app/problem-sets/[id]/page.tsx [Client Component Browser]
    ./src/app/problem-sets/[id]/page.tsx [Server Component]

  Client Component SSR:
    ./src/app/problem-sets/[id]/page.tsx [Client Component SSR]
    ./src/app/problem-sets/[id]/page.tsx [Server Component] @ http://localhost:3000/_next/static/chunks/node_modules_next_dist_0u_w_5s._.js:1945
[ 1143915ms] [ERROR] ./src/app/problem-sets/[id]/page.tsx:457:20
Unterminated regexp literal
  455 |                       GitHub에서 보기 →
  456 |                     </a>
> 457 |                   </div>
      |                    ^^^^^
  458 |                 </div>
  459 |               )
  460 |             )}

Parsing ecmascript source code failed

Import traces:
  Client Component Browser:
    ./src/app/problem-sets/[id]/page.tsx [Client Component Browser]
    ./src/app/problem-sets/[id]/page.tsx [Server Component]

  Client Component SSR:
    ./src/app/problem-sets/[id]/page.tsx [Client Component SSR]
    ./src/app/problem-sets/[id]/page.tsx [Server Component] @ http://localhost:3000/_next/static/chunks/node_modules_next_dist_0u_w_5s._.js:1945
[ 1143979ms] [ERROR] ./src/app/problem-sets/[id]/page.tsx:457:20
Unterminated regexp literal
  455 |                       GitHub에서 보기 →
  456 |                     </a>
> 457 |                   </div>
      |                    ^^^^^
  458 |                 </div>
  459 |               )
  460 |             )}

Parsing ecmascript source code failed

Import traces:
  Client Component Browser:
    ./src/app/problem-sets/[id]/page.tsx [Client Component Browser]
    ./src/app/problem-sets/[id]/page.tsx [Server Component]

  Client Component SSR:
    ./src/app/problem-sets/[id]/page.tsx [Client Component SSR]
    ./src/app/problem-sets/[id]/page.tsx [Server Component] @ http://localhost:3000/_next/static/chunks/node_modules_next_dist_0u_w_5s._.js:1945
[ 1144041ms] [ERROR] ./src/app/problem-sets/[id]/page.tsx:457:20
Unterminated regexp literal
  455 |                       GitHub에서 보기 →
  456 |                     </a>
> 457 |                   </div>
      |                    ^^^^^
  458 |                 </div>
  459 |               )
  460 |             )}

Parsing ecmascript source code failed

Import traces:
  Client Component Browser:
    ./src/app/problem-sets/[id]/page.tsx [Client Component Browser]
    ./src/app/problem-sets/[id]/page.tsx [Server Component]

  Client Component SSR:
    ./src/app/problem-sets/[id]/page.tsx [Client Component SSR]
    ./src/app/problem-sets/[id]/page.tsx [Server Component] @ http://localhost:3000/_next/static/chunks/node_modules_next_dist_0u_w_5s._.js:1945
[ 1144097ms] [ERROR] ./src/app/problem-sets/[id]/page.tsx:457:20
Unterminated regexp literal
  455 |                       GitHub에서 보기 →
  456 |                     </a>
> 457 |                   </div>
      |                    ^^^^^
  458 |                 </div>
  459 |               )
  460 |             )}

Parsing ecmascript source code failed

Import traces:
  Client Component Browser:
    ./src/app/problem-sets/[id]/page.tsx [Client Component Browser]
    ./src/app/problem-sets/[id]/page.tsx [Server Component]

  Client Component SSR:
    ./src/app/problem-sets/[id]/page.tsx [Client Component SSR]
    ./src/app/problem-sets/[id]/page.tsx [Server Component] @ http://localhost:3000/_next/static/chunks/node_modules_next_dist_0u_w_5s._.js:1945
[ 1144159ms] [ERROR] ./src/app/problem-sets/[id]/page.tsx:457:20
Unterminated regexp literal
  455 |                       GitHub에서 보기 →
  456 |                     </a>
> 457 |                   </div>
      |                    ^^^^^
  458 |                 </div>
  459 |               )
  460 |             )}

Parsing ecmascript source code failed

Import traces:
  Client Component Browser:
    ./src/app/problem-sets/[id]/page.tsx [Client Component Browser]
    ./src/app/problem-sets/[id]/page.tsx [Server Component]

  Client Component SSR:
    ./src/app/problem-sets/[id]/page.tsx [Client Component SSR]
    ./src/app/problem-sets/[id]/page.tsx [Server Component] @ http://localhost:3000/_next/static/chunks/node_modules_next_dist_0u_w_5s._.js:1945
[ 1144214ms] [ERROR] ./src/app/problem-sets/[id]/page.tsx:457:20
Unterminated regexp literal
  455 |                       GitHub에서 보기 →
  456 |                     </a>
> 457 |                   </div>
      |                    ^^^^^
  458 |                 </div>
  459 |               )
  460 |             )}

Parsing ecmascript source code failed

Import traces:
  Client Component Browser:
    ./src/app/problem-sets/[id]/page.tsx [Client Component Browser]
    ./src/app/problem-sets/[id]/page.tsx [Server Component]

  Client Component SSR:
    ./src/app/problem-sets/[id]/page.tsx [Client Component SSR]
    ./src/app/problem-sets/[id]/page.tsx [Server Component] @ http://localhost:3000/_next/static/chunks/node_modules_next_dist_0u_w_5s._.js:1945
[ 1144279ms] [ERROR] ./src/app/problem-sets/[id]/page.tsx:457:20
Unterminated regexp literal
  455 |                       GitHub에서 보기 →
  456 |                     </a>
> 457 |                   </div>
      |                    ^^^^^
  458 |                 </div>
  459 |               )
  460 |             )}

Parsing ecmascript source code failed

Import traces:
  Client Component Browser:
    ./src/app/problem-sets/[id]/page.tsx [Client Component Browser]
    ./src/app/problem-sets/[id]/page.tsx [Server Component]

  Client Component SSR:
    ./src/app/problem-sets/[id]/page.tsx [Client Component SSR]
    ./src/app/problem-sets/[id]/page.tsx [Server Component] @ http://localhost:3000/_next/static/chunks/node_modules_next_dist_0u_w_5s._.js:1945
[ 1144331ms] [ERROR] ./src/app/problem-sets/[id]/page.tsx:457:20
Unterminated regexp literal
  455 |                       GitHub에서 보기 →
  456 |                     </a>
> 457 |                   </div>
      |                    ^^^^^
  458 |                 </div>
  459 |               )
  460 |             )}

Parsing ecmascript source code failed

Import traces:
  Client Component Browser:
    ./src/app/problem-sets/[id]/page.tsx [Client Component Browser]
    ./src/app/problem-sets/[id]/page.tsx [Server Component]

  Client Component SSR:
    ./src/app/problem-sets/[id]/page.tsx [Client Component SSR]
    ./src/app/problem-sets/[id]/page.tsx [Server Component] @ http://localhost:3000/_next/static/chunks/node_modules_next_dist_0u_w_5s._.js:1945
[ 1144391ms] [ERROR] ./src/app/problem-sets/[id]/page.tsx:457:20
Unterminated regexp literal
  455 |                       GitHub에서 보기 →
  456 |                     </a>
> 457 |                   </div>
      |                    ^^^^^
  458 |                 </div>
  459 |               )
  460 |             )}

Parsing ecmascript source code failed

Import traces:
  Client Component Browser:
    ./src/app/problem-sets/[id]/page.tsx [Client Component Browser]
    ./src/app/problem-sets/[id]/page.tsx [Server Component]

  Client Component SSR:
    ./src/app/problem-sets/[id]/page.tsx [Client Component SSR]
    ./src/app/problem-sets/[id]/page.tsx [Server Component] @ http://localhost:3000/_next/static/chunks/node_modules_next_dist_0u_w_5s._.js:1945
[ 1144448ms] [ERROR] ./src/app/problem-sets/[id]/page.tsx:457:20
Unterminated regexp literal
  455 |                       GitHub에서 보기 →
  456 |                     </a>
> 457 |                   </div>
      |                    ^^^^^
  458 |                 </div>
  459 |               )
  460 |             )}

Parsing ecmascript source code failed

Import traces:
  Client Component Browser:
    ./src/app/problem-sets/[id]/page.tsx [Client Component Browser]
    ./src/app/problem-sets/[id]/page.tsx [Server Component]

  Client Component SSR:
    ./src/app/problem-sets/[id]/page.tsx [Client Component SSR]
    ./src/app/problem-sets/[id]/page.tsx [Server Component] @ http://localhost:3000/_next/static/chunks/node_modules_next_dist_0u_w_5s._.js:1945
[ 1144513ms] [ERROR] ./src/app/problem-sets/[id]/page.tsx:457:20
Unterminated regexp literal
  455 |                       GitHub에서 보기 →
  456 |                     </a>
> 457 |                   </div>
      |                    ^^^^^
  458 |                 </div>
  459 |               )
  460 |             )}

Parsing ecmascript source code failed

Import traces:
  Client Component Browser:
    ./src/app/problem-sets/[id]/page.tsx [Client Component Browser]
    ./src/app/problem-sets/[id]/page.tsx [Server Component]

  Client Component SSR:
    ./src/app/problem-sets/[id]/page.tsx [Client Component SSR]
    ./src/app/problem-sets/[id]/page.tsx [Server Component] @ http://localhost:3000/_next/static/chunks/node_modules_next_dist_0u_w_5s._.js:1945
[ 1144564ms] [ERROR] ./src/app/problem-sets/[id]/page.tsx:457:20
Unterminated regexp literal
  455 |                       GitHub에서 보기 →
  456 |                     </a>
> 457 |                   </div>
      |                    ^^^^^
  458 |                 </div>
  459 |               )
  460 |             )}

Parsing ecmascript source code failed

Import traces:
  Client Component Browser:
    ./src/app/problem-sets/[id]/page.tsx [Client Component Browser]
    ./src/app/problem-sets/[id]/page.tsx [Server Component]

  Client Component SSR:
    ./src/app/problem-sets/[id]/page.tsx [Client Component SSR]
    ./src/app/problem-sets/[id]/page.tsx [Server Component] @ http://localhost:3000/_next/static/chunks/node_modules_next_dist_0u_w_5s._.js:1945
[ 1144629ms] [ERROR] ./src/app/problem-sets/[id]/page.tsx:457:20
Unterminated regexp literal
  455 |                       GitHub에서 보기 →
  456 |                     </a>
> 457 |                   </div>
      |                    ^^^^^
  458 |                 </div>
  459 |               )
  460 |             )}

Parsing ecmascript source code failed

Import traces:
  Client Component Browser:
    ./src/app/problem-sets/[id]/page.tsx [Client Component Browser]
    ./src/app/problem-sets/[id]/page.tsx [Server Component]

  Client Component SSR:
    ./src/app/problem-sets/[id]/page.tsx [Client Component SSR]
    ./src/app/problem-sets/[id]/page.tsx [Server Component] @ http://localhost:3000/_next/static/chunks/node_modules_next_dist_0u_w_5s._.js:1945
[ 1144696ms] [ERROR] ./src/app/problem-sets/[id]/page.tsx:457:20
Unterminated regexp literal
  455 |                       GitHub에서 보기 →
  456 |                     </a>
> 457 |                   </div>
      |                    ^^^^^
  458 |                 </div>
  459 |               )
  460 |             )}

Parsing ecmascript source code failed

Import traces:
  Client Component Browser:
    ./src/app/problem-sets/[id]/page.tsx [Client Component Browser]
    ./src/app/problem-sets/[id]/page.tsx [Server Component]

  Client Component SSR:
    ./src/app/problem-sets/[id]/page.tsx [Client Component SSR]
    ./src/app/problem-sets/[id]/page.tsx [Server Component] @ http://localhost:3000/_next/static/chunks/node_modules_next_dist_0u_w_5s._.js:1945
[ 1144757ms] [ERROR] ./src/app/problem-sets/[id]/page.tsx:457:20
Unterminated regexp literal
  455 |                       GitHub에서 보기 →
  456 |                     </a>
> 457 |                   </div>
      |                    ^^^^^
  458 |                 </div>
  459 |               )
  460 |             )}

Parsing ecmascript source code failed

Import traces:
  Client Component Browser:
    ./src/app/problem-sets/[id]/page.tsx [Client Component Browser]
    ./src/app/problem-sets/[id]/page.tsx [Server Component]

  Client Component SSR:
    ./src/app/problem-sets/[id]/page.tsx [Client Component SSR]
    ./src/app/problem-sets/[id]/page.tsx [Server Component] @ http://localhost:3000/_next/static/chunks/node_modules_next_dist_0u_w_5s._.js:1945
[ 1144815ms] [ERROR] ./src/app/problem-sets/[id]/page.tsx:457:20
Unterminated regexp literal
  455 |                       GitHub에서 보기 →
  456 |                     </a>
> 457 |                   </div>
      |                    ^^^^^
  458 |                 </div>
  459 |               )
  460 |             )}

Parsing ecmascript source code failed

Import traces:
  Client Component Browser:
    ./src/app/problem-sets/[id]/page.tsx [Client Component Browser]
    ./src/app/problem-sets/[id]/page.tsx [Server Component]

  Client Component SSR:
    ./src/app/problem-sets/[id]/page.tsx [Client Component SSR]
    ./src/app/problem-sets/[id]/page.tsx [Server Component] @ http://localhost:3000/_next/static/chunks/node_modules_next_dist_0u_w_5s._.js:1945
[ 1144869ms] [ERROR] ./src/app/problem-sets/[id]/page.tsx:457:20
Unterminated regexp literal
  455 |                       GitHub에서 보기 →
  456 |                     </a>
> 457 |                   </div>
      |                    ^^^^^
  458 |                 </div>
  459 |               )
  460 |             )}

Parsing ecmascript source code failed

Import traces:
  Client Component Browser:
    ./src/app/problem-sets/[id]/page.tsx [Client Component Browser]
    ./src/app/problem-sets/[id]/page.tsx [Server Component]

  Client Component SSR:
    ./src/app/problem-sets/[id]/page.tsx [Client Component SSR]
    ./src/app/problem-sets/[id]/page.tsx [Server Component] @ http://localhost:3000/_next/static/chunks/node_modules_next_dist_0u_w_5s._.js:1945
[ 1144929ms] [ERROR] ./src/app/problem-sets/[id]/page.tsx:457:20
Unterminated regexp literal
  455 |                       GitHub에서 보기 →
  456 |                     </a>
> 457 |                   </div>
      |                    ^^^^^
  458 |                 </div>
  459 |               )
  460 |             )}

Parsing ecmascript source code failed

Import traces:
  Client Component Browser:
    ./src/app/problem-sets/[id]/page.tsx [Client Component Browser]
    ./src/app/problem-sets/[id]/page.tsx [Server Component]

  Client Component SSR:
    ./src/app/problem-sets/[id]/page.tsx [Client Component SSR]
    ./src/app/problem-sets/[id]/page.tsx [Server Component] @ http://localhost:3000/_next/static/chunks/node_modules_next_dist_0u_w_5s._.js:1945
[ 1144996ms] [ERROR] ./src/app/problem-sets/[id]/page.tsx:457:20
Unterminated regexp literal
  455 |                       GitHub에서 보기 →
  456 |                     </a>
> 457 |                   </div>
      |                    ^^^^^
  458 |                 </div>
  459 |               )
  460 |             )}

Parsing ecmascript source code failed

Import traces:
  Client Component Browser:
    ./src/app/problem-sets/[id]/page.tsx [Client Component Browser]
    ./src/app/problem-sets/[id]/page.tsx [Server Component]

  Client Component SSR:
    ./src/app/problem-sets/[id]/page.tsx [Client Component SSR]
    ./src/app/problem-sets/[id]/page.tsx [Server Component] @ http://localhost:3000/_next/static/chunks/node_modules_next_dist_0u_w_5s._.js:1945
[ 1145062ms] [ERROR] ./src/app/problem-sets/[id]/page.tsx:457:20
Unterminated regexp literal
  455 |                       GitHub에서 보기 →
  456 |                     </a>
> 457 |                   </div>
      |                    ^^^^^
  458 |                 </div>
  459 |               )
  460 |             )}

Parsing ecmascript source code failed

Import traces:
  Client Component Browser:
    ./src/app/problem-sets/[id]/page.tsx [Client Component Browser]
    ./src/app/problem-sets/[id]/page.tsx [Server Component]

  Client Component SSR:
    ./src/app/problem-sets/[id]/page.tsx [Client Component SSR]
    ./src/app/problem-sets/[id]/page.tsx [Server Component] @ http://localhost:3000/_next/static/chunks/node_modules_next_dist_0u_w_5s._.js:1945
[ 1145129ms] [ERROR] ./src/app/problem-sets/[id]/page.tsx:457:20
Unterminated regexp literal
  455 |                       GitHub에서 보기 →
  456 |                     </a>
> 457 |                   </div>
      |                    ^^^^^
  458 |                 </div>
  459 |               )
  460 |             )}

Parsing ecmascript source code failed

Import traces:
  Client Component Browser:
    ./src/app/problem-sets/[id]/page.tsx [Client Component Browser]
    ./src/app/problem-sets/[id]/page.tsx [Server Component]

  Client Component SSR:
    ./src/app/problem-sets/[id]/page.tsx [Client Component SSR]
    ./src/app/problem-sets/[id]/page.tsx [Server Component] @ http://localhost:3000/_next/static/chunks/node_modules_next_dist_0u_w_5s._.js:1945
[ 1145192ms] [ERROR] ./src/app/problem-sets/[id]/page.tsx:457:20
Unterminated regexp literal
  455 |                       GitHub에서 보기 →
  456 |                     </a>
> 457 |                   </div>
      |                    ^^^^^
  458 |                 </div>
  459 |               )
  460 |             )}

Parsing ecmascript source code failed

Import traces:
  Client Component Browser:
    ./src/app/problem-sets/[id]/page.tsx [Client Component Browser]
    ./src/app/problem-sets/[id]/page.tsx [Server Component]

  Client Component SSR:
    ./src/app/problem-sets/[id]/page.tsx [Client Component SSR]
    ./src/app/problem-sets/[id]/page.tsx [Server Component] @ http://localhost:3000/_next/static/chunks/node_modules_next_dist_0u_w_5s._.js:1945
[ 1145247ms] [ERROR] ./src/app/problem-sets/[id]/page.tsx:457:20
Unterminated regexp literal
  455 |                       GitHub에서 보기 →
  456 |                     </a>
> 457 |                   </div>
      |                    ^^^^^
  458 |                 </div>
  459 |               )
  460 |             )}

Parsing ecmascript source code failed

Import traces:
  Client Component Browser:
    ./src/app/problem-sets/[id]/page.tsx [Client Component Browser]
    ./src/app/problem-sets/[id]/page.tsx [Server Component]

  Client Component SSR:
    ./src/app/problem-sets/[id]/page.tsx [Client Component SSR]
    ./src/app/problem-sets/[id]/page.tsx [Server Component] @ http://localhost:3000/_next/static/chunks/node_modules_next_dist_0u_w_5s._.js:1945
[ 1145315ms] [ERROR] ./src/app/problem-sets/[id]/page.tsx:457:20
Unterminated regexp literal
  455 |                       GitHub에서 보기 →
  456 |                     </a>
> 457 |                   </div>
      |                    ^^^^^
  458 |                 </div>
  459 |               )
  460 |             )}

Parsing ecmascript source code failed

Import traces:
  Client Component Browser:
    ./src/app/problem-sets/[id]/page.tsx [Client Component Browser]
    ./src/app/problem-sets/[id]/page.tsx [Server Component]

  Client Component SSR:
    ./src/app/problem-sets/[id]/page.tsx [Client Component SSR]
    ./src/app/problem-sets/[id]/page.tsx [Server Component] @ http://localhost:3000/_next/static/chunks/node_modules_next_dist_0u_w_5s._.js:1945
[ 1145380ms] [ERROR] ./src/app/problem-sets/[id]/page.tsx:457:20
Unterminated regexp literal
  455 |                       GitHub에서 보기 →
  456 |                     </a>
> 457 |                   </div>
      |                    ^^^^^
  458 |                 </div>
  459 |               )
  460 |             )}

Parsing ecmascript source code failed

Import traces:
  Client Component Browser:
    ./src/app/problem-sets/[id]/page.tsx [Client Component Browser]
    ./src/app/problem-sets/[id]/page.tsx [Server Component]

  Client Component SSR:
    ./src/app/problem-sets/[id]/page.tsx [Client Component SSR]
    ./src/app/problem-sets/[id]/page.tsx [Server Component] @ http://localhost:3000/_next/static/chunks/node_modules_next_dist_0u_w_5s._.js:1945
[ 1145447ms] [ERROR] ./src/app/problem-sets/[id]/page.tsx:457:20
Unterminated regexp literal
  455 |                       GitHub에서 보기 →
  456 |                     </a>
> 457 |                   </div>
      |                    ^^^^^
  458 |                 </div>
  459 |               )
  460 |             )}

Parsing ecmascript source code failed

Import traces:
  Client Component Browser:
    ./src/app/problem-sets/[id]/page.tsx [Client Component Browser]
    ./src/app/problem-sets/[id]/page.tsx [Server Component]

  Client Component SSR:
    ./src/app/problem-sets/[id]/page.tsx [Client Component SSR]
    ./src/app/problem-sets/[id]/page.tsx [Server Component] @ http://localhost:3000/_next/static/chunks/node_modules_next_dist_0u_w_5s._.js:1945
[ 1145514ms] [ERROR] ./src/app/problem-sets/[id]/page.tsx:457:20
Unterminated regexp literal
  455 |                       GitHub에서 보기 →
  456 |                     </a>
> 457 |                   </div>
      |                    ^^^^^
  458 |                 </div>
  459 |               )
  460 |             )}

Parsing ecmascript source code failed

Import traces:
  Client Component Browser:
    ./src/app/problem-sets/[id]/page.tsx [Client Component Browser]
    ./src/app/problem-sets/[id]/page.tsx [Server Component]

  Client Component SSR:
    ./src/app/problem-sets/[id]/page.tsx [Client Component SSR]
    ./src/app/problem-sets/[id]/page.tsx [Server Component] @ http://localhost:3000/_next/static/chunks/node_modules_next_dist_0u_w_5s._.js:1945
[ 1145581ms] [ERROR] ./src/app/problem-sets/[id]/page.tsx:457:20
Unterminated regexp literal
  455 |                       GitHub에서 보기 →
  456 |                     </a>
> 457 |                   </div>
      |                    ^^^^^
  458 |                 </div>
  459 |               )
  460 |             )}

Parsing ecmascript source code failed

Import traces:
  Client Component Browser:
    ./src/app/problem-sets/[id]/page.tsx [Client Component Browser]
    ./src/app/problem-sets/[id]/page.tsx [Server Component]

  Client Component SSR:
    ./src/app/problem-sets/[id]/page.tsx [Client Component SSR]
    ./src/app/problem-sets/[id]/page.tsx [Server Component] @ http://localhost:3000/_next/static/chunks/node_modules_next_dist_0u_w_5s._.js:1945
[ 1145644ms] [ERROR] ./src/app/problem-sets/[id]/page.tsx:457:20
Unterminated regexp literal
  455 |                       GitHub에서 보기 →
  456 |                     </a>
> 457 |                   </div>
      |                    ^^^^^
  458 |                 </div>
  459 |               )
  460 |             )}

Parsing ecmascript source code failed

Import traces:
  Client Component Browser:
    ./src/app/problem-sets/[id]/page.tsx [Client Component Browser]
    ./src/app/problem-sets/[id]/page.tsx [Server Component]

  Client Component SSR:
    ./src/app/problem-sets/[id]/page.tsx [Client Component SSR]
    ./src/app/problem-sets/[id]/page.tsx [Server Component] @ http://localhost:3000/_next/static/chunks/node_modules_next_dist_0u_w_5s._.js:1945
[ 1145707ms] [ERROR] ./src/app/problem-sets/[id]/page.tsx:457:20
Unterminated regexp literal
  455 |                       GitHub에서 보기 →
  456 |                     </a>
> 457 |                   </div>
      |                    ^^^^^
  458 |                 </div>
  459 |               )
  460 |             )}

Parsing ecmascript source code failed

Import traces:
  Client Component Browser:
    ./src/app/problem-sets/[id]/page.tsx [Client Component Browser]
    ./src/app/problem-sets/[id]/page.tsx [Server Component]

  Client Component SSR:
    ./src/app/problem-sets/[id]/page.tsx [Client Component SSR]
    ./src/app/problem-sets/[id]/page.tsx [Server Component] @ http://localhost:3000/_next/static/chunks/node_modules_next_dist_0u_w_5s._.js:1945
[ 1145763ms] [ERROR] ./src/app/problem-sets/[id]/page.tsx:457:20
Unterminated regexp literal
  455 |                       GitHub에서 보기 →
  456 |                     </a>
> 457 |                   </div>
      |                    ^^^^^
  458 |                 </div>
  459 |               )
  460 |             )}

Parsing ecmascript source code failed

Import traces:
  Client Component Browser:
    ./src/app/problem-sets/[id]/page.tsx [Client Component Browser]
    ./src/app/problem-sets/[id]/page.tsx [Server Component]

  Client Component SSR:
    ./src/app/problem-sets/[id]/page.tsx [Client Component SSR]
    ./src/app/problem-sets/[id]/page.tsx [Server Component] @ http://localhost:3000/_next/static/chunks/node_modules_next_dist_0u_w_5s._.js:1945
[ 1145830ms] [ERROR] ./src/app/problem-sets/[id]/page.tsx:457:20
Unterminated regexp literal
  455 |                       GitHub에서 보기 →
  456 |                     </a>
> 457 |                   </div>
      |                    ^^^^^
  458 |                 </div>
  459 |               )
  460 |             )}

Parsing ecmascript source code failed

Import traces:
  Client Component Browser:
    ./src/app/problem-sets/[id]/page.tsx [Client Component Browser]
    ./src/app/problem-sets/[id]/page.tsx [Server Component]

  Client Component SSR:
    ./src/app/problem-sets/[id]/page.tsx [Client Component SSR]
    ./src/app/problem-sets/[id]/page.tsx [Server Component] @ http://localhost:3000/_next/static/chunks/node_modules_next_dist_0u_w_5s._.js:1945
[ 1145897ms] [ERROR] ./src/app/problem-sets/[id]/page.tsx:457:20
Unterminated regexp literal
  455 |                       GitHub에서 보기 →
  456 |                     </a>
> 457 |                   </div>
      |                    ^^^^^
  458 |                 </div>
  459 |               )
  460 |             )}

Parsing ecmascript source code failed

Import traces:
  Client Component Browser:
    ./src/app/problem-sets/[id]/page.tsx [Client Component Browser]
    ./src/app/problem-sets/[id]/page.tsx [Server Component]

  Client Component SSR:
    ./src/app/problem-sets/[id]/page.tsx [Client Component SSR]
    ./src/app/problem-sets/[id]/page.tsx [Server Component] @ http://localhost:3000/_next/static/chunks/node_modules_next_dist_0u_w_5s._.js:1945
[ 1145964ms] [ERROR] ./src/app/problem-sets/[id]/page.tsx:457:20
Unterminated regexp literal
  455 |                       GitHub에서 보기 →
  456 |                     </a>
> 457 |                   </div>
      |                    ^^^^^
  458 |                 </div>
  459 |               )
  460 |             )}

Parsing ecmascript source code failed

Import traces:
  Client Component Browser:
    ./src/app/problem-sets/[id]/page.tsx [Client Component Browser]
    ./src/app/problem-sets/[id]/page.tsx [Server Component]

  Client Component SSR:
    ./src/app/problem-sets/[id]/page.tsx [Client Component SSR]
    ./src/app/problem-sets/[id]/page.tsx [Server Component] @ http://localhost:3000/_next/static/chunks/node_modules_next_dist_0u_w_5s._.js:1945
[ 1146031ms] [ERROR] ./src/app/problem-sets/[id]/page.tsx:457:20
Unterminated regexp literal
  455 |                       GitHub에서 보기 →
  456 |                     </a>
> 457 |                   </div>
      |                    ^^^^^
  458 |                 </div>
  459 |               )
  460 |             )}

Parsing ecmascript source code failed

Import traces:
  Client Component Browser:
    ./src/app/problem-sets/[id]/page.tsx [Client Component Browser]
    ./src/app/problem-sets/[id]/page.tsx [Server Component]

  Client Component SSR:
    ./src/app/problem-sets/[id]/page.tsx [Client Component SSR]
    ./src/app/problem-sets/[id]/page.tsx [Server Component] @ http://localhost:3000/_next/static/chunks/node_modules_next_dist_0u_w_5s._.js:1945
[ 1146096ms] [ERROR] ./src/app/problem-sets/[id]/page.tsx:457:20
Unterminated regexp literal
  455 |                       GitHub에서 보기 →
  456 |                     </a>
> 457 |                   </div>
      |                    ^^^^^
  458 |                 </div>
  459 |               )
  460 |             )}

Parsing ecmascript source code failed

Import traces:
  Client Component Browser:
    ./src/app/problem-sets/[id]/page.tsx [Client Component Browser]
    ./src/app/problem-sets/[id]/page.tsx [Server Component]

  Client Component SSR:
    ./src/app/problem-sets/[id]/page.tsx [Client Component SSR]
    ./src/app/problem-sets/[id]/page.tsx [Server Component] @ http://localhost:3000/_next/static/chunks/node_modules_next_dist_0u_w_5s._.js:1945
[ 1146163ms] [ERROR] ./src/app/problem-sets/[id]/page.tsx:457:20
Unterminated regexp literal
  455 |                       GitHub에서 보기 →
  456 |                     </a>
> 457 |                   </div>
      |                    ^^^^^
  458 |                 </div>
  459 |               )
  460 |             )}

Parsing ecmascript source code failed

Import traces:
  Client Component Browser:
    ./src/app/problem-sets/[id]/page.tsx [Client Component Browser]
    ./src/app/problem-sets/[id]/page.tsx [Server Component]

  Client Component SSR:
    ./src/app/problem-sets/[id]/page.tsx [Client Component SSR]
    ./src/app/problem-sets/[id]/page.tsx [Server Component] @ http://localhost:3000/_next/static/chunks/node_modules_next_dist_0u_w_5s._.js:1945
[ 1146215ms] [ERROR] ./src/app/problem-sets/[id]/page.tsx:457:20
Unterminated regexp literal
  455 |                       GitHub에서 보기 →
  456 |                     </a>
> 457 |                   </div>
      |                    ^^^^^
  458 |                 </div>
  459 |               )
  460 |             )}

Parsing ecmascript source code failed

Import traces:
  Client Component Browser:
    ./src/app/problem-sets/[id]/page.tsx [Client Component Browser]
    ./src/app/problem-sets/[id]/page.tsx [Server Component]

  Client Component SSR:
    ./src/app/problem-sets/[id]/page.tsx [Client Component SSR]
    ./src/app/problem-sets/[id]/page.tsx [Server Component] @ http://localhost:3000/_next/static/chunks/node_modules_next_dist_0u_w_5s._.js:1945
[ 1146282ms] [ERROR] ./src/app/problem-sets/[id]/page.tsx:457:20
Unterminated regexp literal
  455 |                       GitHub에서 보기 →
  456 |                     </a>
> 457 |                   </div>
      |                    ^^^^^
  458 |                 </div>
  459 |               )
  460 |             )}

Parsing ecmascript source code failed

Import traces:
  Client Component Browser:
    ./src/app/problem-sets/[id]/page.tsx [Client Component Browser]
    ./src/app/problem-sets/[id]/page.tsx [Server Component]

  Client Component SSR:
    ./src/app/problem-sets/[id]/page.tsx [Client Component SSR]
    ./src/app/problem-sets/[id]/page.tsx [Server Component] @ http://localhost:3000/_next/static/chunks/node_modules_next_dist_0u_w_5s._.js:1945
[ 1146336ms] [ERROR] ./src/app/problem-sets/[id]/page.tsx:457:20
Unterminated regexp literal
  455 |                       GitHub에서 보기 →
  456 |                     </a>
> 457 |                   </div>
      |                    ^^^^^
  458 |                 </div>
  459 |               )
  460 |             )}

Parsing ecmascript source code failed

Import traces:
  Client Component Browser:
    ./src/app/problem-sets/[id]/page.tsx [Client Component Browser]
    ./src/app/problem-sets/[id]/page.tsx [Server Component]

  Client Component SSR:
    ./src/app/problem-sets/[id]/page.tsx [Client Component SSR]
    ./src/app/problem-sets/[id]/page.tsx [Server Component] @ http://localhost:3000/_next/static/chunks/node_modules_next_dist_0u_w_5s._.js:1945
[ 1146397ms] [ERROR] ./src/app/problem-sets/[id]/page.tsx:457:20
Unterminated regexp literal
  455 |                       GitHub에서 보기 →
  456 |                     </a>
> 457 |                   </div>
      |                    ^^^^^
  458 |                 </div>
  459 |               )
  460 |             )}

Parsing ecmascript source code failed

Import traces:
  Client Component Browser:
    ./src/app/problem-sets/[id]/page.tsx [Client Component Browser]
    ./src/app/problem-sets/[id]/page.tsx [Server Component]

  Client Component SSR:
    ./src/app/problem-sets/[id]/page.tsx [Client Component SSR]
    ./src/app/problem-sets/[id]/page.tsx [Server Component] @ http://localhost:3000/_next/static/chunks/node_modules_next_dist_0u_w_5s._.js:1945
[ 1146463ms] [ERROR] ./src/app/problem-sets/[id]/page.tsx:457:20
Unterminated regexp literal
  455 |                       GitHub에서 보기 →
  456 |                     </a>
> 457 |                   </div>
      |                    ^^^^^
  458 |                 </div>
  459 |               )
  460 |             )}

Parsing ecmascript source code failed

Import traces:
  Client Component Browser:
    ./src/app/problem-sets/[id]/page.tsx [Client Component Browser]
    ./src/app/problem-sets/[id]/page.tsx [Server Component]

  Client Component SSR:
    ./src/app/problem-sets/[id]/page.tsx [Client Component SSR]
    ./src/app/problem-sets/[id]/page.tsx [Server Component] @ http://localhost:3000/_next/static/chunks/node_modules_next_dist_0u_w_5s._.js:1945
[ 1146530ms] [ERROR] ./src/app/problem-sets/[id]/page.tsx:457:20
Unterminated regexp literal
  455 |                       GitHub에서 보기 →
  456 |                     </a>
> 457 |                   </div>
      |                    ^^^^^
  458 |                 </div>
  459 |               )
  460 |             )}

Parsing ecmascript source code failed

Import traces:
  Client Component Browser:
    ./src/app/problem-sets/[id]/page.tsx [Client Component Browser]
    ./src/app/problem-sets/[id]/page.tsx [Server Component]

  Client Component SSR:
    ./src/app/problem-sets/[id]/page.tsx [Client Component SSR]
    ./src/app/problem-sets/[id]/page.tsx [Server Component] @ http://localhost:3000/_next/static/chunks/node_modules_next_dist_0u_w_5s._.js:1945
[ 1146597ms] [ERROR] ./src/app/problem-sets/[id]/page.tsx:457:20
Unterminated regexp literal
  455 |                       GitHub에서 보기 →
  456 |                     </a>
> 457 |                   </div>
      |                    ^^^^^
  458 |                 </div>
  459 |               )
  460 |             )}

Parsing ecmascript source code failed

Import traces:
  Client Component Browser:
    ./src/app/problem-sets/[id]/page.tsx [Client Component Browser]
    ./src/app/problem-sets/[id]/page.tsx [Server Component]

  Client Component SSR:
    ./src/app/problem-sets/[id]/page.tsx [Client Component SSR]
    ./src/app/problem-sets/[id]/page.tsx [Server Component] @ http://localhost:3000/_next/static/chunks/node_modules_next_dist_0u_w_5s._.js:1945
[ 1146664ms] [ERROR] ./src/app/problem-sets/[id]/page.tsx:457:20
Unterminated regexp literal
  455 |                       GitHub에서 보기 →
  456 |                     </a>
> 457 |                   </div>
      |                    ^^^^^
  458 |                 </div>
  459 |               )
  460 |             )}

Parsing ecmascript source code failed

Import traces:
  Client Component Browser:
    ./src/app/problem-sets/[id]/page.tsx [Client Component Browser]
    ./src/app/problem-sets/[id]/page.tsx [Server Component]

  Client Component SSR:
    ./src/app/problem-sets/[id]/page.tsx [Client Component SSR]
    ./src/app/problem-sets/[id]/page.tsx [Server Component] @ http://localhost:3000/_next/static/chunks/node_modules_next_dist_0u_w_5s._.js:1945
[ 1146716ms] [ERROR] ./src/app/problem-sets/[id]/page.tsx:457:20
Unterminated regexp literal
  455 |                       GitHub에서 보기 →
  456 |                     </a>
> 457 |                   </div>
      |                    ^^^^^
  458 |                 </div>
  459 |               )
  460 |             )}

Parsing ecmascript source code failed

Import traces:
  Client Component Browser:
    ./src/app/problem-sets/[id]/page.tsx [Client Component Browser]
    ./src/app/problem-sets/[id]/page.tsx [Server Component]

  Client Component SSR:
    ./src/app/problem-sets/[id]/page.tsx [Client Component SSR]
    ./src/app/problem-sets/[id]/page.tsx [Server Component] @ http://localhost:3000/_next/static/chunks/node_modules_next_dist_0u_w_5s._.js:1945
[ 1146780ms] [ERROR] ./src/app/problem-sets/[id]/page.tsx:457:20
Unterminated regexp literal
  455 |                       GitHub에서 보기 →
  456 |                     </a>
> 457 |                   </div>
      |                    ^^^^^
  458 |                 </div>
  459 |               )
  460 |             )}

Parsing ecmascript source code failed

Import traces:
  Client Component Browser:
    ./src/app/problem-sets/[id]/page.tsx [Client Component Browser]
    ./src/app/problem-sets/[id]/page.tsx [Server Component]

  Client Component SSR:
    ./src/app/problem-sets/[id]/page.tsx [Client Component SSR]
    ./src/app/problem-sets/[id]/page.tsx [Server Component] @ http://localhost:3000/_next/static/chunks/node_modules_next_dist_0u_w_5s._.js:1945
[ 1146845ms] [ERROR] ./src/app/problem-sets/[id]/page.tsx:457:20
Unterminated regexp literal
  455 |                       GitHub에서 보기 →
  456 |                     </a>
> 457 |                   </div>
      |                    ^^^^^
  458 |                 </div>
  459 |               )
  460 |             )}

Parsing ecmascript source code failed

Import traces:
  Client Component Browser:
    ./src/app/problem-sets/[id]/page.tsx [Client Component Browser]
    ./src/app/problem-sets/[id]/page.tsx [Server Component]

  Client Component SSR:
    ./src/app/problem-sets/[id]/page.tsx [Client Component SSR]
    ./src/app/problem-sets/[id]/page.tsx [Server Component] @ http://localhost:3000/_next/static/chunks/node_modules_next_dist_0u_w_5s._.js:1945
[ 1146906ms] [ERROR] ./src/app/problem-sets/[id]/page.tsx:457:20
Unterminated regexp literal
  455 |                       GitHub에서 보기 →
  456 |                     </a>
> 457 |                   </div>
      |                    ^^^^^
  458 |                 </div>
  459 |               )
  460 |             )}

Parsing ecmascript source code failed

Import traces:
  Client Component Browser:
    ./src/app/problem-sets/[id]/page.tsx [Client Component Browser]
    ./src/app/problem-sets/[id]/page.tsx [Server Component]

  Client Component SSR:
    ./src/app/problem-sets/[id]/page.tsx [Client Component SSR]
    ./src/app/problem-sets/[id]/page.tsx [Server Component] @ http://localhost:3000/_next/static/chunks/node_modules_next_dist_0u_w_5s._.js:1945
[ 1146960ms] [ERROR] ./src/app/problem-sets/[id]/page.tsx:457:20
Unterminated regexp literal
  455 |                       GitHub에서 보기 →
  456 |                     </a>
> 457 |                   </div>
      |                    ^^^^^
  458 |                 </div>
  459 |               )
  460 |             )}

Parsing ecmascript source code failed

Import traces:
  Client Component Browser:
    ./src/app/problem-sets/[id]/page.tsx [Client Component Browser]
    ./src/app/problem-sets/[id]/page.tsx [Server Component]

  Client Component SSR:
    ./src/app/problem-sets/[id]/page.tsx [Client Component SSR]
    ./src/app/problem-sets/[id]/page.tsx [Server Component] @ http://localhost:3000/_next/static/chunks/node_modules_next_dist_0u_w_5s._.js:1945
[ 1147021ms] [ERROR] ./src/app/problem-sets/[id]/page.tsx:457:20
Unterminated regexp literal
  455 |                       GitHub에서 보기 →
  456 |                     </a>
> 457 |                   </div>
      |                    ^^^^^
  458 |                 </div>
  459 |               )
  460 |             )}

Parsing ecmascript source code failed

Import traces:
  Client Component Browser:
    ./src/app/problem-sets/[id]/page.tsx [Client Component Browser]
    ./src/app/problem-sets/[id]/page.tsx [Server Component]

  Client Component SSR:
    ./src/app/problem-sets/[id]/page.tsx [Client Component SSR]
    ./src/app/problem-sets/[id]/page.tsx [Server Component] @ http://localhost:3000/_next/static/chunks/node_modules_next_dist_0u_w_5s._.js:1945
[ 1147072ms] [ERROR] ./src/app/problem-sets/[id]/page.tsx:457:20
Unterminated regexp literal
  455 |                       GitHub에서 보기 →
  456 |                     </a>
> 457 |                   </div>
      |                    ^^^^^
  458 |                 </div>
  459 |               )
  460 |             )}

Parsing ecmascript source code failed

Import traces:
  Client Component Browser:
    ./src/app/problem-sets/[id]/page.tsx [Client Component Browser]
    ./src/app/problem-sets/[id]/page.tsx [Server Component]

  Client Component SSR:
    ./src/app/problem-sets/[id]/page.tsx [Client Component SSR]
    ./src/app/problem-sets/[id]/page.tsx [Server Component] @ http://localhost:3000/_next/static/chunks/node_modules_next_dist_0u_w_5s._.js:1945
[ 1147137ms] [ERROR] ./src/app/problem-sets/[id]/page.tsx:457:20
Unterminated regexp literal
  455 |                       GitHub에서 보기 →
  456 |                     </a>
> 457 |                   </div>
      |                    ^^^^^
  458 |                 </div>
  459 |               )
  460 |             )}

Parsing ecmascript source code failed

Import traces:
  Client Component Browser:
    ./src/app/problem-sets/[id]/page.tsx [Client Component Browser]
    ./src/app/problem-sets/[id]/page.tsx [Server Component]

  Client Component SSR:
    ./src/app/problem-sets/[id]/page.tsx [Client Component SSR]
    ./src/app/problem-sets/[id]/page.tsx [Server Component] @ http://localhost:3000/_next/static/chunks/node_modules_next_dist_0u_w_5s._.js:1945
[ 1147198ms] [ERROR] ./src/app/problem-sets/[id]/page.tsx:457:20
Unterminated regexp literal
  455 |                       GitHub에서 보기 →
  456 |                     </a>
> 457 |                   </div>
      |                    ^^^^^
  458 |                 </div>
  459 |               )
  460 |             )}

Parsing ecmascript source code failed

Import traces:
  Client Component Browser:
    ./src/app/problem-sets/[id]/page.tsx [Client Component Browser]
    ./src/app/problem-sets/[id]/page.tsx [Server Component]

  Client Component SSR:
    ./src/app/problem-sets/[id]/page.tsx [Client Component SSR]
    ./src/app/problem-sets/[id]/page.tsx [Server Component] @ http://localhost:3000/_next/static/chunks/node_modules_next_dist_0u_w_5s._.js:1945
[ 1147264ms] [ERROR] ./src/app/problem-sets/[id]/page.tsx:457:20
Unterminated regexp literal
  455 |                       GitHub에서 보기 →
  456 |                     </a>
> 457 |                   </div>
      |                    ^^^^^
  458 |                 </div>
  459 |               )
  460 |             )}

Parsing ecmascript source code failed

Import traces:
  Client Component Browser:
    ./src/app/problem-sets/[id]/page.tsx [Client Component Browser]
    ./src/app/problem-sets/[id]/page.tsx [Server Component]

  Client Component SSR:
    ./src/app/problem-sets/[id]/page.tsx [Client Component SSR]
    ./src/app/problem-sets/[id]/page.tsx [Server Component] @ http://localhost:3000/_next/static/chunks/node_modules_next_dist_0u_w_5s._.js:1945
[ 1147327ms] [ERROR] ./src/app/problem-sets/[id]/page.tsx:457:20
Unterminated regexp literal
  455 |                       GitHub에서 보기 →
  456 |                     </a>
> 457 |                   </div>
      |                    ^^^^^
  458 |                 </div>
  459 |               )
  460 |             )}

Parsing ecmascript source code failed

Import traces:
  Client Component Browser:
    ./src/app/problem-sets/[id]/page.tsx [Client Component Browser]
    ./src/app/problem-sets/[id]/page.tsx [Server Component]

  Client Component SSR:
    ./src/app/problem-sets/[id]/page.tsx [Client Component SSR]
    ./src/app/problem-sets/[id]/page.tsx [Server Component] @ http://localhost:3000/_next/static/chunks/node_modules_next_dist_0u_w_5s._.js:1945
[ 1147380ms] [ERROR] ./src/app/problem-sets/[id]/page.tsx:457:20
Unterminated regexp literal
  455 |                       GitHub에서 보기 →
  456 |                     </a>
> 457 |                   </div>
      |                    ^^^^^
  458 |                 </div>
  459 |               )
  460 |             )}

Parsing ecmascript source code failed

Import traces:
  Client Component Browser:
    ./src/app/problem-sets/[id]/page.tsx [Client Component Browser]
    ./src/app/problem-sets/[id]/page.tsx [Server Component]

  Client Component SSR:
    ./src/app/problem-sets/[id]/page.tsx [Client Component SSR]
    ./src/app/problem-sets/[id]/page.tsx [Server Component] @ http://localhost:3000/_next/static/chunks/node_modules_next_dist_0u_w_5s._.js:1945
[ 1147447ms] [ERROR] ./src/app/problem-sets/[id]/page.tsx:457:20
Unterminated regexp literal
  455 |                       GitHub에서 보기 →
  456 |                     </a>
> 457 |                   </div>
      |                    ^^^^^
  458 |                 </div>
  459 |               )
  460 |             )}

Parsing ecmascript source code failed

Import traces:
  Client Component Browser:
    ./src/app/problem-sets/[id]/page.tsx [Client Component Browser]
    ./src/app/problem-sets/[id]/page.tsx [Server Component]

  Client Component SSR:
    ./src/app/problem-sets/[id]/page.tsx [Client Component SSR]
    ./src/app/problem-sets/[id]/page.tsx [Server Component] @ http://localhost:3000/_next/static/chunks/node_modules_next_dist_0u_w_5s._.js:1945
[ 1147513ms] [ERROR] ./src/app/problem-sets/[id]/page.tsx:457:20
Unterminated regexp literal
  455 |                       GitHub에서 보기 →
  456 |                     </a>
> 457 |                   </div>
      |                    ^^^^^
  458 |                 </div>
  459 |               )
  460 |             )}

Parsing ecmascript source code failed

Import traces:
  Client Component Browser:
    ./src/app/problem-sets/[id]/page.tsx [Client Component Browser]
    ./src/app/problem-sets/[id]/page.tsx [Server Component]

  Client Component SSR:
    ./src/app/problem-sets/[id]/page.tsx [Client Component SSR]
    ./src/app/problem-sets/[id]/page.tsx [Server Component] @ http://localhost:3000/_next/static/chunks/node_modules_next_dist_0u_w_5s._.js:1945
[ 1147581ms] [ERROR] ./src/app/problem-sets/[id]/page.tsx:457:20
Unterminated regexp literal
  455 |                       GitHub에서 보기 →
  456 |                     </a>
> 457 |                   </div>
      |                    ^^^^^
  458 |                 </div>
  459 |               )
  460 |             )}

Parsing ecmascript source code failed

Import traces:
  Client Component Browser:
    ./src/app/problem-sets/[id]/page.tsx [Client Component Browser]
    ./src/app/problem-sets/[id]/page.tsx [Server Component]

  Client Component SSR:
    ./src/app/problem-sets/[id]/page.tsx [Client Component SSR]
    ./src/app/problem-sets/[id]/page.tsx [Server Component] @ http://localhost:3000/_next/static/chunks/node_modules_next_dist_0u_w_5s._.js:1945
[ 1147649ms] [ERROR] ./src/app/problem-sets/[id]/page.tsx:457:20
Unterminated regexp literal
  455 |                       GitHub에서 보기 →
  456 |                     </a>
> 457 |                   </div>
      |                    ^^^^^
  458 |                 </div>
  459 |               )
  460 |             )}

Parsing ecmascript source code failed

Import traces:
  Client Component Browser:
    ./src/app/problem-sets/[id]/page.tsx [Client Component Browser]
    ./src/app/problem-sets/[id]/page.tsx [Server Component]

  Client Component SSR:
    ./src/app/problem-sets/[id]/page.tsx [Client Component SSR]
    ./src/app/problem-sets/[id]/page.tsx [Server Component] @ http://localhost:3000/_next/static/chunks/node_modules_next_dist_0u_w_5s._.js:1945
[ 1147713ms] [ERROR] ./src/app/problem-sets/[id]/page.tsx:457:20
Unterminated regexp literal
  455 |                       GitHub에서 보기 →
  456 |                     </a>
> 457 |                   </div>
      |                    ^^^^^
  458 |                 </div>
  459 |               )
  460 |             )}

Parsing ecmascript source code failed

Import traces:
  Client Component Browser:
    ./src/app/problem-sets/[id]/page.tsx [Client Component Browser]
    ./src/app/problem-sets/[id]/page.tsx [Server Component]

  Client Component SSR:
    ./src/app/problem-sets/[id]/page.tsx [Client Component SSR]
    ./src/app/problem-sets/[id]/page.tsx [Server Component] @ http://localhost:3000/_next/static/chunks/node_modules_next_dist_0u_w_5s._.js:1945
[ 1147777ms] [ERROR] ./src/app/problem-sets/[id]/page.tsx:457:20
Unterminated regexp literal
  455 |                       GitHub에서 보기 →
  456 |                     </a>
> 457 |                   </div>
      |                    ^^^^^
  458 |                 </div>
  459 |               )
  460 |             )}

Parsing ecmascript source code failed

Import traces:
  Client Component Browser:
    ./src/app/problem-sets/[id]/page.tsx [Client Component Browser]
    ./src/app/problem-sets/[id]/page.tsx [Server Component]

  Client Component SSR:
    ./src/app/problem-sets/[id]/page.tsx [Client Component SSR]
    ./src/app/problem-sets/[id]/page.tsx [Server Component] @ http://localhost:3000/_next/static/chunks/node_modules_next_dist_0u_w_5s._.js:1945
[ 1147830ms] [ERROR] ./src/app/problem-sets/[id]/page.tsx:457:20
Unterminated regexp literal
  455 |                       GitHub에서 보기 →
  456 |                     </a>
> 457 |                   </div>
      |                    ^^^^^
  458 |                 </div>
  459 |               )
  460 |             )}

Parsing ecmascript source code failed

Import traces:
  Client Component Browser:
    ./src/app/problem-sets/[id]/page.tsx [Client Component Browser]
    ./src/app/problem-sets/[id]/page.tsx [Server Component]

  Client Component SSR:
    ./src/app/problem-sets/[id]/page.tsx [Client Component SSR]
    ./src/app/problem-sets/[id]/page.tsx [Server Component] @ http://localhost:3000/_next/static/chunks/node_modules_next_dist_0u_w_5s._.js:1945
[ 1147895ms] [ERROR] ./src/app/problem-sets/[id]/page.tsx:457:20
Unterminated regexp literal
  455 |                       GitHub에서 보기 →
  456 |                     </a>
> 457 |                   </div>
      |                    ^^^^^
  458 |                 </div>
  459 |               )
  460 |             )}

Parsing ecmascript source code failed

Import traces:
  Client Component Browser:
    ./src/app/problem-sets/[id]/page.tsx [Client Component Browser]
    ./src/app/problem-sets/[id]/page.tsx [Server Component]

  Client Component SSR:
    ./src/app/problem-sets/[id]/page.tsx [Client Component SSR]
    ./src/app/problem-sets/[id]/page.tsx [Server Component] @ http://localhost:3000/_next/static/chunks/node_modules_next_dist_0u_w_5s._.js:1945
[ 1147957ms] [ERROR] ./src/app/problem-sets/[id]/page.tsx:457:20
Unterminated regexp literal
  455 |                       GitHub에서 보기 →
  456 |                     </a>
> 457 |                   </div>
      |                    ^^^^^
  458 |                 </div>
  459 |               )
  460 |             )}

Parsing ecmascript source code failed

Import traces:
  Client Component Browser:
    ./src/app/problem-sets/[id]/page.tsx [Client Component Browser]
    ./src/app/problem-sets/[id]/page.tsx [Server Component]

  Client Component SSR:
    ./src/app/problem-sets/[id]/page.tsx [Client Component SSR]
    ./src/app/problem-sets/[id]/page.tsx [Server Component] @ http://localhost:3000/_next/static/chunks/node_modules_next_dist_0u_w_5s._.js:1945
[ 1148020ms] [ERROR] ./src/app/problem-sets/[id]/page.tsx:457:20
Unterminated regexp literal
  455 |                       GitHub에서 보기 →
  456 |                     </a>
> 457 |                   </div>
      |                    ^^^^^
  458 |                 </div>
  459 |               )
  460 |             )}

Parsing ecmascript source code failed

Import traces:
  Client Component Browser:
    ./src/app/problem-sets/[id]/page.tsx [Client Component Browser]
    ./src/app/problem-sets/[id]/page.tsx [Server Component]

  Client Component SSR:
    ./src/app/problem-sets/[id]/page.tsx [Client Component SSR]
    ./src/app/problem-sets/[id]/page.tsx [Server Component] @ http://localhost:3000/_next/static/chunks/node_modules_next_dist_0u_w_5s._.js:1945
[ 1148080ms] [ERROR] ./src/app/problem-sets/[id]/page.tsx:457:20
Unterminated regexp literal
  455 |                       GitHub에서 보기 →
  456 |                     </a>
> 457 |                   </div>
      |                    ^^^^^
  458 |                 </div>
  459 |               )
  460 |             )}

Parsing ecmascript source code failed

Import traces:
  Client Component Browser:
    ./src/app/problem-sets/[id]/page.tsx [Client Component Browser]
    ./src/app/problem-sets/[id]/page.tsx [Server Component]

  Client Component SSR:
    ./src/app/problem-sets/[id]/page.tsx [Client Component SSR]
    ./src/app/problem-sets/[id]/page.tsx [Server Component] @ http://localhost:3000/_next/static/chunks/node_modules_next_dist_0u_w_5s._.js:1945
[ 1148145ms] [ERROR] ./src/app/problem-sets/[id]/page.tsx:457:20
Unterminated regexp literal
  455 |                       GitHub에서 보기 →
  456 |                     </a>
> 457 |                   </div>
      |                    ^^^^^
  458 |                 </div>
  459 |               )
  460 |             )}

Parsing ecmascript source code failed

Import traces:
  Client Component Browser:
    ./src/app/problem-sets/[id]/page.tsx [Client Component Browser]
    ./src/app/problem-sets/[id]/page.tsx [Server Component]

  Client Component SSR:
    ./src/app/problem-sets/[id]/page.tsx [Client Component SSR]
    ./src/app/problem-sets/[id]/page.tsx [Server Component] @ http://localhost:3000/_next/static/chunks/node_modules_next_dist_0u_w_5s._.js:1945
[ 1148207ms] [ERROR] ./src/app/problem-sets/[id]/page.tsx:457:20
Unterminated regexp literal
  455 |                       GitHub에서 보기 →
  456 |                     </a>
> 457 |                   </div>
      |                    ^^^^^
  458 |                 </div>
  459 |               )
  460 |             )}

Parsing ecmascript source code failed

Import traces:
  Client Component Browser:
    ./src/app/problem-sets/[id]/page.tsx [Client Component Browser]
    ./src/app/problem-sets/[id]/page.tsx [Server Component]

  Client Component SSR:
    ./src/app/problem-sets/[id]/page.tsx [Client Component SSR]
    ./src/app/problem-sets/[id]/page.tsx [Server Component] @ http://localhost:3000/_next/static/chunks/node_modules_next_dist_0u_w_5s._.js:1945
[ 1148264ms] [ERROR] ./src/app/problem-sets/[id]/page.tsx:457:20
Unterminated regexp literal
  455 |                       GitHub에서 보기 →
  456 |                     </a>
> 457 |                   </div>
      |                    ^^^^^
  458 |                 </div>
  459 |               )
  460 |             )}

Parsing ecmascript source code failed

Import traces:
  Client Component Browser:
    ./src/app/problem-sets/[id]/page.tsx [Client Component Browser]
    ./src/app/problem-sets/[id]/page.tsx [Server Component]

  Client Component SSR:
    ./src/app/problem-sets/[id]/page.tsx [Client Component SSR]
    ./src/app/problem-sets/[id]/page.tsx [Server Component] @ http://localhost:3000/_next/static/chunks/node_modules_next_dist_0u_w_5s._.js:1945
[ 1148315ms] [ERROR] ./src/app/problem-sets/[id]/page.tsx:457:20
Unterminated regexp literal
  455 |                       GitHub에서 보기 →
  456 |                     </a>
> 457 |                   </div>
      |                    ^^^^^
  458 |                 </div>
  459 |               )
  460 |             )}

Parsing ecmascript source code failed

Import traces:
  Client Component Browser:
    ./src/app/problem-sets/[id]/page.tsx [Client Component Browser]
    ./src/app/problem-sets/[id]/page.tsx [Server Component]

  Client Component SSR:
    ./src/app/problem-sets/[id]/page.tsx [Client Component SSR]
    ./src/app/problem-sets/[id]/page.tsx [Server Component] @ http://localhost:3000/_next/static/chunks/node_modules_next_dist_0u_w_5s._.js:1945
[ 1148380ms] [ERROR] ./src/app/problem-sets/[id]/page.tsx:457:20
Unterminated regexp literal
  455 |                       GitHub에서 보기 →
  456 |                     </a>
> 457 |                   </div>
      |                    ^^^^^
  458 |                 </div>
  459 |               )
  460 |             )}

Parsing ecmascript source code failed

Import traces:
  Client Component Browser:
    ./src/app/problem-sets/[id]/page.tsx [Client Component Browser]
    ./src/app/problem-sets/[id]/page.tsx [Server Component]

  Client Component SSR:
    ./src/app/problem-sets/[id]/page.tsx [Client Component SSR]
    ./src/app/problem-sets/[id]/page.tsx [Server Component] @ http://localhost:3000/_next/static/chunks/node_modules_next_dist_0u_w_5s._.js:1945
[ 1148440ms] [ERROR] ./src/app/problem-sets/[id]/page.tsx:457:20
Unterminated regexp literal
  455 |                       GitHub에서 보기 →
  456 |                     </a>
> 457 |                   </div>
      |                    ^^^^^
  458 |                 </div>
  459 |               )
  460 |             )}

Parsing ecmascript source code failed

Import traces:
  Client Component Browser:
    ./src/app/problem-sets/[id]/page.tsx [Client Component Browser]
    ./src/app/problem-sets/[id]/page.tsx [Server Component]

  Client Component SSR:
    ./src/app/problem-sets/[id]/page.tsx [Client Component SSR]
    ./src/app/problem-sets/[id]/page.tsx [Server Component] @ http://localhost:3000/_next/static/chunks/node_modules_next_dist_0u_w_5s._.js:1945
[ 1148497ms] [ERROR] ./src/app/problem-sets/[id]/page.tsx:457:20
Unterminated regexp literal
  455 |                       GitHub에서 보기 →
  456 |                     </a>
> 457 |                   </div>
      |                    ^^^^^
  458 |                 </div>
  459 |               )
  460 |             )}

Parsing ecmascript source code failed

Import traces:
  Client Component Browser:
    ./src/app/problem-sets/[id]/page.tsx [Client Component Browser]
    ./src/app/problem-sets/[id]/page.tsx [Server Component]

  Client Component SSR:
    ./src/app/problem-sets/[id]/page.tsx [Client Component SSR]
    ./src/app/problem-sets/[id]/page.tsx [Server Component] @ http://localhost:3000/_next/static/chunks/node_modules_next_dist_0u_w_5s._.js:1945
[ 1148563ms] [ERROR] ./src/app/problem-sets/[id]/page.tsx:457:20
Unterminated regexp literal
  455 |                       GitHub에서 보기 →
  456 |                     </a>
> 457 |                   </div>
      |                    ^^^^^
  458 |                 </div>
  459 |               )
  460 |             )}

Parsing ecmascript source code failed

Import traces:
  Client Component Browser:
    ./src/app/problem-sets/[id]/page.tsx [Client Component Browser]
    ./src/app/problem-sets/[id]/page.tsx [Server Component]

  Client Component SSR:
    ./src/app/problem-sets/[id]/page.tsx [Client Component SSR]
    ./src/app/problem-sets/[id]/page.tsx [Server Component] @ http://localhost:3000/_next/static/chunks/node_modules_next_dist_0u_w_5s._.js:1945
[ 1148629ms] [ERROR] ./src/app/problem-sets/[id]/page.tsx:457:20
Unterminated regexp literal
  455 |                       GitHub에서 보기 →
  456 |                     </a>
> 457 |                   </div>
      |                    ^^^^^
  458 |                 </div>
  459 |               )
  460 |             )}

Parsing ecmascript source code failed

Import traces:
  Client Component Browser:
    ./src/app/problem-sets/[id]/page.tsx [Client Component Browser]
    ./src/app/problem-sets/[id]/page.tsx [Server Component]

  Client Component SSR:
    ./src/app/problem-sets/[id]/page.tsx [Client Component SSR]
    ./src/app/problem-sets/[id]/page.tsx [Server Component] @ http://localhost:3000/_next/static/chunks/node_modules_next_dist_0u_w_5s._.js:1945
[ 1148698ms] [ERROR] ./src/app/problem-sets/[id]/page.tsx:457:20
Unterminated regexp literal
  455 |                       GitHub에서 보기 →
  456 |                     </a>
> 457 |                   </div>
      |                    ^^^^^
  458 |                 </div>
  459 |               )
  460 |             )}

Parsing ecmascript source code failed

Import traces:
  Client Component Browser:
    ./src/app/problem-sets/[id]/page.tsx [Client Component Browser]
    ./src/app/problem-sets/[id]/page.tsx [Server Component]

  Client Component SSR:
    ./src/app/problem-sets/[id]/page.tsx [Client Component SSR]
    ./src/app/problem-sets/[id]/page.tsx [Server Component] @ http://localhost:3000/_next/static/chunks/node_modules_next_dist_0u_w_5s._.js:1945
[ 1148764ms] [ERROR] ./src/app/problem-sets/[id]/page.tsx:457:20
Unterminated regexp literal
  455 |                       GitHub에서 보기 →
  456 |                     </a>
> 457 |                   </div>
      |                    ^^^^^
  458 |                 </div>
  459 |               )
  460 |             )}

Parsing ecmascript source code failed

Import traces:
  Client Component Browser:
    ./src/app/problem-sets/[id]/page.tsx [Client Component Browser]
    ./src/app/problem-sets/[id]/page.tsx [Server Component]

  Client Component SSR:
    ./src/app/problem-sets/[id]/page.tsx [Client Component SSR]
    ./src/app/problem-sets/[id]/page.tsx [Server Component] @ http://localhost:3000/_next/static/chunks/node_modules_next_dist_0u_w_5s._.js:1945
[ 1148830ms] [ERROR] ./src/app/problem-sets/[id]/page.tsx:457:20
Unterminated regexp literal
  455 |                       GitHub에서 보기 →
  456 |                     </a>
> 457 |                   </div>
      |                    ^^^^^
  458 |                 </div>
  459 |               )
  460 |             )}

Parsing ecmascript source code failed

Import traces:
  Client Component Browser:
    ./src/app/problem-sets/[id]/page.tsx [Client Component Browser]
    ./src/app/problem-sets/[id]/page.tsx [Server Component]

  Client Component SSR:
    ./src/app/problem-sets/[id]/page.tsx [Client Component SSR]
    ./src/app/problem-sets/[id]/page.tsx [Server Component] @ http://localhost:3000/_next/static/chunks/node_modules_next_dist_0u_w_5s._.js:1945
[ 1148897ms] [ERROR] ./src/app/problem-sets/[id]/page.tsx:457:20
Unterminated regexp literal
  455 |                       GitHub에서 보기 →
  456 |                     </a>
> 457 |                   </div>
      |                    ^^^^^
  458 |                 </div>
  459 |               )
  460 |             )}

Parsing ecmascript source code failed

Import traces:
  Client Component Browser:
    ./src/app/problem-sets/[id]/page.tsx [Client Component Browser]
    ./src/app/problem-sets/[id]/page.tsx [Server Component]

  Client Component SSR:
    ./src/app/problem-sets/[id]/page.tsx [Client Component SSR]
    ./src/app/problem-sets/[id]/page.tsx [Server Component] @ http://localhost:3000/_next/static/chunks/node_modules_next_dist_0u_w_5s._.js:1945
[ 1148964ms] [ERROR] ./src/app/problem-sets/[id]/page.tsx:457:20
Unterminated regexp literal
  455 |                       GitHub에서 보기 →
  456 |                     </a>
> 457 |                   </div>
      |                    ^^^^^
  458 |                 </div>
  459 |               )
  460 |             )}

Parsing ecmascript source code failed

Import traces:
  Client Component Browser:
    ./src/app/problem-sets/[id]/page.tsx [Client Component Browser]
    ./src/app/problem-sets/[id]/page.tsx [Server Component]

  Client Component SSR:
    ./src/app/problem-sets/[id]/page.tsx [Client Component SSR]
    ./src/app/problem-sets/[id]/page.tsx [Server Component] @ http://localhost:3000/_next/static/chunks/node_modules_next_dist_0u_w_5s._.js:1945
[ 1149030ms] [ERROR] ./src/app/problem-sets/[id]/page.tsx:457:20
Unterminated regexp literal
  455 |                       GitHub에서 보기 →
  456 |                     </a>
> 457 |                   </div>
      |                    ^^^^^
  458 |                 </div>
  459 |               )
  460 |             )}

Parsing ecmascript source code failed

Import traces:
  Client Component Browser:
    ./src/app/problem-sets/[id]/page.tsx [Client Component Browser]
    ./src/app/problem-sets/[id]/page.tsx [Server Component]

  Client Component SSR:
    ./src/app/problem-sets/[id]/page.tsx [Client Component SSR]
    ./src/app/problem-sets/[id]/page.tsx [Server Component] @ http://localhost:3000/_next/static/chunks/node_modules_next_dist_0u_w_5s._.js:1945
[ 1149096ms] [ERROR] ./src/app/problem-sets/[id]/page.tsx:457:20
Unterminated regexp literal
  455 |                       GitHub에서 보기 →
  456 |                     </a>
> 457 |                   </div>
      |                    ^^^^^
  458 |                 </div>
  459 |               )
  460 |             )}

Parsing ecmascript source code failed

Import traces:
  Client Component Browser:
    ./src/app/problem-sets/[id]/page.tsx [Client Component Browser]
    ./src/app/problem-sets/[id]/page.tsx [Server Component]

  Client Component SSR:
    ./src/app/problem-sets/[id]/page.tsx [Client Component SSR]
    ./src/app/problem-sets/[id]/page.tsx [Server Component] @ http://localhost:3000/_next/static/chunks/node_modules_next_dist_0u_w_5s._.js:1945
[ 1149162ms] [ERROR] ./src/app/problem-sets/[id]/page.tsx:457:20
Unterminated regexp literal
  455 |                       GitHub에서 보기 →
  456 |                     </a>
> 457 |                   </div>
      |                    ^^^^^
  458 |                 </div>
  459 |               )
  460 |             )}

Parsing ecmascript source code failed

Import traces:
  Client Component Browser:
    ./src/app/problem-sets/[id]/page.tsx [Client Component Browser]
    ./src/app/problem-sets/[id]/page.tsx [Server Component]

  Client Component SSR:
    ./src/app/problem-sets/[id]/page.tsx [Client Component SSR]
    ./src/app/problem-sets/[id]/page.tsx [Server Component] @ http://localhost:3000/_next/static/chunks/node_modules_next_dist_0u_w_5s._.js:1945
[ 1149229ms] [ERROR] ./src/app/problem-sets/[id]/page.tsx:457:20
Unterminated regexp literal
  455 |                       GitHub에서 보기 →
  456 |                     </a>
> 457 |                   </div>
      |                    ^^^^^
  458 |                 </div>
  459 |               )
  460 |             )}

Parsing ecmascript source code failed

Import traces:
  Client Component Browser:
    ./src/app/problem-sets/[id]/page.tsx [Client Component Browser]
    ./src/app/problem-sets/[id]/page.tsx [Server Component]

  Client Component SSR:
    ./src/app/problem-sets/[id]/page.tsx [Client Component SSR]
    ./src/app/problem-sets/[id]/page.tsx [Server Component] @ http://localhost:3000/_next/static/chunks/node_modules_next_dist_0u_w_5s._.js:1945
[ 1149294ms] [ERROR] ./src/app/problem-sets/[id]/page.tsx:457:20
Unterminated regexp literal
  455 |                       GitHub에서 보기 →
  456 |                     </a>
> 457 |                   </div>
      |                    ^^^^^
  458 |                 </div>
  459 |               )
  460 |             )}

Parsing ecmascript source code failed

Import traces:
  Client Component Browser:
    ./src/app/problem-sets/[id]/page.tsx [Client Component Browser]
    ./src/app/problem-sets/[id]/page.tsx [Server Component]

  Client Component SSR:
    ./src/app/problem-sets/[id]/page.tsx [Client Component SSR]
    ./src/app/problem-sets/[id]/page.tsx [Server Component] @ http://localhost:3000/_next/static/chunks/node_modules_next_dist_0u_w_5s._.js:1945
[ 1149347ms] [ERROR] ./src/app/problem-sets/[id]/page.tsx:457:20
Unterminated regexp literal
  455 |                       GitHub에서 보기 →
  456 |                     </a>
> 457 |                   </div>
      |                    ^^^^^
  458 |                 </div>
  459 |               )
  460 |             )}

Parsing ecmascript source code failed

Import traces:
  Client Component Browser:
    ./src/app/problem-sets/[id]/page.tsx [Client Component Browser]
    ./src/app/problem-sets/[id]/page.tsx [Server Component]

  Client Component SSR:
    ./src/app/problem-sets/[id]/page.tsx [Client Component SSR]
    ./src/app/problem-sets/[id]/page.tsx [Server Component] @ http://localhost:3000/_next/static/chunks/node_modules_next_dist_0u_w_5s._.js:1945
[ 1149409ms] [ERROR] ./src/app/problem-sets/[id]/page.tsx:457:20
Unterminated regexp literal
  455 |                       GitHub에서 보기 →
  456 |                     </a>
> 457 |                   </div>
      |                    ^^^^^
  458 |                 </div>
  459 |               )
  460 |             )}

Parsing ecmascript source code failed

Import traces:
  Client Component Browser:
    ./src/app/problem-sets/[id]/page.tsx [Client Component Browser]
    ./src/app/problem-sets/[id]/page.tsx [Server Component]

  Client Component SSR:
    ./src/app/problem-sets/[id]/page.tsx [Client Component SSR]
    ./src/app/problem-sets/[id]/page.tsx [Server Component] @ http://localhost:3000/_next/static/chunks/node_modules_next_dist_0u_w_5s._.js:1945
[ 1149464ms] [ERROR] ./src/app/problem-sets/[id]/page.tsx:457:20
Unterminated regexp literal
  455 |                       GitHub에서 보기 →
  456 |                     </a>
> 457 |                   </div>
      |                    ^^^^^
  458 |                 </div>
  459 |               )
  460 |             )}

Parsing ecmascript source code failed

Import traces:
  Client Component Browser:
    ./src/app/problem-sets/[id]/page.tsx [Client Component Browser]
    ./src/app/problem-sets/[id]/page.tsx [Server Component]

  Client Component SSR:
    ./src/app/problem-sets/[id]/page.tsx [Client Component SSR]
    ./src/app/problem-sets/[id]/page.tsx [Server Component] @ http://localhost:3000/_next/static/chunks/node_modules_next_dist_0u_w_5s._.js:1945
[ 1149531ms] [ERROR] ./src/app/problem-sets/[id]/page.tsx:457:20
Unterminated regexp literal
  455 |                       GitHub에서 보기 →
  456 |                     </a>
> 457 |                   </div>
      |                    ^^^^^
  458 |                 </div>
  459 |               )
  460 |             )}

Parsing ecmascript source code failed

Import traces:
  Client Component Browser:
    ./src/app/problem-sets/[id]/page.tsx [Client Component Browser]
    ./src/app/problem-sets/[id]/page.tsx [Server Component]

  Client Component SSR:
    ./src/app/problem-sets/[id]/page.tsx [Client Component SSR]
    ./src/app/problem-sets/[id]/page.tsx [Server Component] @ http://localhost:3000/_next/static/chunks/node_modules_next_dist_0u_w_5s._.js:1945
[ 1149597ms] [ERROR] ./src/app/problem-sets/[id]/page.tsx:457:20
Unterminated regexp literal
  455 |                       GitHub에서 보기 →
  456 |                     </a>
> 457 |                   </div>
      |                    ^^^^^
  458 |                 </div>
  459 |               )
  460 |             )}

Parsing ecmascript source code failed

Import traces:
  Client Component Browser:
    ./src/app/problem-sets/[id]/page.tsx [Client Component Browser]
    ./src/app/problem-sets/[id]/page.tsx [Server Component]

  Client Component SSR:
    ./src/app/problem-sets/[id]/page.tsx [Client Component SSR]
    ./src/app/problem-sets/[id]/page.tsx [Server Component] @ http://localhost:3000/_next/static/chunks/node_modules_next_dist_0u_w_5s._.js:1945
[ 1149664ms] [ERROR] ./src/app/problem-sets/[id]/page.tsx:457:20
Unterminated regexp literal
  455 |                       GitHub에서 보기 →
  456 |                     </a>
> 457 |                   </div>
      |                    ^^^^^
  458 |                 </div>
  459 |               )
  460 |             )}

Parsing ecmascript source code failed

Import traces:
  Client Component Browser:
    ./src/app/problem-sets/[id]/page.tsx [Client Component Browser]
    ./src/app/problem-sets/[id]/page.tsx [Server Component]

  Client Component SSR:
    ./src/app/problem-sets/[id]/page.tsx [Client Component SSR]
    ./src/app/problem-sets/[id]/page.tsx [Server Component] @ http://localhost:3000/_next/static/chunks/node_modules_next_dist_0u_w_5s._.js:1945
[ 1149726ms] [ERROR] ./src/app/problem-sets/[id]/page.tsx:457:20
Unterminated regexp literal
  455 |                       GitHub에서 보기 →
  456 |                     </a>
> 457 |                   </div>
      |                    ^^^^^
  458 |                 </div>
  459 |               )
  460 |             )}

Parsing ecmascript source code failed

Import traces:
  Client Component Browser:
    ./src/app/problem-sets/[id]/page.tsx [Client Component Browser]
    ./src/app/problem-sets/[id]/page.tsx [Server Component]

  Client Component SSR:
    ./src/app/problem-sets/[id]/page.tsx [Client Component SSR]
    ./src/app/problem-sets/[id]/page.tsx [Server Component] @ http://localhost:3000/_next/static/chunks/node_modules_next_dist_0u_w_5s._.js:1945
[ 1149780ms] [ERROR] ./src/app/problem-sets/[id]/page.tsx:457:20
Unterminated regexp literal
  455 |                       GitHub에서 보기 →
  456 |                     </a>
> 457 |                   </div>
      |                    ^^^^^
  458 |                 </div>
  459 |               )
  460 |             )}

Parsing ecmascript source code failed

Import traces:
  Client Component Browser:
    ./src/app/problem-sets/[id]/page.tsx [Client Component Browser]
    ./src/app/problem-sets/[id]/page.tsx [Server Component]

  Client Component SSR:
    ./src/app/problem-sets/[id]/page.tsx [Client Component SSR]
    ./src/app/problem-sets/[id]/page.tsx [Server Component] @ http://localhost:3000/_next/static/chunks/node_modules_next_dist_0u_w_5s._.js:1945
[ 1149843ms] [ERROR] ./src/app/problem-sets/[id]/page.tsx:457:20
Unterminated regexp literal
  455 |                       GitHub에서 보기 →
  456 |                     </a>
> 457 |                   </div>
      |                    ^^^^^
  458 |                 </div>
  459 |               )
  460 |             )}

Parsing ecmascript source code failed

Import traces:
  Client Component Browser:
    ./src/app/problem-sets/[id]/page.tsx [Client Component Browser]
    ./src/app/problem-sets/[id]/page.tsx [Server Component]

  Client Component SSR:
    ./src/app/problem-sets/[id]/page.tsx [Client Component SSR]
    ./src/app/problem-sets/[id]/page.tsx [Server Component] @ http://localhost:3000/_next/static/chunks/node_modules_next_dist_0u_w_5s._.js:1945
[ 1149897ms] [ERROR] ./src/app/problem-sets/[id]/page.tsx:457:20
Unterminated regexp literal
  455 |                       GitHub에서 보기 →
  456 |                     </a>
> 457 |                   </div>
      |                    ^^^^^
  458 |                 </div>
  459 |               )
  460 |             )}

Parsing ecmascript source code failed

Import traces:
  Client Component Browser:
    ./src/app/problem-sets/[id]/page.tsx [Client Component Browser]
    ./src/app/problem-sets/[id]/page.tsx [Server Component]

  Client Component SSR:
    ./src/app/problem-sets/[id]/page.tsx [Client Component SSR]
    ./src/app/problem-sets/[id]/page.tsx [Server Component] @ http://localhost:3000/_next/static/chunks/node_modules_next_dist_0u_w_5s._.js:1945
[ 1149962ms] [ERROR] ./src/app/problem-sets/[id]/page.tsx:457:20
Unterminated regexp literal
  455 |                       GitHub에서 보기 →
  456 |                     </a>
> 457 |                   </div>
      |                    ^^^^^
  458 |                 </div>
  459 |               )
  460 |             )}

Parsing ecmascript source code failed

Import traces:
  Client Component Browser:
    ./src/app/problem-sets/[id]/page.tsx [Client Component Browser]
    ./src/app/problem-sets/[id]/page.tsx [Server Component]

  Client Component SSR:
    ./src/app/problem-sets/[id]/page.tsx [Client Component SSR]
    ./src/app/problem-sets/[id]/page.tsx [Server Component] @ http://localhost:3000/_next/static/chunks/node_modules_next_dist_0u_w_5s._.js:1945
[ 1150029ms] [ERROR] ./src/app/problem-sets/[id]/page.tsx:457:20
Unterminated regexp literal
  455 |                       GitHub에서 보기 →
  456 |                     </a>
> 457 |                   </div>
      |                    ^^^^^
  458 |                 </div>
  459 |               )
  460 |             )}

Parsing ecmascript source code failed

Import traces:
  Client Component Browser:
    ./src/app/problem-sets/[id]/page.tsx [Client Component Browser]
    ./src/app/problem-sets/[id]/page.tsx [Server Component]

  Client Component SSR:
    ./src/app/problem-sets/[id]/page.tsx [Client Component SSR]
    ./src/app/problem-sets/[id]/page.tsx [Server Component] @ http://localhost:3000/_next/static/chunks/node_modules_next_dist_0u_w_5s._.js:1945
[ 1150098ms] [ERROR] ./src/app/problem-sets/[id]/page.tsx:457:20
Unterminated regexp literal
  455 |                       GitHub에서 보기 →
  456 |                     </a>
> 457 |                   </div>
      |                    ^^^^^
  458 |                 </div>
  459 |               )
  460 |             )}

Parsing ecmascript source code failed

Import traces:
  Client Component Browser:
    ./src/app/problem-sets/[id]/page.tsx [Client Component Browser]
    ./src/app/problem-sets/[id]/page.tsx [Server Component]

  Client Component SSR:
    ./src/app/problem-sets/[id]/page.tsx [Client Component SSR]
    ./src/app/problem-sets/[id]/page.tsx [Server Component] @ http://localhost:3000/_next/static/chunks/node_modules_next_dist_0u_w_5s._.js:1945
[ 1150161ms] [ERROR] ./src/app/problem-sets/[id]/page.tsx:457:20
Unterminated regexp literal
  455 |                       GitHub에서 보기 →
  456 |                     </a>
> 457 |                   </div>
      |                    ^^^^^
  458 |                 </div>
  459 |               )
  460 |             )}

Parsing ecmascript source code failed

Import traces:
  Client Component Browser:
    ./src/app/problem-sets/[id]/page.tsx [Client Component Browser]
    ./src/app/problem-sets/[id]/page.tsx [Server Component]

  Client Component SSR:
    ./src/app/problem-sets/[id]/page.tsx [Client Component SSR]
    ./src/app/problem-sets/[id]/page.tsx [Server Component] @ http://localhost:3000/_next/static/chunks/node_modules_next_dist_0u_w_5s._.js:1945
[ 1150214ms] [ERROR] ./src/app/problem-sets/[id]/page.tsx:457:20
Unterminated regexp literal
  455 |                       GitHub에서 보기 →
  456 |                     </a>
> 457 |                   </div>
      |                    ^^^^^
  458 |                 </div>
  459 |               )
  460 |             )}

Parsing ecmascript source code failed

Import traces:
  Client Component Browser:
    ./src/app/problem-sets/[id]/page.tsx [Client Component Browser]
    ./src/app/problem-sets/[id]/page.tsx [Server Component]

  Client Component SSR:
    ./src/app/problem-sets/[id]/page.tsx [Client Component SSR]
    ./src/app/problem-sets/[id]/page.tsx [Server Component] @ http://localhost:3000/_next/static/chunks/node_modules_next_dist_0u_w_5s._.js:1945
[ 1150279ms] [ERROR] ./src/app/problem-sets/[id]/page.tsx:457:20
Unterminated regexp literal
  455 |                       GitHub에서 보기 →
  456 |                     </a>
> 457 |                   </div>
      |                    ^^^^^
  458 |                 </div>
  459 |               )
  460 |             )}

Parsing ecmascript source code failed

Import traces:
  Client Component Browser:
    ./src/app/problem-sets/[id]/page.tsx [Client Component Browser]
    ./src/app/problem-sets/[id]/page.tsx [Server Component]

  Client Component SSR:
    ./src/app/problem-sets/[id]/page.tsx [Client Component SSR]
    ./src/app/problem-sets/[id]/page.tsx [Server Component] @ http://localhost:3000/_next/static/chunks/node_modules_next_dist_0u_w_5s._.js:1945
[ 1150345ms] [ERROR] ./src/app/problem-sets/[id]/page.tsx:457:20
Unterminated regexp literal
  455 |                       GitHub에서 보기 →
  456 |                     </a>
> 457 |                   </div>
      |                    ^^^^^
  458 |                 </div>
  459 |               )
  460 |             )}

Parsing ecmascript source code failed

Import traces:
  Client Component Browser:
    ./src/app/problem-sets/[id]/page.tsx [Client Component Browser]
    ./src/app/problem-sets/[id]/page.tsx [Server Component]

  Client Component SSR:
    ./src/app/problem-sets/[id]/page.tsx [Client Component SSR]
    ./src/app/problem-sets/[id]/page.tsx [Server Component] @ http://localhost:3000/_next/static/chunks/node_modules_next_dist_0u_w_5s._.js:1945
[ 1150408ms] [ERROR] ./src/app/problem-sets/[id]/page.tsx:457:20
Unterminated regexp literal
  455 |                       GitHub에서 보기 →
  456 |                     </a>
> 457 |                   </div>
      |                    ^^^^^
  458 |                 </div>
  459 |               )
  460 |             )}

Parsing ecmascript source code failed

Import traces:
  Client Component Browser:
    ./src/app/problem-sets/[id]/page.tsx [Client Component Browser]
    ./src/app/problem-sets/[id]/page.tsx [Server Component]

  Client Component SSR:
    ./src/app/problem-sets/[id]/page.tsx [Client Component SSR]
    ./src/app/problem-sets/[id]/page.tsx [Server Component] @ http://localhost:3000/_next/static/chunks/node_modules_next_dist_0u_w_5s._.js:1945
[ 1150463ms] [ERROR] ./src/app/problem-sets/[id]/page.tsx:457:20
Unterminated regexp literal
  455 |                       GitHub에서 보기 →
  456 |                     </a>
> 457 |                   </div>
      |                    ^^^^^
  458 |                 </div>
  459 |               )
  460 |             )}

Parsing ecmascript source code failed

Import traces:
  Client Component Browser:
    ./src/app/problem-sets/[id]/page.tsx [Client Component Browser]
    ./src/app/problem-sets/[id]/page.tsx [Server Component]

  Client Component SSR:
    ./src/app/problem-sets/[id]/page.tsx [Client Component SSR]
    ./src/app/problem-sets/[id]/page.tsx [Server Component] @ http://localhost:3000/_next/static/chunks/node_modules_next_dist_0u_w_5s._.js:1945
[ 1150529ms] [ERROR] ./src/app/problem-sets/[id]/page.tsx:457:20
Unterminated regexp literal
  455 |                       GitHub에서 보기 →
  456 |                     </a>
> 457 |                   </div>
      |                    ^^^^^
  458 |                 </div>
  459 |               )
  460 |             )}

Parsing ecmascript source code failed

Import traces:
  Client Component Browser:
    ./src/app/problem-sets/[id]/page.tsx [Client Component Browser]
    ./src/app/problem-sets/[id]/page.tsx [Server Component]

  Client Component SSR:
    ./src/app/problem-sets/[id]/page.tsx [Client Component SSR]
    ./src/app/problem-sets/[id]/page.tsx [Server Component] @ http://localhost:3000/_next/static/chunks/node_modules_next_dist_0u_w_5s._.js:1945
[ 1150581ms] [ERROR] ./src/app/problem-sets/[id]/page.tsx:457:20
Unterminated regexp literal
  455 |                       GitHub에서 보기 →
  456 |                     </a>
> 457 |                   </div>
      |                    ^^^^^
  458 |                 </div>
  459 |               )
  460 |             )}

Parsing ecmascript source code failed

Import traces:
  Client Component Browser:
    ./src/app/problem-sets/[id]/page.tsx [Client Component Browser]
    ./src/app/problem-sets/[id]/page.tsx [Server Component]

  Client Component SSR:
    ./src/app/problem-sets/[id]/page.tsx [Client Component SSR]
    ./src/app/problem-sets/[id]/page.tsx [Server Component] @ http://localhost:3000/_next/static/chunks/node_modules_next_dist_0u_w_5s._.js:1945
[ 1150644ms] [ERROR] ./src/app/problem-sets/[id]/page.tsx:457:20
Unterminated regexp literal
  455 |                       GitHub에서 보기 →
  456 |                     </a>
> 457 |                   </div>
      |                    ^^^^^
  458 |                 </div>
  459 |               )
  460 |             )}

Parsing ecmascript source code failed

Import traces:
  Client Component Browser:
    ./src/app/problem-sets/[id]/page.tsx [Client Component Browser]
    ./src/app/problem-sets/[id]/page.tsx [Server Component]

  Client Component SSR:
    ./src/app/problem-sets/[id]/page.tsx [Client Component SSR]
    ./src/app/problem-sets/[id]/page.tsx [Server Component] @ http://localhost:3000/_next/static/chunks/node_modules_next_dist_0u_w_5s._.js:1945
[ 1150707ms] [ERROR] ./src/app/problem-sets/[id]/page.tsx:457:20
Unterminated regexp literal
  455 |                       GitHub에서 보기 →
  456 |                     </a>
> 457 |                   </div>
      |                    ^^^^^
  458 |                 </div>
  459 |               )
  460 |             )}

Parsing ecmascript source code failed

Import traces:
  Client Component Browser:
    ./src/app/problem-sets/[id]/page.tsx [Client Component Browser]
    ./src/app/problem-sets/[id]/page.tsx [Server Component]

  Client Component SSR:
    ./src/app/problem-sets/[id]/page.tsx [Client Component SSR]
    ./src/app/problem-sets/[id]/page.tsx [Server Component] @ http://localhost:3000/_next/static/chunks/node_modules_next_dist_0u_w_5s._.js:1945
[ 1150764ms] [ERROR] ./src/app/problem-sets/[id]/page.tsx:457:20
Unterminated regexp literal
  455 |                       GitHub에서 보기 →
  456 |                     </a>
> 457 |                   </div>
      |                    ^^^^^
  458 |                 </div>
  459 |               )
  460 |             )}

Parsing ecmascript source code failed

Import traces:
  Client Component Browser:
    ./src/app/problem-sets/[id]/page.tsx [Client Component Browser]
    ./src/app/problem-sets/[id]/page.tsx [Server Component]

  Client Component SSR:
    ./src/app/problem-sets/[id]/page.tsx [Client Component SSR]
    ./src/app/problem-sets/[id]/page.tsx [Server Component] @ http://localhost:3000/_next/static/chunks/node_modules_next_dist_0u_w_5s._.js:1945
[ 1150832ms] [ERROR] ./src/app/problem-sets/[id]/page.tsx:457:20
Unterminated regexp literal
  455 |                       GitHub에서 보기 →
  456 |                     </a>
> 457 |                   </div>
      |                    ^^^^^
  458 |                 </div>
  459 |               )
  460 |             )}

Parsing ecmascript source code failed

Import traces:
  Client Component Browser:
    ./src/app/problem-sets/[id]/page.tsx [Client Component Browser]
    ./src/app/problem-sets/[id]/page.tsx [Server Component]

  Client Component SSR:
    ./src/app/problem-sets/[id]/page.tsx [Client Component SSR]
    ./src/app/problem-sets/[id]/page.tsx [Server Component] @ http://localhost:3000/_next/static/chunks/node_modules_next_dist_0u_w_5s._.js:1945
[ 1150895ms] [ERROR] ./src/app/problem-sets/[id]/page.tsx:457:20
Unterminated regexp literal
  455 |                       GitHub에서 보기 →
  456 |                     </a>
> 457 |                   </div>
      |                    ^^^^^
  458 |                 </div>
  459 |               )
  460 |             )}

Parsing ecmascript source code failed

Import traces:
  Client Component Browser:
    ./src/app/problem-sets/[id]/page.tsx [Client Component Browser]
    ./src/app/problem-sets/[id]/page.tsx [Server Component]

  Client Component SSR:
    ./src/app/problem-sets/[id]/page.tsx [Client Component SSR]
    ./src/app/problem-sets/[id]/page.tsx [Server Component] @ http://localhost:3000/_next/static/chunks/node_modules_next_dist_0u_w_5s._.js:1945
[ 1150948ms] [ERROR] ./src/app/problem-sets/[id]/page.tsx:457:20
Unterminated regexp literal
  455 |                       GitHub에서 보기 →
  456 |                     </a>
> 457 |                   </div>
      |                    ^^^^^
  458 |                 </div>
  459 |               )
  460 |             )}

Parsing ecmascript source code failed

Import traces:
  Client Component Browser:
    ./src/app/problem-sets/[id]/page.tsx [Client Component Browser]
    ./src/app/problem-sets/[id]/page.tsx [Server Component]

  Client Component SSR:
    ./src/app/problem-sets/[id]/page.tsx [Client Component SSR]
    ./src/app/problem-sets/[id]/page.tsx [Server Component] @ http://localhost:3000/_next/static/chunks/node_modules_next_dist_0u_w_5s._.js:1945
[ 1151001ms] [ERROR] ./src/app/problem-sets/[id]/page.tsx:457:20
Unterminated regexp literal
  455 |                       GitHub에서 보기 →
  456 |                     </a>
> 457 |                   </div>
      |                    ^^^^^
  458 |                 </div>
  459 |               )
  460 |             )}

Parsing ecmascript source code failed

Import traces:
  Client Component Browser:
    ./src/app/problem-sets/[id]/page.tsx [Client Component Browser]
    ./src/app/problem-sets/[id]/page.tsx [Server Component]

  Client Component SSR:
    ./src/app/problem-sets/[id]/page.tsx [Client Component SSR]
    ./src/app/problem-sets/[id]/page.tsx [Server Component] @ http://localhost:3000/_next/static/chunks/node_modules_next_dist_0u_w_5s._.js:1945
[ 1151063ms] [ERROR] ./src/app/problem-sets/[id]/page.tsx:457:20
Unterminated regexp literal
  455 |                       GitHub에서 보기 →
  456 |                     </a>
> 457 |                   </div>
      |                    ^^^^^
  458 |                 </div>
  459 |               )
  460 |             )}

Parsing ecmascript source code failed

Import traces:
  Client Component Browser:
    ./src/app/problem-sets/[id]/page.tsx [Client Component Browser]
    ./src/app/problem-sets/[id]/page.tsx [Server Component]

  Client Component SSR:
    ./src/app/problem-sets/[id]/page.tsx [Client Component SSR]
    ./src/app/problem-sets/[id]/page.tsx [Server Component] @ http://localhost:3000/_next/static/chunks/node_modules_next_dist_0u_w_5s._.js:1945
[ 1151129ms] [ERROR] ./src/app/problem-sets/[id]/page.tsx:457:20
Unterminated regexp literal
  455 |                       GitHub에서 보기 →
  456 |                     </a>
> 457 |                   </div>
      |                    ^^^^^
  458 |                 </div>
  459 |               )
  460 |             )}

Parsing ecmascript source code failed

Import traces:
  Client Component Browser:
    ./src/app/problem-sets/[id]/page.tsx [Client Component Browser]
    ./src/app/problem-sets/[id]/page.tsx [Server Component]

  Client Component SSR:
    ./src/app/problem-sets/[id]/page.tsx [Client Component SSR]
    ./src/app/problem-sets/[id]/page.tsx [Server Component] @ http://localhost:3000/_next/static/chunks/node_modules_next_dist_0u_w_5s._.js:1945
[ 1151195ms] [ERROR] ./src/app/problem-sets/[id]/page.tsx:457:20
Unterminated regexp literal
  455 |                       GitHub에서 보기 →
  456 |                     </a>
> 457 |                   </div>
      |                    ^^^^^
  458 |                 </div>
  459 |               )
  460 |             )}

Parsing ecmascript source code failed

Import traces:
  Client Component Browser:
    ./src/app/problem-sets/[id]/page.tsx [Client Component Browser]
    ./src/app/problem-sets/[id]/page.tsx [Server Component]

  Client Component SSR:
    ./src/app/problem-sets/[id]/page.tsx [Client Component SSR]
    ./src/app/problem-sets/[id]/page.tsx [Server Component] @ http://localhost:3000/_next/static/chunks/node_modules_next_dist_0u_w_5s._.js:1945
[ 1151264ms] [ERROR] ./src/app/problem-sets/[id]/page.tsx:457:20
Unterminated regexp literal
  455 |                       GitHub에서 보기 →
  456 |                     </a>
> 457 |                   </div>
      |                    ^^^^^
  458 |                 </div>
  459 |               )
  460 |             )}

Parsing ecmascript source code failed

Import traces:
  Client Component Browser:
    ./src/app/problem-sets/[id]/page.tsx [Client Component Browser]
    ./src/app/problem-sets/[id]/page.tsx [Server Component]

  Client Component SSR:
    ./src/app/problem-sets/[id]/page.tsx [Client Component SSR]
    ./src/app/problem-sets/[id]/page.tsx [Server Component] @ http://localhost:3000/_next/static/chunks/node_modules_next_dist_0u_w_5s._.js:1945
[ 1151326ms] [ERROR] ./src/app/problem-sets/[id]/page.tsx:457:20
Unterminated regexp literal
  455 |                       GitHub에서 보기 →
  456 |                     </a>
> 457 |                   </div>
      |                    ^^^^^
  458 |                 </div>
  459 |               )
  460 |             )}

Parsing ecmascript source code failed

Import traces:
  Client Component Browser:
    ./src/app/problem-sets/[id]/page.tsx [Client Component Browser]
    ./src/app/problem-sets/[id]/page.tsx [Server Component]

  Client Component SSR:
    ./src/app/problem-sets/[id]/page.tsx [Client Component SSR]
    ./src/app/problem-sets/[id]/page.tsx [Server Component] @ http://localhost:3000/_next/static/chunks/node_modules_next_dist_0u_w_5s._.js:1945
[ 1151382ms] [ERROR] ./src/app/problem-sets/[id]/page.tsx:457:20
Unterminated regexp literal
  455 |                       GitHub에서 보기 →
  456 |                     </a>
> 457 |                   </div>
      |                    ^^^^^
  458 |                 </div>
  459 |               )
  460 |             )}

Parsing ecmascript source code failed

Import traces:
  Client Component Browser:
    ./src/app/problem-sets/[id]/page.tsx [Client Component Browser]
    ./src/app/problem-sets/[id]/page.tsx [Server Component]

  Client Component SSR:
    ./src/app/problem-sets/[id]/page.tsx [Client Component SSR]
    ./src/app/problem-sets/[id]/page.tsx [Server Component] @ http://localhost:3000/_next/static/chunks/node_modules_next_dist_0u_w_5s._.js:1945
[ 1151446ms] [ERROR] ./src/app/problem-sets/[id]/page.tsx:457:20
Unterminated regexp literal
  455 |                       GitHub에서 보기 →
  456 |                     </a>
> 457 |                   </div>
      |                    ^^^^^
  458 |                 </div>
  459 |               )
  460 |             )}

Parsing ecmascript source code failed

Import traces:
  Client Component Browser:
    ./src/app/problem-sets/[id]/page.tsx [Client Component Browser]
    ./src/app/problem-sets/[id]/page.tsx [Server Component]

  Client Component SSR:
    ./src/app/problem-sets/[id]/page.tsx [Client Component SSR]
    ./src/app/problem-sets/[id]/page.tsx [Server Component] @ http://localhost:3000/_next/static/chunks/node_modules_next_dist_0u_w_5s._.js:1945
[ 1151513ms] [ERROR] ./src/app/problem-sets/[id]/page.tsx:457:20
Unterminated regexp literal
  455 |                       GitHub에서 보기 →
  456 |                     </a>
> 457 |                   </div>
      |                    ^^^^^
  458 |                 </div>
  459 |               )
  460 |             )}

Parsing ecmascript source code failed

Import traces:
  Client Component Browser:
    ./src/app/problem-sets/[id]/page.tsx [Client Component Browser]
    ./src/app/problem-sets/[id]/page.tsx [Server Component]

  Client Component SSR:
    ./src/app/problem-sets/[id]/page.tsx [Client Component SSR]
    ./src/app/problem-sets/[id]/page.tsx [Server Component] @ http://localhost:3000/_next/static/chunks/node_modules_next_dist_0u_w_5s._.js:1945
[ 1151576ms] [ERROR] ./src/app/problem-sets/[id]/page.tsx:457:20
Unterminated regexp literal
  455 |                       GitHub에서 보기 →
  456 |                     </a>
> 457 |                   </div>
      |                    ^^^^^
  458 |                 </div>
  459 |               )
  460 |             )}

Parsing ecmascript source code failed

Import traces:
  Client Component Browser:
    ./src/app/problem-sets/[id]/page.tsx [Client Component Browser]
    ./src/app/problem-sets/[id]/page.tsx [Server Component]

  Client Component SSR:
    ./src/app/problem-sets/[id]/page.tsx [Client Component SSR]
    ./src/app/problem-sets/[id]/page.tsx [Server Component] @ http://localhost:3000/_next/static/chunks/node_modules_next_dist_0u_w_5s._.js:1945
[ 1151630ms] [ERROR] ./src/app/problem-sets/[id]/page.tsx:457:20
Unterminated regexp literal
  455 |                       GitHub에서 보기 →
  456 |                     </a>
> 457 |                   </div>
      |                    ^^^^^
  458 |                 </div>
  459 |               )
  460 |             )}

Parsing ecmascript source code failed

Import traces:
  Client Component Browser:
    ./src/app/problem-sets/[id]/page.tsx [Client Component Browser]
    ./src/app/problem-sets/[id]/page.tsx [Server Component]

  Client Component SSR:
    ./src/app/problem-sets/[id]/page.tsx [Client Component SSR]
    ./src/app/problem-sets/[id]/page.tsx [Server Component] @ http://localhost:3000/_next/static/chunks/node_modules_next_dist_0u_w_5s._.js:1945
[ 1151683ms] [ERROR] ./src/app/problem-sets/[id]/page.tsx:457:20
Unterminated regexp literal
  455 |                       GitHub에서 보기 →
  456 |                     </a>
> 457 |                   </div>
      |                    ^^^^^
  458 |                 </div>
  459 |               )
  460 |             )}

Parsing ecmascript source code failed

Import traces:
  Client Component Browser:
    ./src/app/problem-sets/[id]/page.tsx [Client Component Browser]
    ./src/app/problem-sets/[id]/page.tsx [Server Component]

  Client Component SSR:
    ./src/app/problem-sets/[id]/page.tsx [Client Component SSR]
    ./src/app/problem-sets/[id]/page.tsx [Server Component] @ http://localhost:3000/_next/static/chunks/node_modules_next_dist_0u_w_5s._.js:1945
[ 1151747ms] [ERROR] ./src/app/problem-sets/[id]/page.tsx:457:20
Unterminated regexp literal
  455 |                       GitHub에서 보기 →
  456 |                     </a>
> 457 |                   </div>
      |                    ^^^^^
  458 |                 </div>
  459 |               )
  460 |             )}

Parsing ecmascript source code failed

Import traces:
  Client Component Browser:
    ./src/app/problem-sets/[id]/page.tsx [Client Component Browser]
    ./src/app/problem-sets/[id]/page.tsx [Server Component]

  Client Component SSR:
    ./src/app/problem-sets/[id]/page.tsx [Client Component SSR]
    ./src/app/problem-sets/[id]/page.tsx [Server Component] @ http://localhost:3000/_next/static/chunks/node_modules_next_dist_0u_w_5s._.js:1945
[ 1151813ms] [ERROR] ./src/app/problem-sets/[id]/page.tsx:457:20
Unterminated regexp literal
  455 |                       GitHub에서 보기 →
  456 |                     </a>
> 457 |                   </div>
      |                    ^^^^^
  458 |                 </div>
  459 |               )
  460 |             )}

Parsing ecmascript source code failed

Import traces:
  Client Component Browser:
    ./src/app/problem-sets/[id]/page.tsx [Client Component Browser]
    ./src/app/problem-sets/[id]/page.tsx [Server Component]

  Client Component SSR:
    ./src/app/problem-sets/[id]/page.tsx [Client Component SSR]
    ./src/app/problem-sets/[id]/page.tsx [Server Component] @ http://localhost:3000/_next/static/chunks/node_modules_next_dist_0u_w_5s._.js:1945
[ 1151879ms] [ERROR] ./src/app/problem-sets/[id]/page.tsx:457:20
Unterminated regexp literal
  455 |                       GitHub에서 보기 →
  456 |                     </a>
> 457 |                   </div>
      |                    ^^^^^
  458 |                 </div>
  459 |               )
  460 |             )}

Parsing ecmascript source code failed

Import traces:
  Client Component Browser:
    ./src/app/problem-sets/[id]/page.tsx [Client Component Browser]
    ./src/app/problem-sets/[id]/page.tsx [Server Component]

  Client Component SSR:
    ./src/app/problem-sets/[id]/page.tsx [Client Component SSR]
    ./src/app/problem-sets/[id]/page.tsx [Server Component] @ http://localhost:3000/_next/static/chunks/node_modules_next_dist_0u_w_5s._.js:1945
[ 1151945ms] [ERROR] ./src/app/problem-sets/[id]/page.tsx:457:20
Unterminated regexp literal
  455 |                       GitHub에서 보기 →
  456 |                     </a>
> 457 |                   </div>
      |                    ^^^^^
  458 |                 </div>
  459 |               )
  460 |             )}

Parsing ecmascript source code failed

Import traces:
  Client Component Browser:
    ./src/app/problem-sets/[id]/page.tsx [Client Component Browser]
    ./src/app/problem-sets/[id]/page.tsx [Server Component]

  Client Component SSR:
    ./src/app/problem-sets/[id]/page.tsx [Client Component SSR]
    ./src/app/problem-sets/[id]/page.tsx [Server Component] @ http://localhost:3000/_next/static/chunks/node_modules_next_dist_0u_w_5s._.js:1945
[ 1152013ms] [ERROR] ./src/app/problem-sets/[id]/page.tsx:457:20
Unterminated regexp literal
  455 |                       GitHub에서 보기 →
  456 |                     </a>
> 457 |                   </div>
      |                    ^^^^^
  458 |                 </div>
  459 |               )
  460 |             )}

Parsing ecmascript source code failed

Import traces:
  Client Component Browser:
    ./src/app/problem-sets/[id]/page.tsx [Client Component Browser]
    ./src/app/problem-sets/[id]/page.tsx [Server Component]

  Client Component SSR:
    ./src/app/problem-sets/[id]/page.tsx [Client Component SSR]
    ./src/app/problem-sets/[id]/page.tsx [Server Component] @ http://localhost:3000/_next/static/chunks/node_modules_next_dist_0u_w_5s._.js:1945
[ 1152074ms] [ERROR] ./src/app/problem-sets/[id]/page.tsx:457:20
Unterminated regexp literal
  455 |                       GitHub에서 보기 →
  456 |                     </a>
> 457 |                   </div>
      |                    ^^^^^
  458 |                 </div>
  459 |               )
  460 |             )}

Parsing ecmascript source code failed

Import traces:
  Client Component Browser:
    ./src/app/problem-sets/[id]/page.tsx [Client Component Browser]
    ./src/app/problem-sets/[id]/page.tsx [Server Component]

  Client Component SSR:
    ./src/app/problem-sets/[id]/page.tsx [Client Component SSR]
    ./src/app/problem-sets/[id]/page.tsx [Server Component] @ http://localhost:3000/_next/static/chunks/node_modules_next_dist_0u_w_5s._.js:1945
[ 1152130ms] [ERROR] ./src/app/problem-sets/[id]/page.tsx:457:20
Unterminated regexp literal
  455 |                       GitHub에서 보기 →
  456 |                     </a>
> 457 |                   </div>
      |                    ^^^^^
  458 |                 </div>
  459 |               )
  460 |             )}

Parsing ecmascript source code failed

Import traces:
  Client Component Browser:
    ./src/app/problem-sets/[id]/page.tsx [Client Component Browser]
    ./src/app/problem-sets/[id]/page.tsx [Server Component]

  Client Component SSR:
    ./src/app/problem-sets/[id]/page.tsx [Client Component SSR]
    ./src/app/problem-sets/[id]/page.tsx [Server Component] @ http://localhost:3000/_next/static/chunks/node_modules_next_dist_0u_w_5s._.js:1945
[ 1152192ms] [ERROR] ./src/app/problem-sets/[id]/page.tsx:457:20
Unterminated regexp literal
  455 |                       GitHub에서 보기 →
  456 |                     </a>
> 457 |                   </div>
      |                    ^^^^^
  458 |                 </div>
  459 |               )
  460 |             )}

Parsing ecmascript source code failed

Import traces:
  Client Component Browser:
    ./src/app/problem-sets/[id]/page.tsx [Client Component Browser]
    ./src/app/problem-sets/[id]/page.tsx [Server Component]

  Client Component SSR:
    ./src/app/problem-sets/[id]/page.tsx [Client Component SSR]
    ./src/app/problem-sets/[id]/page.tsx [Server Component] @ http://localhost:3000/_next/static/chunks/node_modules_next_dist_0u_w_5s._.js:1945
[ 1152247ms] [ERROR] ./src/app/problem-sets/[id]/page.tsx:457:20
Unterminated regexp literal
  455 |                       GitHub에서 보기 →
  456 |                     </a>
> 457 |                   </div>
      |                    ^^^^^
  458 |                 </div>
  459 |               )
  460 |             )}

Parsing ecmascript source code failed

Import traces:
  Client Component Browser:
    ./src/app/problem-sets/[id]/page.tsx [Client Component Browser]
    ./src/app/problem-sets/[id]/page.tsx [Server Component]

  Client Component SSR:
    ./src/app/problem-sets/[id]/page.tsx [Client Component SSR]
    ./src/app/problem-sets/[id]/page.tsx [Server Component] @ http://localhost:3000/_next/static/chunks/node_modules_next_dist_0u_w_5s._.js:1945
[ 1152313ms] [ERROR] ./src/app/problem-sets/[id]/page.tsx:457:20
Unterminated regexp literal
  455 |                       GitHub에서 보기 →
  456 |                     </a>
> 457 |                   </div>
      |                    ^^^^^
  458 |                 </div>
  459 |               )
  460 |             )}

Parsing ecmascript source code failed

Import traces:
  Client Component Browser:
    ./src/app/problem-sets/[id]/page.tsx [Client Component Browser]
    ./src/app/problem-sets/[id]/page.tsx [Server Component]

  Client Component SSR:
    ./src/app/problem-sets/[id]/page.tsx [Client Component SSR]
    ./src/app/problem-sets/[id]/page.tsx [Server Component] @ http://localhost:3000/_next/static/chunks/node_modules_next_dist_0u_w_5s._.js:1945
[ 1152380ms] [ERROR] ./src/app/problem-sets/[id]/page.tsx:457:20
Unterminated regexp literal
  455 |                       GitHub에서 보기 →
  456 |                     </a>
> 457 |                   </div>
      |                    ^^^^^
  458 |                 </div>
  459 |               )
  460 |             )}

Parsing ecmascript source code failed

Import traces:
  Client Component Browser:
    ./src/app/problem-sets/[id]/page.tsx [Client Component Browser]
    ./src/app/problem-sets/[id]/page.tsx [Server Component]

  Client Component SSR:
    ./src/app/problem-sets/[id]/page.tsx [Client Component SSR]
    ./src/app/problem-sets/[id]/page.tsx [Server Component] @ http://localhost:3000/_next/static/chunks/node_modules_next_dist_0u_w_5s._.js:1945
[ 1152445ms] [ERROR] ./src/app/problem-sets/[id]/page.tsx:457:20
Unterminated regexp literal
  455 |                       GitHub에서 보기 →
  456 |                     </a>
> 457 |                   </div>
      |                    ^^^^^
  458 |                 </div>
  459 |               )
  460 |             )}

Parsing ecmascript source code failed

Import traces:
  Client Component Browser:
    ./src/app/problem-sets/[id]/page.tsx [Client Component Browser]
    ./src/app/problem-sets/[id]/page.tsx [Server Component]

  Client Component SSR:
    ./src/app/problem-sets/[id]/page.tsx [Client Component SSR]
    ./src/app/problem-sets/[id]/page.tsx [Server Component] @ http://localhost:3000/_next/static/chunks/node_modules_next_dist_0u_w_5s._.js:1945
[ 1152512ms] [ERROR] ./src/app/problem-sets/[id]/page.tsx:457:20
Unterminated regexp literal
  455 |                       GitHub에서 보기 →
  456 |                     </a>
> 457 |                   </div>
      |                    ^^^^^
  458 |                 </div>
  459 |               )
  460 |             )}

Parsing ecmascript source code failed

Import traces:
  Client Component Browser:
    ./src/app/problem-sets/[id]/page.tsx [Client Component Browser]
    ./src/app/problem-sets/[id]/page.tsx [Server Component]

  Client Component SSR:
    ./src/app/problem-sets/[id]/page.tsx [Client Component SSR]
    ./src/app/problem-sets/[id]/page.tsx [Server Component] @ http://localhost:3000/_next/static/chunks/node_modules_next_dist_0u_w_5s._.js:1945
[ 1152577ms] [ERROR] ./src/app/problem-sets/[id]/page.tsx:457:20
Unterminated regexp literal
  455 |                       GitHub에서 보기 →
  456 |                     </a>
> 457 |                   </div>
      |                    ^^^^^
  458 |                 </div>
  459 |               )
  460 |             )}

Parsing ecmascript source code failed

Import traces:
  Client Component Browser:
    ./src/app/problem-sets/[id]/page.tsx [Client Component Browser]
    ./src/app/problem-sets/[id]/page.tsx [Server Component]

  Client Component SSR:
    ./src/app/problem-sets/[id]/page.tsx [Client Component SSR]
    ./src/app/problem-sets/[id]/page.tsx [Server Component] @ http://localhost:3000/_next/static/chunks/node_modules_next_dist_0u_w_5s._.js:1945
[ 1152630ms] [ERROR] ./src/app/problem-sets/[id]/page.tsx:457:20
Unterminated regexp literal
  455 |                       GitHub에서 보기 →
  456 |                     </a>
> 457 |                   </div>
      |                    ^^^^^
  458 |                 </div>
  459 |               )
  460 |             )}

Parsing ecmascript source code failed

Import traces:
  Client Component Browser:
    ./src/app/problem-sets/[id]/page.tsx [Client Component Browser]
    ./src/app/problem-sets/[id]/page.tsx [Server Component]

  Client Component SSR:
    ./src/app/problem-sets/[id]/page.tsx [Client Component SSR]
    ./src/app/problem-sets/[id]/page.tsx [Server Component] @ http://localhost:3000/_next/static/chunks/node_modules_next_dist_0u_w_5s._.js:1945
[ 1152696ms] [ERROR] ./src/app/problem-sets/[id]/page.tsx:457:20
Unterminated regexp literal
  455 |                       GitHub에서 보기 →
  456 |                     </a>
> 457 |                   </div>
      |                    ^^^^^
  458 |                 </div>
  459 |               )
  460 |             )}

Parsing ecmascript source code failed

Import traces:
  Client Component Browser:
    ./src/app/problem-sets/[id]/page.tsx [Client Component Browser]
    ./src/app/problem-sets/[id]/page.tsx [Server Component]

  Client Component SSR:
    ./src/app/problem-sets/[id]/page.tsx [Client Component SSR]
    ./src/app/problem-sets/[id]/page.tsx [Server Component] @ http://localhost:3000/_next/static/chunks/node_modules_next_dist_0u_w_5s._.js:1945
[ 1152762ms] [ERROR] ./src/app/problem-sets/[id]/page.tsx:457:20
Unterminated regexp literal
  455 |                       GitHub에서 보기 →
  456 |                     </a>
> 457 |                   </div>
      |                    ^^^^^
  458 |                 </div>
  459 |               )
  460 |             )}

Parsing ecmascript source code failed

Import traces:
  Client Component Browser:
    ./src/app/problem-sets/[id]/page.tsx [Client Component Browser]
    ./src/app/problem-sets/[id]/page.tsx [Server Component]

  Client Component SSR:
    ./src/app/problem-sets/[id]/page.tsx [Client Component SSR]
    ./src/app/problem-sets/[id]/page.tsx [Server Component] @ http://localhost:3000/_next/static/chunks/node_modules_next_dist_0u_w_5s._.js:1945
[ 1152828ms] [ERROR] ./src/app/problem-sets/[id]/page.tsx:457:20
Unterminated regexp literal
  455 |                       GitHub에서 보기 →
  456 |                     </a>
> 457 |                   </div>
      |                    ^^^^^
  458 |                 </div>
  459 |               )
  460 |             )}

Parsing ecmascript source code failed

Import traces:
  Client Component Browser:
    ./src/app/problem-sets/[id]/page.tsx [Client Component Browser]
    ./src/app/problem-sets/[id]/page.tsx [Server Component]

  Client Component SSR:
    ./src/app/problem-sets/[id]/page.tsx [Client Component SSR]
    ./src/app/problem-sets/[id]/page.tsx [Server Component] @ http://localhost:3000/_next/static/chunks/node_modules_next_dist_0u_w_5s._.js:1945
[ 1152896ms] [ERROR] ./src/app/problem-sets/[id]/page.tsx:457:20
Unterminated regexp literal
  455 |                       GitHub에서 보기 →
  456 |                     </a>
> 457 |                   </div>
      |                    ^^^^^
  458 |                 </div>
  459 |               )
  460 |             )}

Parsing ecmascript source code failed

Import traces:
  Client Component Browser:
    ./src/app/problem-sets/[id]/page.tsx [Client Component Browser]
    ./src/app/problem-sets/[id]/page.tsx [Server Component]

  Client Component SSR:
    ./src/app/problem-sets/[id]/page.tsx [Client Component SSR]
    ./src/app/problem-sets/[id]/page.tsx [Server Component] @ http://localhost:3000/_next/static/chunks/node_modules_next_dist_0u_w_5s._.js:1945
[ 1152965ms] [ERROR] ./src/app/problem-sets/[id]/page.tsx:457:20
Unterminated regexp literal
  455 |                       GitHub에서 보기 →
  456 |                     </a>
> 457 |                   </div>
      |                    ^^^^^
  458 |                 </div>
  459 |               )
  460 |             )}

Parsing ecmascript source code failed

Import traces:
  Client Component Browser:
    ./src/app/problem-sets/[id]/page.tsx [Client Component Browser]
    ./src/app/problem-sets/[id]/page.tsx [Server Component]

  Client Component SSR:
    ./src/app/problem-sets/[id]/page.tsx [Client Component SSR]
    ./src/app/problem-sets/[id]/page.tsx [Server Component] @ http://localhost:3000/_next/static/chunks/node_modules_next_dist_0u_w_5s._.js:1945
[ 1153031ms] [ERROR] ./src/app/problem-sets/[id]/page.tsx:457:20
Unterminated regexp literal
  455 |                       GitHub에서 보기 →
  456 |                     </a>
> 457 |                   </div>
      |                    ^^^^^
  458 |                 </div>
  459 |               )
  460 |             )}

Parsing ecmascript source code failed

Import traces:
  Client Component Browser:
    ./src/app/problem-sets/[id]/page.tsx [Client Component Browser]
    ./src/app/problem-sets/[id]/page.tsx [Server Component]

  Client Component SSR:
    ./src/app/problem-sets/[id]/page.tsx [Client Component SSR]
    ./src/app/problem-sets/[id]/page.tsx [Server Component] @ http://localhost:3000/_next/static/chunks/node_modules_next_dist_0u_w_5s._.js:1945
[ 1153095ms] [ERROR] ./src/app/problem-sets/[id]/page.tsx:457:20
Unterminated regexp literal
  455 |                       GitHub에서 보기 →
  456 |                     </a>
> 457 |                   </div>
      |                    ^^^^^
  458 |                 </div>
  459 |               )
  460 |             )}

Parsing ecmascript source code failed

Import traces:
  Client Component Browser:
    ./src/app/problem-sets/[id]/page.tsx [Client Component Browser]
    ./src/app/problem-sets/[id]/page.tsx [Server Component]

  Client Component SSR:
    ./src/app/problem-sets/[id]/page.tsx [Client Component SSR]
    ./src/app/problem-sets/[id]/page.tsx [Server Component] @ http://localhost:3000/_next/static/chunks/node_modules_next_dist_0u_w_5s._.js:1945
[ 1153165ms] [ERROR] ./src/app/problem-sets/[id]/page.tsx:457:20
Unterminated regexp literal
  455 |                       GitHub에서 보기 →
  456 |                     </a>
> 457 |                   </div>
      |                    ^^^^^
  458 |                 </div>
  459 |               )
  460 |             )}

Parsing ecmascript source code failed

Import traces:
  Client Component Browser:
    ./src/app/problem-sets/[id]/page.tsx [Client Component Browser]
    ./src/app/problem-sets/[id]/page.tsx [Server Component]

  Client Component SSR:
    ./src/app/problem-sets/[id]/page.tsx [Client Component SSR]
    ./src/app/problem-sets/[id]/page.tsx [Server Component] @ http://localhost:3000/_next/static/chunks/node_modules_next_dist_0u_w_5s._.js:1945
[ 1153229ms] [ERROR] ./src/app/problem-sets/[id]/page.tsx:457:20
Unterminated regexp literal
  455 |                       GitHub에서 보기 →
  456 |                     </a>
> 457 |                   </div>
      |                    ^^^^^
  458 |                 </div>
  459 |               )
  460 |             )}

Parsing ecmascript source code failed

Import traces:
  Client Component Browser:
    ./src/app/problem-sets/[id]/page.tsx [Client Component Browser]
    ./src/app/problem-sets/[id]/page.tsx [Server Component]

  Client Component SSR:
    ./src/app/problem-sets/[id]/page.tsx [Client Component SSR]
    ./src/app/problem-sets/[id]/page.tsx [Server Component] @ http://localhost:3000/_next/static/chunks/node_modules_next_dist_0u_w_5s._.js:1945
[ 1153296ms] [ERROR] ./src/app/problem-sets/[id]/page.tsx:457:20
Unterminated regexp literal
  455 |                       GitHub에서 보기 →
  456 |                     </a>
> 457 |                   </div>
      |                    ^^^^^
  458 |                 </div>
  459 |               )
  460 |             )}

Parsing ecmascript source code failed

Import traces:
  Client Component Browser:
    ./src/app/problem-sets/[id]/page.tsx [Client Component Browser]
    ./src/app/problem-sets/[id]/page.tsx [Server Component]

  Client Component SSR:
    ./src/app/problem-sets/[id]/page.tsx [Client Component SSR]
    ./src/app/problem-sets/[id]/page.tsx [Server Component] @ http://localhost:3000/_next/static/chunks/node_modules_next_dist_0u_w_5s._.js:1945
[ 1153349ms] [ERROR] ./src/app/problem-sets/[id]/page.tsx:457:20
Unterminated regexp literal
  455 |                       GitHub에서 보기 →
  456 |                     </a>
> 457 |                   </div>
      |                    ^^^^^
  458 |                 </div>
  459 |               )
  460 |             )}

Parsing ecmascript source code failed

Import traces:
  Client Component Browser:
    ./src/app/problem-sets/[id]/page.tsx [Client Component Browser]
    ./src/app/problem-sets/[id]/page.tsx [Server Component]

  Client Component SSR:
    ./src/app/problem-sets/[id]/page.tsx [Client Component SSR]
    ./src/app/problem-sets/[id]/page.tsx [Server Component] @ http://localhost:3000/_next/static/chunks/node_modules_next_dist_0u_w_5s._.js:1945
[ 1153413ms] [ERROR] ./src/app/problem-sets/[id]/page.tsx:457:20
Unterminated regexp literal
  455 |                       GitHub에서 보기 →
  456 |                     </a>
> 457 |                   </div>
      |                    ^^^^^
  458 |                 </div>
  459 |               )
  460 |             )}

Parsing ecmascript source code failed

Import traces:
  Client Component Browser:
    ./src/app/problem-sets/[id]/page.tsx [Client Component Browser]
    ./src/app/problem-sets/[id]/page.tsx [Server Component]

  Client Component SSR:
    ./src/app/problem-sets/[id]/page.tsx [Client Component SSR]
    ./src/app/problem-sets/[id]/page.tsx [Server Component] @ http://localhost:3000/_next/static/chunks/node_modules_next_dist_0u_w_5s._.js:1945
[ 1153480ms] [ERROR] ./src/app/problem-sets/[id]/page.tsx:457:20
Unterminated regexp literal
  455 |                       GitHub에서 보기 →
  456 |                     </a>
> 457 |                   </div>
      |                    ^^^^^
  458 |                 </div>
  459 |               )
  460 |             )}

Parsing ecmascript source code failed

Import traces:
  Client Component Browser:
    ./src/app/problem-sets/[id]/page.tsx [Client Component Browser]
    ./src/app/problem-sets/[id]/page.tsx [Server Component]

  Client Component SSR:
    ./src/app/problem-sets/[id]/page.tsx [Client Component SSR]
    ./src/app/problem-sets/[id]/page.tsx [Server Component] @ http://localhost:3000/_next/static/chunks/node_modules_next_dist_0u_w_5s._.js:1945
[ 1153546ms] [ERROR] ./src/app/problem-sets/[id]/page.tsx:457:20
Unterminated regexp literal
  455 |                       GitHub에서 보기 →
  456 |                     </a>
> 457 |                   </div>
      |                    ^^^^^
  458 |                 </div>
  459 |               )
  460 |             )}

Parsing ecmascript source code failed

Import traces:
  Client Component Browser:
    ./src/app/problem-sets/[id]/page.tsx [Client Component Browser]
    ./src/app/problem-sets/[id]/page.tsx [Server Component]

  Client Component SSR:
    ./src/app/problem-sets/[id]/page.tsx [Client Component SSR]
    ./src/app/problem-sets/[id]/page.tsx [Server Component] @ http://localhost:3000/_next/static/chunks/node_modules_next_dist_0u_w_5s._.js:1945
[ 1153613ms] [ERROR] ./src/app/problem-sets/[id]/page.tsx:457:20
Unterminated regexp literal
  455 |                       GitHub에서 보기 →
  456 |                     </a>
> 457 |                   </div>
      |                    ^^^^^
  458 |                 </div>
  459 |               )
  460 |             )}

Parsing ecmascript source code failed

Import traces:
  Client Component Browser:
    ./src/app/problem-sets/[id]/page.tsx [Client Component Browser]
    ./src/app/problem-sets/[id]/page.tsx [Server Component]

  Client Component SSR:
    ./src/app/problem-sets/[id]/page.tsx [Client Component SSR]
    ./src/app/problem-sets/[id]/page.tsx [Server Component] @ http://localhost:3000/_next/static/chunks/node_modules_next_dist_0u_w_5s._.js:1945
[ 1153680ms] [ERROR] ./src/app/problem-sets/[id]/page.tsx:457:20
Unterminated regexp literal
  455 |                       GitHub에서 보기 →
  456 |                     </a>
> 457 |                   </div>
      |                    ^^^^^
  458 |                 </div>
  459 |               )
  460 |             )}

Parsing ecmascript source code failed

Import traces:
  Client Component Browser:
    ./src/app/problem-sets/[id]/page.tsx [Client Component Browser]
    ./src/app/problem-sets/[id]/page.tsx [Server Component]

  Client Component SSR:
    ./src/app/problem-sets/[id]/page.tsx [Client Component SSR]
    ./src/app/problem-sets/[id]/page.tsx [Server Component] @ http://localhost:3000/_next/static/chunks/node_modules_next_dist_0u_w_5s._.js:1945
[ 1153742ms] [ERROR] ./src/app/problem-sets/[id]/page.tsx:457:20
Unterminated regexp literal
  455 |                       GitHub에서 보기 →
  456 |                     </a>
> 457 |                   </div>
      |                    ^^^^^
  458 |                 </div>
  459 |               )
  460 |             )}

Parsing ecmascript source code failed

Import traces:
  Client Component Browser:
    ./src/app/problem-sets/[id]/page.tsx [Client Component Browser]
    ./src/app/problem-sets/[id]/page.tsx [Server Component]

  Client Component SSR:
    ./src/app/problem-sets/[id]/page.tsx [Client Component SSR]
    ./src/app/problem-sets/[id]/page.tsx [Server Component] @ http://localhost:3000/_next/static/chunks/node_modules_next_dist_0u_w_5s._.js:1945
[ 1153805ms] [ERROR] ./src/app/problem-sets/[id]/page.tsx:457:20
Unterminated regexp literal
  455 |                       GitHub에서 보기 →
  456 |                     </a>
> 457 |                   </div>
      |                    ^^^^^
  458 |                 </div>
  459 |               )
  460 |             )}

Parsing ecmascript source code failed

Import traces:
  Client Component Browser:
    ./src/app/problem-sets/[id]/page.tsx [Client Component Browser]
    ./src/app/problem-sets/[id]/page.tsx [Server Component]

  Client Component SSR:
    ./src/app/problem-sets/[id]/page.tsx [Client Component SSR]
    ./src/app/problem-sets/[id]/page.tsx [Server Component] @ http://localhost:3000/_next/static/chunks/node_modules_next_dist_0u_w_5s._.js:1945
[ 1153864ms] [ERROR] ./src/app/problem-sets/[id]/page.tsx:457:20
Unterminated regexp literal
  455 |                       GitHub에서 보기 →
  456 |                     </a>
> 457 |                   </div>
      |                    ^^^^^
  458 |                 </div>
  459 |               )
  460 |             )}

Parsing ecmascript source code failed

Import traces:
  Client Component Browser:
    ./src/app/problem-sets/[id]/page.tsx [Client Component Browser]
    ./src/app/problem-sets/[id]/page.tsx [Server Component]

  Client Component SSR:
    ./src/app/problem-sets/[id]/page.tsx [Client Component SSR]
    ./src/app/problem-sets/[id]/page.tsx [Server Component] @ http://localhost:3000/_next/static/chunks/node_modules_next_dist_0u_w_5s._.js:1945
[ 1153931ms] [ERROR] ./src/app/problem-sets/[id]/page.tsx:457:20
Unterminated regexp literal
  455 |                       GitHub에서 보기 →
  456 |                     </a>
> 457 |                   </div>
      |                    ^^^^^
  458 |                 </div>
  459 |               )
  460 |             )}

Parsing ecmascript source code failed

Import traces:
  Client Component Browser:
    ./src/app/problem-sets/[id]/page.tsx [Client Component Browser]
    ./src/app/problem-sets/[id]/page.tsx [Server Component]

  Client Component SSR:
    ./src/app/problem-sets/[id]/page.tsx [Client Component SSR]
    ./src/app/problem-sets/[id]/page.tsx [Server Component] @ http://localhost:3000/_next/static/chunks/node_modules_next_dist_0u_w_5s._.js:1945
[ 1153997ms] [ERROR] ./src/app/problem-sets/[id]/page.tsx:457:20
Unterminated regexp literal
  455 |                       GitHub에서 보기 →
  456 |                     </a>
> 457 |                   </div>
      |                    ^^^^^
  458 |                 </div>
  459 |               )
  460 |             )}

Parsing ecmascript source code failed

Import traces:
  Client Component Browser:
    ./src/app/problem-sets/[id]/page.tsx [Client Component Browser]
    ./src/app/problem-sets/[id]/page.tsx [Server Component]

  Client Component SSR:
    ./src/app/problem-sets/[id]/page.tsx [Client Component SSR]
    ./src/app/problem-sets/[id]/page.tsx [Server Component] @ http://localhost:3000/_next/static/chunks/node_modules_next_dist_0u_w_5s._.js:1945
[ 1154063ms] [ERROR] ./src/app/problem-sets/[id]/page.tsx:457:20
Unterminated regexp literal
  455 |                       GitHub에서 보기 →
  456 |                     </a>
> 457 |                   </div>
      |                    ^^^^^
  458 |                 </div>
  459 |               )
  460 |             )}

Parsing ecmascript source code failed

Import traces:
  Client Component Browser:
    ./src/app/problem-sets/[id]/page.tsx [Client Component Browser]
    ./src/app/problem-sets/[id]/page.tsx [Server Component]

  Client Component SSR:
    ./src/app/problem-sets/[id]/page.tsx [Client Component SSR]
    ./src/app/problem-sets/[id]/page.tsx [Server Component] @ http://localhost:3000/_next/static/chunks/node_modules_next_dist_0u_w_5s._.js:1945
[ 1154131ms] [ERROR] ./src/app/problem-sets/[id]/page.tsx:457:20
Unterminated regexp literal
  455 |                       GitHub에서 보기 →
  456 |                     </a>
> 457 |                   </div>
      |                    ^^^^^
  458 |                 </div>
  459 |               )
  460 |             )}

Parsing ecmascript source code failed

Import traces:
  Client Component Browser:
    ./src/app/problem-sets/[id]/page.tsx [Client Component Browser]
    ./src/app/problem-sets/[id]/page.tsx [Server Component]

  Client Component SSR:
    ./src/app/problem-sets/[id]/page.tsx [Client Component SSR]
    ./src/app/problem-sets/[id]/page.tsx [Server Component] @ http://localhost:3000/_next/static/chunks/node_modules_next_dist_0u_w_5s._.js:1945
[ 1154196ms] [ERROR] ./src/app/problem-sets/[id]/page.tsx:457:20
Unterminated regexp literal
  455 |                       GitHub에서 보기 →
  456 |                     </a>
> 457 |                   </div>
      |                    ^^^^^
  458 |                 </div>
  459 |               )
  460 |             )}

Parsing ecmascript source code failed

Import traces:
  Client Component Browser:
    ./src/app/problem-sets/[id]/page.tsx [Client Component Browser]
    ./src/app/problem-sets/[id]/page.tsx [Server Component]

  Client Component SSR:
    ./src/app/problem-sets/[id]/page.tsx [Client Component SSR]
    ./src/app/problem-sets/[id]/page.tsx [Server Component] @ http://localhost:3000/_next/static/chunks/node_modules_next_dist_0u_w_5s._.js:1945
[ 1154263ms] [ERROR] ./src/app/problem-sets/[id]/page.tsx:457:20
Unterminated regexp literal
  455 |                       GitHub에서 보기 →
  456 |                     </a>
> 457 |                   </div>
      |                    ^^^^^
  458 |                 </div>
  459 |               )
  460 |             )}

Parsing ecmascript source code failed

Import traces:
  Client Component Browser:
    ./src/app/problem-sets/[id]/page.tsx [Client Component Browser]
    ./src/app/problem-sets/[id]/page.tsx [Server Component]

  Client Component SSR:
    ./src/app/problem-sets/[id]/page.tsx [Client Component SSR]
    ./src/app/problem-sets/[id]/page.tsx [Server Component] @ http://localhost:3000/_next/static/chunks/node_modules_next_dist_0u_w_5s._.js:1945
[ 1154330ms] [ERROR] ./src/app/problem-sets/[id]/page.tsx:457:20
Unterminated regexp literal
  455 |                       GitHub에서 보기 →
  456 |                     </a>
> 457 |                   </div>
      |                    ^^^^^
  458 |                 </div>
  459 |               )
  460 |             )}

Parsing ecmascript source code failed

Import traces:
  Client Component Browser:
    ./src/app/problem-sets/[id]/page.tsx [Client Component Browser]
    ./src/app/problem-sets/[id]/page.tsx [Server Component]

  Client Component SSR:
    ./src/app/problem-sets/[id]/page.tsx [Client Component SSR]
    ./src/app/problem-sets/[id]/page.tsx [Server Component] @ http://localhost:3000/_next/static/chunks/node_modules_next_dist_0u_w_5s._.js:1945
[ 1154396ms] [ERROR] ./src/app/problem-sets/[id]/page.tsx:457:20
Unterminated regexp literal
  455 |                       GitHub에서 보기 →
  456 |                     </a>
> 457 |                   </div>
      |                    ^^^^^
  458 |                 </div>
  459 |               )
  460 |             )}

Parsing ecmascript source code failed

Import traces:
  Client Component Browser:
    ./src/app/problem-sets/[id]/page.tsx [Client Component Browser]
    ./src/app/problem-sets/[id]/page.tsx [Server Component]

  Client Component SSR:
    ./src/app/problem-sets/[id]/page.tsx [Client Component SSR]
    ./src/app/problem-sets/[id]/page.tsx [Server Component] @ http://localhost:3000/_next/static/chunks/node_modules_next_dist_0u_w_5s._.js:1945
[ 1154464ms] [ERROR] ./src/app/problem-sets/[id]/page.tsx:457:20
Unterminated regexp literal
  455 |                       GitHub에서 보기 →
  456 |                     </a>
> 457 |                   </div>
      |                    ^^^^^
  458 |                 </div>
  459 |               )
  460 |             )}

Parsing ecmascript source code failed

Import traces:
  Client Component Browser:
    ./src/app/problem-sets/[id]/page.tsx [Client Component Browser]
    ./src/app/problem-sets/[id]/page.tsx [Server Component]

  Client Component SSR:
    ./src/app/problem-sets/[id]/page.tsx [Client Component SSR]
    ./src/app/problem-sets/[id]/page.tsx [Server Component] @ http://localhost:3000/_next/static/chunks/node_modules_next_dist_0u_w_5s._.js:1945
[ 1154531ms] [ERROR] ./src/app/problem-sets/[id]/page.tsx:457:20
Unterminated regexp literal
  455 |                       GitHub에서 보기 →
  456 |                     </a>
> 457 |                   </div>
      |                    ^^^^^
  458 |                 </div>
  459 |               )
  460 |             )}

Parsing ecmascript source code failed

Import traces:
  Client Component Browser:
    ./src/app/problem-sets/[id]/page.tsx [Client Component Browser]
    ./src/app/problem-sets/[id]/page.tsx [Server Component]

  Client Component SSR:
    ./src/app/problem-sets/[id]/page.tsx [Client Component SSR]
    ./src/app/problem-sets/[id]/page.tsx [Server Component] @ http://localhost:3000/_next/static/chunks/node_modules_next_dist_0u_w_5s._.js:1945
[ 1154593ms] [ERROR] ./src/app/problem-sets/[id]/page.tsx:457:20
Unterminated regexp literal
  455 |                       GitHub에서 보기 →
  456 |                     </a>
> 457 |                   </div>
      |                    ^^^^^
  458 |                 </div>
  459 |               )
  460 |             )}

Parsing ecmascript source code failed

Import traces:
  Client Component Browser:
    ./src/app/problem-sets/[id]/page.tsx [Client Component Browser]
    ./src/app/problem-sets/[id]/page.tsx [Server Component]

  Client Component SSR:
    ./src/app/problem-sets/[id]/page.tsx [Client Component SSR]
    ./src/app/problem-sets/[id]/page.tsx [Server Component] @ http://localhost:3000/_next/static/chunks/node_modules_next_dist_0u_w_5s._.js:1945
[ 1154645ms] [ERROR] ./src/app/problem-sets/[id]/page.tsx:457:20
Unterminated regexp literal
  455 |                       GitHub에서 보기 →
  456 |                     </a>
> 457 |                   </div>
      |                    ^^^^^
  458 |                 </div>
  459 |               )
  460 |             )}

Parsing ecmascript source code failed

Import traces:
  Client Component Browser:
    ./src/app/problem-sets/[id]/page.tsx [Client Component Browser]
    ./src/app/problem-sets/[id]/page.tsx [Server Component]

  Client Component SSR:
    ./src/app/problem-sets/[id]/page.tsx [Client Component SSR]
    ./src/app/problem-sets/[id]/page.tsx [Server Component] @ http://localhost:3000/_next/static/chunks/node_modules_next_dist_0u_w_5s._.js:1945
[ 1154711ms] [ERROR] ./src/app/problem-sets/[id]/page.tsx:457:20
Unterminated regexp literal
  455 |                       GitHub에서 보기 →
  456 |                     </a>
> 457 |                   </div>
      |                    ^^^^^
  458 |                 </div>
  459 |               )
  460 |             )}

Parsing ecmascript source code failed

Import traces:
  Client Component Browser:
    ./src/app/problem-sets/[id]/page.tsx [Client Component Browser]
    ./src/app/problem-sets/[id]/page.tsx [Server Component]

  Client Component SSR:
    ./src/app/problem-sets/[id]/page.tsx [Client Component SSR]
    ./src/app/problem-sets/[id]/page.tsx [Server Component] @ http://localhost:3000/_next/static/chunks/node_modules_next_dist_0u_w_5s._.js:1945
[ 1154766ms] [ERROR] ./src/app/problem-sets/[id]/page.tsx:457:20
Unterminated regexp literal
  455 |                       GitHub에서 보기 →
  456 |                     </a>
> 457 |                   </div>
      |                    ^^^^^
  458 |                 </div>
  459 |               )
  460 |             )}

Parsing ecmascript source code failed

Import traces:
  Client Component Browser:
    ./src/app/problem-sets/[id]/page.tsx [Client Component Browser]
    ./src/app/problem-sets/[id]/page.tsx [Server Component]

  Client Component SSR:
    ./src/app/problem-sets/[id]/page.tsx [Client Component SSR]
    ./src/app/problem-sets/[id]/page.tsx [Server Component] @ http://localhost:3000/_next/static/chunks/node_modules_next_dist_0u_w_5s._.js:1945
[ 1154832ms] [ERROR] ./src/app/problem-sets/[id]/page.tsx:457:20
Unterminated regexp literal
  455 |                       GitHub에서 보기 →
  456 |                     </a>
> 457 |                   </div>
      |                    ^^^^^
  458 |                 </div>
  459 |               )
  460 |             )}

Parsing ecmascript source code failed

Import traces:
  Client Component Browser:
    ./src/app/problem-sets/[id]/page.tsx [Client Component Browser]
    ./src/app/problem-sets/[id]/page.tsx [Server Component]

  Client Component SSR:
    ./src/app/problem-sets/[id]/page.tsx [Client Component SSR]
    ./src/app/problem-sets/[id]/page.tsx [Server Component] @ http://localhost:3000/_next/static/chunks/node_modules_next_dist_0u_w_5s._.js:1945
[ 1154897ms] [ERROR] ./src/app/problem-sets/[id]/page.tsx:457:20
Unterminated regexp literal
  455 |                       GitHub에서 보기 →
  456 |                     </a>
> 457 |                   </div>
      |                    ^^^^^
  458 |                 </div>
  459 |               )
  460 |             )}

Parsing ecmascript source code failed

Import traces:
  Client Component Browser:
    ./src/app/problem-sets/[id]/page.tsx [Client Component Browser]
    ./src/app/problem-sets/[id]/page.tsx [Server Component]

  Client Component SSR:
    ./src/app/problem-sets/[id]/page.tsx [Client Component SSR]
    ./src/app/problem-sets/[id]/page.tsx [Server Component] @ http://localhost:3000/_next/static/chunks/node_modules_next_dist_0u_w_5s._.js:1945
[ 1154956ms] [ERROR] ./src/app/problem-sets/[id]/page.tsx:457:20
Unterminated regexp literal
  455 |                       GitHub에서 보기 →
  456 |                     </a>
> 457 |                   </div>
      |                    ^^^^^
  458 |                 </div>
  459 |               )
  460 |             )}

Parsing ecmascript source code failed

Import traces:
  Client Component Browser:
    ./src/app/problem-sets/[id]/page.tsx [Client Component Browser]
    ./src/app/problem-sets/[id]/page.tsx [Server Component]

  Client Component SSR:
    ./src/app/problem-sets/[id]/page.tsx [Client Component SSR]
    ./src/app/problem-sets/[id]/page.tsx [Server Component] @ http://localhost:3000/_next/static/chunks/node_modules_next_dist_0u_w_5s._.js:1945
[ 1155014ms] [ERROR] ./src/app/problem-sets/[id]/page.tsx:457:20
Unterminated regexp literal
  455 |                       GitHub에서 보기 →
  456 |                     </a>
> 457 |                   </div>
      |                    ^^^^^
  458 |                 </div>
  459 |               )
  460 |             )}

Parsing ecmascript source code failed

Import traces:
  Client Component Browser:
    ./src/app/problem-sets/[id]/page.tsx [Client Component Browser]
    ./src/app/problem-sets/[id]/page.tsx [Server Component]

  Client Component SSR:
    ./src/app/problem-sets/[id]/page.tsx [Client Component SSR]
    ./src/app/problem-sets/[id]/page.tsx [Server Component] @ http://localhost:3000/_next/static/chunks/node_modules_next_dist_0u_w_5s._.js:1945
[ 1155081ms] [ERROR] ./src/app/problem-sets/[id]/page.tsx:457:20
Unterminated regexp literal
  455 |                       GitHub에서 보기 →
  456 |                     </a>
> 457 |                   </div>
      |                    ^^^^^
  458 |                 </div>
  459 |               )
  460 |             )}

Parsing ecmascript source code failed

Import traces:
  Client Component Browser:
    ./src/app/problem-sets/[id]/page.tsx [Client Component Browser]
    ./src/app/problem-sets/[id]/page.tsx [Server Component]

  Client Component SSR:
    ./src/app/problem-sets/[id]/page.tsx [Client Component SSR]
    ./src/app/problem-sets/[id]/page.tsx [Server Component] @ http://localhost:3000/_next/static/chunks/node_modules_next_dist_0u_w_5s._.js:1945
[ 1155132ms] [ERROR] ./src/app/problem-sets/[id]/page.tsx:457:20
Unterminated regexp literal
  455 |                       GitHub에서 보기 →
  456 |                     </a>
> 457 |                   </div>
      |                    ^^^^^
  458 |                 </div>
  459 |               )
  460 |             )}

Parsing ecmascript source code failed

Import traces:
  Client Component Browser:
    ./src/app/problem-sets/[id]/page.tsx [Client Component Browser]
    ./src/app/problem-sets/[id]/page.tsx [Server Component]

  Client Component SSR:
    ./src/app/problem-sets/[id]/page.tsx [Client Component SSR]
    ./src/app/problem-sets/[id]/page.tsx [Server Component] @ http://localhost:3000/_next/static/chunks/node_modules_next_dist_0u_w_5s._.js:1945
[ 1155195ms] [ERROR] ./src/app/problem-sets/[id]/page.tsx:457:20
Unterminated regexp literal
  455 |                       GitHub에서 보기 →
  456 |                     </a>
> 457 |                   </div>
      |                    ^^^^^
  458 |                 </div>
  459 |               )
  460 |             )}

Parsing ecmascript source code failed

Import traces:
  Client Component Browser:
    ./src/app/problem-sets/[id]/page.tsx [Client Component Browser]
    ./src/app/problem-sets/[id]/page.tsx [Server Component]

  Client Component SSR:
    ./src/app/problem-sets/[id]/page.tsx [Client Component SSR]
    ./src/app/problem-sets/[id]/page.tsx [Server Component] @ http://localhost:3000/_next/static/chunks/node_modules_next_dist_0u_w_5s._.js:1945
[ 1155257ms] [ERROR] ./src/app/problem-sets/[id]/page.tsx:457:20
Unterminated regexp literal
  455 |                       GitHub에서 보기 →
  456 |                     </a>
> 457 |                   </div>
      |                    ^^^^^
  458 |                 </div>
  459 |               )
  460 |             )}

Parsing ecmascript source code failed

Import traces:
  Client Component Browser:
    ./src/app/problem-sets/[id]/page.tsx [Client Component Browser]
    ./src/app/problem-sets/[id]/page.tsx [Server Component]

  Client Component SSR:
    ./src/app/problem-sets/[id]/page.tsx [Client Component SSR]
    ./src/app/problem-sets/[id]/page.tsx [Server Component] @ http://localhost:3000/_next/static/chunks/node_modules_next_dist_0u_w_5s._.js:1945
[ 1155314ms] [ERROR] ./src/app/problem-sets/[id]/page.tsx:457:20
Unterminated regexp literal
  455 |                       GitHub에서 보기 →
  456 |                     </a>
> 457 |                   </div>
      |                    ^^^^^
  458 |                 </div>
  459 |               )
  460 |             )}

Parsing ecmascript source code failed

Import traces:
  Client Component Browser:
    ./src/app/problem-sets/[id]/page.tsx [Client Component Browser]
    ./src/app/problem-sets/[id]/page.tsx [Server Component]

  Client Component SSR:
    ./src/app/problem-sets/[id]/page.tsx [Client Component SSR]
    ./src/app/problem-sets/[id]/page.tsx [Server Component] @ http://localhost:3000/_next/static/chunks/node_modules_next_dist_0u_w_5s._.js:1945
[ 1155366ms] [ERROR] ./src/app/problem-sets/[id]/page.tsx:457:20
Unterminated regexp literal
  455 |                       GitHub에서 보기 →
  456 |                     </a>
> 457 |                   </div>
      |                    ^^^^^
  458 |                 </div>
  459 |               )
  460 |             )}

Parsing ecmascript source code failed

Import traces:
  Client Component Browser:
    ./src/app/problem-sets/[id]/page.tsx [Client Component Browser]
    ./src/app/problem-sets/[id]/page.tsx [Server Component]

  Client Component SSR:
    ./src/app/problem-sets/[id]/page.tsx [Client Component SSR]
    ./src/app/problem-sets/[id]/page.tsx [Server Component] @ http://localhost:3000/_next/static/chunks/node_modules_next_dist_0u_w_5s._.js:1945
[ 1155430ms] [ERROR] ./src/app/problem-sets/[id]/page.tsx:457:20
Unterminated regexp literal
  455 |                       GitHub에서 보기 →
  456 |                     </a>
> 457 |                   </div>
      |                    ^^^^^
  458 |                 </div>
  459 |               )
  460 |             )}

Parsing ecmascript source code failed

Import traces:
  Client Component Browser:
    ./src/app/problem-sets/[id]/page.tsx [Client Component Browser]
    ./src/app/problem-sets/[id]/page.tsx [Server Component]

  Client Component SSR:
    ./src/app/problem-sets/[id]/page.tsx [Client Component SSR]
    ./src/app/problem-sets/[id]/page.tsx [Server Component] @ http://localhost:3000/_next/static/chunks/node_modules_next_dist_0u_w_5s._.js:1945
[ 1155498ms] [ERROR] ./src/app/problem-sets/[id]/page.tsx:457:20
Unterminated regexp literal
  455 |                       GitHub에서 보기 →
  456 |                     </a>
> 457 |                   </div>
      |                    ^^^^^
  458 |                 </div>
  459 |               )
  460 |             )}

Parsing ecmascript source code failed

Import traces:
  Client Component Browser:
    ./src/app/problem-sets/[id]/page.tsx [Client Component Browser]
    ./src/app/problem-sets/[id]/page.tsx [Server Component]

  Client Component SSR:
    ./src/app/problem-sets/[id]/page.tsx [Client Component SSR]
    ./src/app/problem-sets/[id]/page.tsx [Server Component] @ http://localhost:3000/_next/static/chunks/node_modules_next_dist_0u_w_5s._.js:1945
[ 1155565ms] [ERROR] ./src/app/problem-sets/[id]/page.tsx:457:20
Unterminated regexp literal
  455 |                       GitHub에서 보기 →
  456 |                     </a>
> 457 |                   </div>
      |                    ^^^^^
  458 |                 </div>
  459 |               )
  460 |             )}

Parsing ecmascript source code failed

Import traces:
  Client Component Browser:
    ./src/app/problem-sets/[id]/page.tsx [Client Component Browser]
    ./src/app/problem-sets/[id]/page.tsx [Server Component]

  Client Component SSR:
    ./src/app/problem-sets/[id]/page.tsx [Client Component SSR]
    ./src/app/problem-sets/[id]/page.tsx [Server Component] @ http://localhost:3000/_next/static/chunks/node_modules_next_dist_0u_w_5s._.js:1945
[ 1155630ms] [ERROR] ./src/app/problem-sets/[id]/page.tsx:457:20
Unterminated regexp literal
  455 |                       GitHub에서 보기 →
  456 |                     </a>
> 457 |                   </div>
      |                    ^^^^^
  458 |                 </div>
  459 |               )
  460 |             )}

Parsing ecmascript source code failed

Import traces:
  Client Component Browser:
    ./src/app/problem-sets/[id]/page.tsx [Client Component Browser]
    ./src/app/problem-sets/[id]/page.tsx [Server Component]

  Client Component SSR:
    ./src/app/problem-sets/[id]/page.tsx [Client Component SSR]
    ./src/app/problem-sets/[id]/page.tsx [Server Component] @ http://localhost:3000/_next/static/chunks/node_modules_next_dist_0u_w_5s._.js:1945
[ 1155695ms] [ERROR] ./src/app/problem-sets/[id]/page.tsx:457:20
Unterminated regexp literal
  455 |                       GitHub에서 보기 →
  456 |                     </a>
> 457 |                   </div>
      |                    ^^^^^
  458 |                 </div>
  459 |               )
  460 |             )}

Parsing ecmascript source code failed

Import traces:
  Client Component Browser:
    ./src/app/problem-sets/[id]/page.tsx [Client Component Browser]
    ./src/app/problem-sets/[id]/page.tsx [Server Component]

  Client Component SSR:
    ./src/app/problem-sets/[id]/page.tsx [Client Component SSR]
    ./src/app/problem-sets/[id]/page.tsx [Server Component] @ http://localhost:3000/_next/static/chunks/node_modules_next_dist_0u_w_5s._.js:1945
[ 1155747ms] [ERROR] ./src/app/problem-sets/[id]/page.tsx:457:20
Unterminated regexp literal
  455 |                       GitHub에서 보기 →
  456 |                     </a>
> 457 |                   </div>
      |                    ^^^^^
  458 |                 </div>
  459 |               )
  460 |             )}

Parsing ecmascript source code failed

Import traces:
  Client Component Browser:
    ./src/app/problem-sets/[id]/page.tsx [Client Component Browser]
    ./src/app/problem-sets/[id]/page.tsx [Server Component]

  Client Component SSR:
    ./src/app/problem-sets/[id]/page.tsx [Client Component SSR]
    ./src/app/problem-sets/[id]/page.tsx [Server Component] @ http://localhost:3000/_next/static/chunks/node_modules_next_dist_0u_w_5s._.js:1945
[ 1155806ms] [ERROR] ./src/app/problem-sets/[id]/page.tsx:457:20
Unterminated regexp literal
  455 |                       GitHub에서 보기 →
  456 |                     </a>
> 457 |                   </div>
      |                    ^^^^^
  458 |                 </div>
  459 |               )
  460 |             )}

Parsing ecmascript source code failed

Import traces:
  Client Component Browser:
    ./src/app/problem-sets/[id]/page.tsx [Client Component Browser]
    ./src/app/problem-sets/[id]/page.tsx [Server Component]

  Client Component SSR:
    ./src/app/problem-sets/[id]/page.tsx [Client Component SSR]
    ./src/app/problem-sets/[id]/page.tsx [Server Component] @ http://localhost:3000/_next/static/chunks/node_modules_next_dist_0u_w_5s._.js:1945
[ 1155864ms] [ERROR] ./src/app/problem-sets/[id]/page.tsx:457:20
Unterminated regexp literal
  455 |                       GitHub에서 보기 →
  456 |                     </a>
> 457 |                   </div>
      |                    ^^^^^
  458 |                 </div>
  459 |               )
  460 |             )}

Parsing ecmascript source code failed

Import traces:
  Client Component Browser:
    ./src/app/problem-sets/[id]/page.tsx [Client Component Browser]
    ./src/app/problem-sets/[id]/page.tsx [Server Component]

  Client Component SSR:
    ./src/app/problem-sets/[id]/page.tsx [Client Component SSR]
    ./src/app/problem-sets/[id]/page.tsx [Server Component] @ http://localhost:3000/_next/static/chunks/node_modules_next_dist_0u_w_5s._.js:1945
[ 1155930ms] [ERROR] ./src/app/problem-sets/[id]/page.tsx:457:20
Unterminated regexp literal
  455 |                       GitHub에서 보기 →
  456 |                     </a>
> 457 |                   </div>
      |                    ^^^^^
  458 |                 </div>
  459 |               )
  460 |             )}

Parsing ecmascript source code failed

Import traces:
  Client Component Browser:
    ./src/app/problem-sets/[id]/page.tsx [Client Component Browser]
    ./src/app/problem-sets/[id]/page.tsx [Server Component]

  Client Component SSR:
    ./src/app/problem-sets/[id]/page.tsx [Client Component SSR]
    ./src/app/problem-sets/[id]/page.tsx [Server Component] @ http://localhost:3000/_next/static/chunks/node_modules_next_dist_0u_w_5s._.js:1945
[ 1155996ms] [ERROR] ./src/app/problem-sets/[id]/page.tsx:457:20
Unterminated regexp literal
  455 |                       GitHub에서 보기 →
  456 |                     </a>
> 457 |                   </div>
      |                    ^^^^^
  458 |                 </div>
  459 |               )
  460 |             )}

Parsing ecmascript source code failed

Import traces:
  Client Component Browser:
    ./src/app/problem-sets/[id]/page.tsx [Client Component Browser]
    ./src/app/problem-sets/[id]/page.tsx [Server Component]

  Client Component SSR:
    ./src/app/problem-sets/[id]/page.tsx [Client Component SSR]
    ./src/app/problem-sets/[id]/page.tsx [Server Component] @ http://localhost:3000/_next/static/chunks/node_modules_next_dist_0u_w_5s._.js:1945
[ 1156054ms] [ERROR] ./src/app/problem-sets/[id]/page.tsx:457:20
Unterminated regexp literal
  455 |                       GitHub에서 보기 →
  456 |                     </a>
> 457 |                   </div>
      |                    ^^^^^
  458 |                 </div>
  459 |               )
  460 |             )}

Parsing ecmascript source code failed

Import traces:
  Client Component Browser:
    ./src/app/problem-sets/[id]/page.tsx [Client Component Browser]
    ./src/app/problem-sets/[id]/page.tsx [Server Component]

  Client Component SSR:
    ./src/app/problem-sets/[id]/page.tsx [Client Component SSR]
    ./src/app/problem-sets/[id]/page.tsx [Server Component] @ http://localhost:3000/_next/static/chunks/node_modules_next_dist_0u_w_5s._.js:1945
[ 1156116ms] [ERROR] ./src/app/problem-sets/[id]/page.tsx:457:20
Unterminated regexp literal
  455 |                       GitHub에서 보기 →
  456 |                     </a>
> 457 |                   </div>
      |                    ^^^^^
  458 |                 </div>
  459 |               )
  460 |             )}

Parsing ecmascript source code failed

Import traces:
  Client Component Browser:
    ./src/app/problem-sets/[id]/page.tsx [Client Component Browser]
    ./src/app/problem-sets/[id]/page.tsx [Server Component]

  Client Component SSR:
    ./src/app/problem-sets/[id]/page.tsx [Client Component SSR]
    ./src/app/problem-sets/[id]/page.tsx [Server Component] @ http://localhost:3000/_next/static/chunks/node_modules_next_dist_0u_w_5s._.js:1945
[ 1156180ms] [ERROR] ./src/app/problem-sets/[id]/page.tsx:457:20
Unterminated regexp literal
  455 |                       GitHub에서 보기 →
  456 |                     </a>
> 457 |                   </div>
      |                    ^^^^^
  458 |                 </div>
  459 |               )
  460 |             )}

Parsing ecmascript source code failed

Import traces:
  Client Component Browser:
    ./src/app/problem-sets/[id]/page.tsx [Client Component Browser]
    ./src/app/problem-sets/[id]/page.tsx [Server Component]

  Client Component SSR:
    ./src/app/problem-sets/[id]/page.tsx [Client Component SSR]
    ./src/app/problem-sets/[id]/page.tsx [Server Component] @ http://localhost:3000/_next/static/chunks/node_modules_next_dist_0u_w_5s._.js:1945
[ 1156242ms] [ERROR] ./src/app/problem-sets/[id]/page.tsx:457:20
Unterminated regexp literal
  455 |                       GitHub에서 보기 →
  456 |                     </a>
> 457 |                   </div>
      |                    ^^^^^
  458 |                 </div>
  459 |               )
  460 |             )}

Parsing ecmascript source code failed

Import traces:
  Client Component Browser:
    ./src/app/problem-sets/[id]/page.tsx [Client Component Browser]
    ./src/app/problem-sets/[id]/page.tsx [Server Component]

  Client Component SSR:
    ./src/app/problem-sets/[id]/page.tsx [Client Component SSR]
    ./src/app/problem-sets/[id]/page.tsx [Server Component] @ http://localhost:3000/_next/static/chunks/node_modules_next_dist_0u_w_5s._.js:1945
[ 1156316ms] [ERROR] ./src/app/problem-sets/[id]/page.tsx:457:20
Unterminated regexp literal
  455 |                       GitHub에서 보기 →
  456 |                     </a>
> 457 |                   </div>
      |                    ^^^^^
  458 |                 </div>
  459 |               )
  460 |             )}

Parsing ecmascript source code failed

Import traces:
  Client Component Browser:
    ./src/app/problem-sets/[id]/page.tsx [Client Component Browser]
    ./src/app/problem-sets/[id]/page.tsx [Server Component]

  Client Component SSR:
    ./src/app/problem-sets/[id]/page.tsx [Client Component SSR]
    ./src/app/problem-sets/[id]/page.tsx [Server Component] @ http://localhost:3000/_next/static/chunks/node_modules_next_dist_0u_w_5s._.js:1945
[ 1156380ms] [ERROR] ./src/app/problem-sets/[id]/page.tsx:457:20
Unterminated regexp literal
  455 |                       GitHub에서 보기 →
  456 |                     </a>
> 457 |                   </div>
      |                    ^^^^^
  458 |                 </div>
  459 |               )
  460 |             )}

Parsing ecmascript source code failed

Import traces:
  Client Component Browser:
    ./src/app/problem-sets/[id]/page.tsx [Client Component Browser]
    ./src/app/problem-sets/[id]/page.tsx [Server Component]

  Client Component SSR:
    ./src/app/problem-sets/[id]/page.tsx [Client Component SSR]
    ./src/app/problem-sets/[id]/page.tsx [Server Component] @ http://localhost:3000/_next/static/chunks/node_modules_next_dist_0u_w_5s._.js:1945
[ 1156448ms] [ERROR] ./src/app/problem-sets/[id]/page.tsx:457:20
Unterminated regexp literal
  455 |                       GitHub에서 보기 →
  456 |                     </a>
> 457 |                   </div>
      |                    ^^^^^
  458 |                 </div>
  459 |               )
  460 |             )}

Parsing ecmascript source code failed

Import traces:
  Client Component Browser:
    ./src/app/problem-sets/[id]/page.tsx [Client Component Browser]
    ./src/app/problem-sets/[id]/page.tsx [Server Component]

  Client Component SSR:
    ./src/app/problem-sets/[id]/page.tsx [Client Component SSR]
    ./src/app/problem-sets/[id]/page.tsx [Server Component] @ http://localhost:3000/_next/static/chunks/node_modules_next_dist_0u_w_5s._.js:1945
[ 1156507ms] [ERROR] ./src/app/problem-sets/[id]/page.tsx:457:20
Unterminated regexp literal
  455 |                       GitHub에서 보기 →
  456 |                     </a>
> 457 |                   </div>
      |                    ^^^^^
  458 |                 </div>
  459 |               )
  460 |             )}

Parsing ecmascript source code failed

Import traces:
  Client Component Browser:
    ./src/app/problem-sets/[id]/page.tsx [Client Component Browser]
    ./src/app/problem-sets/[id]/page.tsx [Server Component]

  Client Component SSR:
    ./src/app/problem-sets/[id]/page.tsx [Client Component SSR]
    ./src/app/problem-sets/[id]/page.tsx [Server Component] @ http://localhost:3000/_next/static/chunks/node_modules_next_dist_0u_w_5s._.js:1945
[ 1156565ms] [ERROR] ./src/app/problem-sets/[id]/page.tsx:457:20
Unterminated regexp literal
  455 |                       GitHub에서 보기 →
  456 |                     </a>
> 457 |                   </div>
      |                    ^^^^^
  458 |                 </div>
  459 |               )
  460 |             )}

Parsing ecmascript source code failed

Import traces:
  Client Component Browser:
    ./src/app/problem-sets/[id]/page.tsx [Client Component Browser]
    ./src/app/problem-sets/[id]/page.tsx [Server Component]

  Client Component SSR:
    ./src/app/problem-sets/[id]/page.tsx [Client Component SSR]
    ./src/app/problem-sets/[id]/page.tsx [Server Component] @ http://localhost:3000/_next/static/chunks/node_modules_next_dist_0u_w_5s._.js:1945
[ 1156626ms] [ERROR] ./src/app/problem-sets/[id]/page.tsx:457:20
Unterminated regexp literal
  455 |                       GitHub에서 보기 →
  456 |                     </a>
> 457 |                   </div>
      |                    ^^^^^
  458 |                 </div>
  459 |               )
  460 |             )}

Parsing ecmascript source code failed

Import traces:
  Client Component Browser:
    ./src/app/problem-sets/[id]/page.tsx [Client Component Browser]
    ./src/app/problem-sets/[id]/page.tsx [Server Component]

  Client Component SSR:
    ./src/app/problem-sets/[id]/page.tsx [Client Component SSR]
    ./src/app/problem-sets/[id]/page.tsx [Server Component] @ http://localhost:3000/_next/static/chunks/node_modules_next_dist_0u_w_5s._.js:1945
[ 1156698ms] [ERROR] ./src/app/problem-sets/[id]/page.tsx:457:20
Unterminated regexp literal
  455 |                       GitHub에서 보기 →
  456 |                     </a>
> 457 |                   </div>
      |                    ^^^^^
  458 |                 </div>
  459 |               )
  460 |             )}

Parsing ecmascript source code failed

Import traces:
  Client Component Browser:
    ./src/app/problem-sets/[id]/page.tsx [Client Component Browser]
    ./src/app/problem-sets/[id]/page.tsx [Server Component]

  Client Component SSR:
    ./src/app/problem-sets/[id]/page.tsx [Client Component SSR]
    ./src/app/problem-sets/[id]/page.tsx [Server Component] @ http://localhost:3000/_next/static/chunks/node_modules_next_dist_0u_w_5s._.js:1945
[ 1156760ms] [ERROR] ./src/app/problem-sets/[id]/page.tsx:457:20
Unterminated regexp literal
  455 |                       GitHub에서 보기 →
  456 |                     </a>
> 457 |                   </div>
      |                    ^^^^^
  458 |                 </div>
  459 |               )
  460 |             )}

Parsing ecmascript source code failed

Import traces:
  Client Component Browser:
    ./src/app/problem-sets/[id]/page.tsx [Client Component Browser]
    ./src/app/problem-sets/[id]/page.tsx [Server Component]

  Client Component SSR:
    ./src/app/problem-sets/[id]/page.tsx [Client Component SSR]
    ./src/app/problem-sets/[id]/page.tsx [Server Component] @ http://localhost:3000/_next/static/chunks/node_modules_next_dist_0u_w_5s._.js:1945
[ 1156815ms] [ERROR] ./src/app/problem-sets/[id]/page.tsx:457:20
Unterminated regexp literal
  455 |                       GitHub에서 보기 →
  456 |                     </a>
> 457 |                   </div>
      |                    ^^^^^
  458 |                 </div>
  459 |               )
  460 |             )}

Parsing ecmascript source code failed

Import traces:
  Client Component Browser:
    ./src/app/problem-sets/[id]/page.tsx [Client Component Browser]
    ./src/app/problem-sets/[id]/page.tsx [Server Component]

  Client Component SSR:
    ./src/app/problem-sets/[id]/page.tsx [Client Component SSR]
    ./src/app/problem-sets/[id]/page.tsx [Server Component] @ http://localhost:3000/_next/static/chunks/node_modules_next_dist_0u_w_5s._.js:1945
[ 1156881ms] [ERROR] ./src/app/problem-sets/[id]/page.tsx:457:20
Unterminated regexp literal
  455 |                       GitHub에서 보기 →
  456 |                     </a>
> 457 |                   </div>
      |                    ^^^^^
  458 |                 </div>
  459 |               )
  460 |             )}

Parsing ecmascript source code failed

Import traces:
  Client Component Browser:
    ./src/app/problem-sets/[id]/page.tsx [Client Component Browser]
    ./src/app/problem-sets/[id]/page.tsx [Server Component]

  Client Component SSR:
    ./src/app/problem-sets/[id]/page.tsx [Client Component SSR]
    ./src/app/problem-sets/[id]/page.tsx [Server Component] @ http://localhost:3000/_next/static/chunks/node_modules_next_dist_0u_w_5s._.js:1945
[ 1156946ms] [ERROR] ./src/app/problem-sets/[id]/page.tsx:457:20
Unterminated regexp literal
  455 |                       GitHub에서 보기 →
  456 |                     </a>
> 457 |                   </div>
      |                    ^^^^^
  458 |                 </div>
  459 |               )
  460 |             )}

Parsing ecmascript source code failed

Import traces:
  Client Component Browser:
    ./src/app/problem-sets/[id]/page.tsx [Client Component Browser]
    ./src/app/problem-sets/[id]/page.tsx [Server Component]

  Client Component SSR:
    ./src/app/problem-sets/[id]/page.tsx [Client Component SSR]
    ./src/app/problem-sets/[id]/page.tsx [Server Component] @ http://localhost:3000/_next/static/chunks/node_modules_next_dist_0u_w_5s._.js:1945
[ 1157014ms] [ERROR] ./src/app/problem-sets/[id]/page.tsx:457:20
Unterminated regexp literal
  455 |                       GitHub에서 보기 →
  456 |                     </a>
> 457 |                   </div>
      |                    ^^^^^
  458 |                 </div>
  459 |               )
  460 |             )}

Parsing ecmascript source code failed

Import traces:
  Client Component Browser:
    ./src/app/problem-sets/[id]/page.tsx [Client Component Browser]
    ./src/app/problem-sets/[id]/page.tsx [Server Component]

  Client Component SSR:
    ./src/app/problem-sets/[id]/page.tsx [Client Component SSR]
    ./src/app/problem-sets/[id]/page.tsx [Server Component] @ http://localhost:3000/_next/static/chunks/node_modules_next_dist_0u_w_5s._.js:1945
[ 1157079ms] [ERROR] ./src/app/problem-sets/[id]/page.tsx:457:20
Unterminated regexp literal
  455 |                       GitHub에서 보기 →
  456 |                     </a>
> 457 |                   </div>
      |                    ^^^^^
  458 |                 </div>
  459 |               )
  460 |             )}

Parsing ecmascript source code failed

Import traces:
  Client Component Browser:
    ./src/app/problem-sets/[id]/page.tsx [Client Component Browser]
    ./src/app/problem-sets/[id]/page.tsx [Server Component]

  Client Component SSR:
    ./src/app/problem-sets/[id]/page.tsx [Client Component SSR]
    ./src/app/problem-sets/[id]/page.tsx [Server Component] @ http://localhost:3000/_next/static/chunks/node_modules_next_dist_0u_w_5s._.js:1945
[ 1157131ms] [ERROR] ./src/app/problem-sets/[id]/page.tsx:457:20
Unterminated regexp literal
  455 |                       GitHub에서 보기 →
  456 |                     </a>
> 457 |                   </div>
      |                    ^^^^^
  458 |                 </div>
  459 |               )
  460 |             )}

Parsing ecmascript source code failed

Import traces:
  Client Component Browser:
    ./src/app/problem-sets/[id]/page.tsx [Client Component Browser]
    ./src/app/problem-sets/[id]/page.tsx [Server Component]

  Client Component SSR:
    ./src/app/problem-sets/[id]/page.tsx [Client Component SSR]
    ./src/app/problem-sets/[id]/page.tsx [Server Component] @ http://localhost:3000/_next/static/chunks/node_modules_next_dist_0u_w_5s._.js:1945
[ 1157198ms] [ERROR] ./src/app/problem-sets/[id]/page.tsx:457:20
Unterminated regexp literal
  455 |                       GitHub에서 보기 →
  456 |                     </a>
> 457 |                   </div>
      |                    ^^^^^
  458 |                 </div>
  459 |               )
  460 |             )}

Parsing ecmascript source code failed

Import traces:
  Client Component Browser:
    ./src/app/problem-sets/[id]/page.tsx [Client Component Browser]
    ./src/app/problem-sets/[id]/page.tsx [Server Component]

  Client Component SSR:
    ./src/app/problem-sets/[id]/page.tsx [Client Component SSR]
    ./src/app/problem-sets/[id]/page.tsx [Server Component] @ http://localhost:3000/_next/static/chunks/node_modules_next_dist_0u_w_5s._.js:1945
[ 1157256ms] [ERROR] ./src/app/problem-sets/[id]/page.tsx:457:20
Unterminated regexp literal
  455 |                       GitHub에서 보기 →
  456 |                     </a>
> 457 |                   </div>
      |                    ^^^^^
  458 |                 </div>
  459 |               )
  460 |             )}

Parsing ecmascript source code failed

Import traces:
  Client Component Browser:
    ./src/app/problem-sets/[id]/page.tsx [Client Component Browser]
    ./src/app/problem-sets/[id]/page.tsx [Server Component]

  Client Component SSR:
    ./src/app/problem-sets/[id]/page.tsx [Client Component SSR]
    ./src/app/problem-sets/[id]/page.tsx [Server Component] @ http://localhost:3000/_next/static/chunks/node_modules_next_dist_0u_w_5s._.js:1945
[ 1157313ms] [ERROR] ./src/app/problem-sets/[id]/page.tsx:457:20
Unterminated regexp literal
  455 |                       GitHub에서 보기 →
  456 |                     </a>
> 457 |                   </div>
      |                    ^^^^^
  458 |                 </div>
  459 |               )
  460 |             )}

Parsing ecmascript source code failed

Import traces:
  Client Component Browser:
    ./src/app/problem-sets/[id]/page.tsx [Client Component Browser]
    ./src/app/problem-sets/[id]/page.tsx [Server Component]

  Client Component SSR:
    ./src/app/problem-sets/[id]/page.tsx [Client Component SSR]
    ./src/app/problem-sets/[id]/page.tsx [Server Component] @ http://localhost:3000/_next/static/chunks/node_modules_next_dist_0u_w_5s._.js:1945
[ 1157380ms] [ERROR] ./src/app/problem-sets/[id]/page.tsx:457:20
Unterminated regexp literal
  455 |                       GitHub에서 보기 →
  456 |                     </a>
> 457 |                   </div>
      |                    ^^^^^
  458 |                 </div>
  459 |               )
  460 |             )}

Parsing ecmascript source code failed

Import traces:
  Client Component Browser:
    ./src/app/problem-sets/[id]/page.tsx [Client Component Browser]
    ./src/app/problem-sets/[id]/page.tsx [Server Component]

  Client Component SSR:
    ./src/app/problem-sets/[id]/page.tsx [Client Component SSR]
    ./src/app/problem-sets/[id]/page.tsx [Server Component] @ http://localhost:3000/_next/static/chunks/node_modules_next_dist_0u_w_5s._.js:1945
[ 1157446ms] [ERROR] ./src/app/problem-sets/[id]/page.tsx:457:20
Unterminated regexp literal
  455 |                       GitHub에서 보기 →
  456 |                     </a>
> 457 |                   </div>
      |                    ^^^^^
  458 |                 </div>
  459 |               )
  460 |             )}

Parsing ecmascript source code failed

Import traces:
  Client Component Browser:
    ./src/app/problem-sets/[id]/page.tsx [Client Component Browser]
    ./src/app/problem-sets/[id]/page.tsx [Server Component]

  Client Component SSR:
    ./src/app/problem-sets/[id]/page.tsx [Client Component SSR]
    ./src/app/problem-sets/[id]/page.tsx [Server Component] @ http://localhost:3000/_next/static/chunks/node_modules_next_dist_0u_w_5s._.js:1945
[ 1157514ms] [ERROR] ./src/app/problem-sets/[id]/page.tsx:457:20
Unterminated regexp literal
  455 |                       GitHub에서 보기 →
  456 |                     </a>
> 457 |                   </div>
      |                    ^^^^^
  458 |                 </div>
  459 |               )
  460 |             )}

Parsing ecmascript source code failed

Import traces:
  Client Component Browser:
    ./src/app/problem-sets/[id]/page.tsx [Client Component Browser]
    ./src/app/problem-sets/[id]/page.tsx [Server Component]

  Client Component SSR:
    ./src/app/problem-sets/[id]/page.tsx [Client Component SSR]
    ./src/app/problem-sets/[id]/page.tsx [Server Component] @ http://localhost:3000/_next/static/chunks/node_modules_next_dist_0u_w_5s._.js:1945
[ 1157581ms] [ERROR] ./src/app/problem-sets/[id]/page.tsx:457:20
Unterminated regexp literal
  455 |                       GitHub에서 보기 →
  456 |                     </a>
> 457 |                   </div>
      |                    ^^^^^
  458 |                 </div>
  459 |               )
  460 |             )}

Parsing ecmascript source code failed

Import traces:
  Client Component Browser:
    ./src/app/problem-sets/[id]/page.tsx [Client Component Browser]
    ./src/app/problem-sets/[id]/page.tsx [Server Component]

  Client Component SSR:
    ./src/app/problem-sets/[id]/page.tsx [Client Component SSR]
    ./src/app/problem-sets/[id]/page.tsx [Server Component] @ http://localhost:3000/_next/static/chunks/node_modules_next_dist_0u_w_5s._.js:1945
[ 1157647ms] [ERROR] ./src/app/problem-sets/[id]/page.tsx:457:20
Unterminated regexp literal
  455 |                       GitHub에서 보기 →
  456 |                     </a>
> 457 |                   </div>
      |                    ^^^^^
  458 |                 </div>
  459 |               )
  460 |             )}

Parsing ecmascript source code failed

Import traces:
  Client Component Browser:
    ./src/app/problem-sets/[id]/page.tsx [Client Component Browser]
    ./src/app/problem-sets/[id]/page.tsx [Server Component]

  Client Component SSR:
    ./src/app/problem-sets/[id]/page.tsx [Client Component SSR]
    ./src/app/problem-sets/[id]/page.tsx [Server Component] @ http://localhost:3000/_next/static/chunks/node_modules_next_dist_0u_w_5s._.js:1945
[ 1157709ms] [ERROR] ./src/app/problem-sets/[id]/page.tsx:457:20
Unterminated regexp literal
  455 |                       GitHub에서 보기 →
  456 |                     </a>
> 457 |                   </div>
      |                    ^^^^^
  458 |                 </div>
  459 |               )
  460 |             )}

Parsing ecmascript source code failed

Import traces:
  Client Component Browser:
    ./src/app/problem-sets/[id]/page.tsx [Client Component Browser]
    ./src/app/problem-sets/[id]/page.tsx [Server Component]

  Client Component SSR:
    ./src/app/problem-sets/[id]/page.tsx [Client Component SSR]
    ./src/app/problem-sets/[id]/page.tsx [Server Component] @ http://localhost:3000/_next/static/chunks/node_modules_next_dist_0u_w_5s._.js:1945
[ 1157764ms] [ERROR] ./src/app/problem-sets/[id]/page.tsx:457:20
Unterminated regexp literal
  455 |                       GitHub에서 보기 →
  456 |                     </a>
> 457 |                   </div>
      |                    ^^^^^
  458 |                 </div>
  459 |               )
  460 |             )}

Parsing ecmascript source code failed

Import traces:
  Client Component Browser:
    ./src/app/problem-sets/[id]/page.tsx [Client Component Browser]
    ./src/app/problem-sets/[id]/page.tsx [Server Component]

  Client Component SSR:
    ./src/app/problem-sets/[id]/page.tsx [Client Component SSR]
    ./src/app/problem-sets/[id]/page.tsx [Server Component] @ http://localhost:3000/_next/static/chunks/node_modules_next_dist_0u_w_5s._.js:1945
[ 1157820ms] [ERROR] ./src/app/problem-sets/[id]/page.tsx:457:20
Unterminated regexp literal
  455 |                       GitHub에서 보기 →
  456 |                     </a>
> 457 |                   </div>
      |                    ^^^^^
  458 |                 </div>
  459 |               )
  460 |             )}

Parsing ecmascript source code failed

Import traces:
  Client Component Browser:
    ./src/app/problem-sets/[id]/page.tsx [Client Component Browser]
    ./src/app/problem-sets/[id]/page.tsx [Server Component]

  Client Component SSR:
    ./src/app/problem-sets/[id]/page.tsx [Client Component SSR]
    ./src/app/problem-sets/[id]/page.tsx [Server Component] @ http://localhost:3000/_next/static/chunks/node_modules_next_dist_0u_w_5s._.js:1945
[ 1157879ms] [ERROR] ./src/app/problem-sets/[id]/page.tsx:457:20
Unterminated regexp literal
  455 |                       GitHub에서 보기 →
  456 |                     </a>
> 457 |                   </div>
      |                    ^^^^^
  458 |                 </div>
  459 |               )
  460 |             )}

Parsing ecmascript source code failed

Import traces:
  Client Component Browser:
    ./src/app/problem-sets/[id]/page.tsx [Client Component Browser]
    ./src/app/problem-sets/[id]/page.tsx [Server Component]

  Client Component SSR:
    ./src/app/problem-sets/[id]/page.tsx [Client Component SSR]
    ./src/app/problem-sets/[id]/page.tsx [Server Component] @ http://localhost:3000/_next/static/chunks/node_modules_next_dist_0u_w_5s._.js:1945
[ 1157940ms] [ERROR] ./src/app/problem-sets/[id]/page.tsx:457:20
Unterminated regexp literal
  455 |                       GitHub에서 보기 →
  456 |                     </a>
> 457 |                   </div>
      |                    ^^^^^
  458 |                 </div>
  459 |               )
  460 |             )}

Parsing ecmascript source code failed

Import traces:
  Client Component Browser:
    ./src/app/problem-sets/[id]/page.tsx [Client Component Browser]
    ./src/app/problem-sets/[id]/page.tsx [Server Component]

  Client Component SSR:
    ./src/app/problem-sets/[id]/page.tsx [Client Component SSR]
    ./src/app/problem-sets/[id]/page.tsx [Server Component] @ http://localhost:3000/_next/static/chunks/node_modules_next_dist_0u_w_5s._.js:1945
[ 1157997ms] [ERROR] ./src/app/problem-sets/[id]/page.tsx:457:20
Unterminated regexp literal
  455 |                       GitHub에서 보기 →
  456 |                     </a>
> 457 |                   </div>
      |                    ^^^^^
  458 |                 </div>
  459 |               )
  460 |             )}

Parsing ecmascript source code failed

Import traces:
  Client Component Browser:
    ./src/app/problem-sets/[id]/page.tsx [Client Component Browser]
    ./src/app/problem-sets/[id]/page.tsx [Server Component]

  Client Component SSR:
    ./src/app/problem-sets/[id]/page.tsx [Client Component SSR]
    ./src/app/problem-sets/[id]/page.tsx [Server Component] @ http://localhost:3000/_next/static/chunks/node_modules_next_dist_0u_w_5s._.js:1945
[ 1158063ms] [ERROR] ./src/app/problem-sets/[id]/page.tsx:457:20
Unterminated regexp literal
  455 |                       GitHub에서 보기 →
  456 |                     </a>
> 457 |                   </div>
      |                    ^^^^^
  458 |                 </div>
  459 |               )
  460 |             )}

Parsing ecmascript source code failed

Import traces:
  Client Component Browser:
    ./src/app/problem-sets/[id]/page.tsx [Client Component Browser]
    ./src/app/problem-sets/[id]/page.tsx [Server Component]

  Client Component SSR:
    ./src/app/problem-sets/[id]/page.tsx [Client Component SSR]
    ./src/app/problem-sets/[id]/page.tsx [Server Component] @ http://localhost:3000/_next/static/chunks/node_modules_next_dist_0u_w_5s._.js:1945
[ 1158130ms] [ERROR] ./src/app/problem-sets/[id]/page.tsx:457:20
Unterminated regexp literal
  455 |                       GitHub에서 보기 →
  456 |                     </a>
> 457 |                   </div>
      |                    ^^^^^
  458 |                 </div>
  459 |               )
  460 |             )}

Parsing ecmascript source code failed

Import traces:
  Client Component Browser:
    ./src/app/problem-sets/[id]/page.tsx [Client Component Browser]
    ./src/app/problem-sets/[id]/page.tsx [Server Component]

  Client Component SSR:
    ./src/app/problem-sets/[id]/page.tsx [Client Component SSR]
    ./src/app/problem-sets/[id]/page.tsx [Server Component] @ http://localhost:3000/_next/static/chunks/node_modules_next_dist_0u_w_5s._.js:1945
[ 1158182ms] [ERROR] ./src/app/problem-sets/[id]/page.tsx:457:20
Unterminated regexp literal
  455 |                       GitHub에서 보기 →
  456 |                     </a>
> 457 |                   </div>
      |                    ^^^^^
  458 |                 </div>
  459 |               )
  460 |             )}

Parsing ecmascript source code failed

Import traces:
  Client Component Browser:
    ./src/app/problem-sets/[id]/page.tsx [Client Component Browser]
    ./src/app/problem-sets/[id]/page.tsx [Server Component]

  Client Component SSR:
    ./src/app/problem-sets/[id]/page.tsx [Client Component SSR]
    ./src/app/problem-sets/[id]/page.tsx [Server Component] @ http://localhost:3000/_next/static/chunks/node_modules_next_dist_0u_w_5s._.js:1945
[ 1158246ms] [ERROR] ./src/app/problem-sets/[id]/page.tsx:457:20
Unterminated regexp literal
  455 |                       GitHub에서 보기 →
  456 |                     </a>
> 457 |                   </div>
      |                    ^^^^^
  458 |                 </div>
  459 |               )
  460 |             )}

Parsing ecmascript source code failed

Import traces:
  Client Component Browser:
    ./src/app/problem-sets/[id]/page.tsx [Client Component Browser]
    ./src/app/problem-sets/[id]/page.tsx [Server Component]

  Client Component SSR:
    ./src/app/problem-sets/[id]/page.tsx [Client Component SSR]
    ./src/app/problem-sets/[id]/page.tsx [Server Component] @ http://localhost:3000/_next/static/chunks/node_modules_next_dist_0u_w_5s._.js:1945
[ 1158312ms] [ERROR] ./src/app/problem-sets/[id]/page.tsx:457:20
Unterminated regexp literal
  455 |                       GitHub에서 보기 →
  456 |                     </a>
> 457 |                   </div>
      |                    ^^^^^
  458 |                 </div>
  459 |               )
  460 |             )}

Parsing ecmascript source code failed

Import traces:
  Client Component Browser:
    ./src/app/problem-sets/[id]/page.tsx [Client Component Browser]
    ./src/app/problem-sets/[id]/page.tsx [Server Component]

  Client Component SSR:
    ./src/app/problem-sets/[id]/page.tsx [Client Component SSR]
    ./src/app/problem-sets/[id]/page.tsx [Server Component] @ http://localhost:3000/_next/static/chunks/node_modules_next_dist_0u_w_5s._.js:1945
[ 1158364ms] [ERROR] ./src/app/problem-sets/[id]/page.tsx:457:20
Unterminated regexp literal
  455 |                       GitHub에서 보기 →
  456 |                     </a>
> 457 |                   </div>
      |                    ^^^^^
  458 |                 </div>
  459 |               )
  460 |             )}

Parsing ecmascript source code failed

Import traces:
  Client Component Browser:
    ./src/app/problem-sets/[id]/page.tsx [Client Component Browser]
    ./src/app/problem-sets/[id]/page.tsx [Server Component]

  Client Component SSR:
    ./src/app/problem-sets/[id]/page.tsx [Client Component SSR]
    ./src/app/problem-sets/[id]/page.tsx [Server Component] @ http://localhost:3000/_next/static/chunks/node_modules_next_dist_0u_w_5s._.js:1945
[ 1158428ms] [ERROR] ./src/app/problem-sets/[id]/page.tsx:457:20
Unterminated regexp literal
  455 |                       GitHub에서 보기 →
  456 |                     </a>
> 457 |                   </div>
      |                    ^^^^^
  458 |                 </div>
  459 |               )
  460 |             )}

Parsing ecmascript source code failed

Import traces:
  Client Component Browser:
    ./src/app/problem-sets/[id]/page.tsx [Client Component Browser]
    ./src/app/problem-sets/[id]/page.tsx [Server Component]

  Client Component SSR:
    ./src/app/problem-sets/[id]/page.tsx [Client Component SSR]
    ./src/app/problem-sets/[id]/page.tsx [Server Component] @ http://localhost:3000/_next/static/chunks/node_modules_next_dist_0u_w_5s._.js:1945
[ 1158497ms] [ERROR] ./src/app/problem-sets/[id]/page.tsx:457:20
Unterminated regexp literal
  455 |                       GitHub에서 보기 →
  456 |                     </a>
> 457 |                   </div>
      |                    ^^^^^
  458 |                 </div>
  459 |               )
  460 |             )}

Parsing ecmascript source code failed

Import traces:
  Client Component Browser:
    ./src/app/problem-sets/[id]/page.tsx [Client Component Browser]
    ./src/app/problem-sets/[id]/page.tsx [Server Component]

  Client Component SSR:
    ./src/app/problem-sets/[id]/page.tsx [Client Component SSR]
    ./src/app/problem-sets/[id]/page.tsx [Server Component] @ http://localhost:3000/_next/static/chunks/node_modules_next_dist_0u_w_5s._.js:1945
[ 1158562ms] [ERROR] ./src/app/problem-sets/[id]/page.tsx:457:20
Unterminated regexp literal
  455 |                       GitHub에서 보기 →
  456 |                     </a>
> 457 |                   </div>
      |                    ^^^^^
  458 |                 </div>
  459 |               )
  460 |             )}

Parsing ecmascript source code failed

Import traces:
  Client Component Browser:
    ./src/app/problem-sets/[id]/page.tsx [Client Component Browser]
    ./src/app/problem-sets/[id]/page.tsx [Server Component]

  Client Component SSR:
    ./src/app/problem-sets/[id]/page.tsx [Client Component SSR]
    ./src/app/problem-sets/[id]/page.tsx [Server Component] @ http://localhost:3000/_next/static/chunks/node_modules_next_dist_0u_w_5s._.js:1945
[ 1158619ms] [ERROR] ./src/app/problem-sets/[id]/page.tsx:457:20
Unterminated regexp literal
  455 |                       GitHub에서 보기 →
  456 |                     </a>
> 457 |                   </div>
      |                    ^^^^^
  458 |                 </div>
  459 |               )
  460 |             )}

Parsing ecmascript source code failed

Import traces:
  Client Component Browser:
    ./src/app/problem-sets/[id]/page.tsx [Client Component Browser]
    ./src/app/problem-sets/[id]/page.tsx [Server Component]

  Client Component SSR:
    ./src/app/problem-sets/[id]/page.tsx [Client Component SSR]
    ./src/app/problem-sets/[id]/page.tsx [Server Component] @ http://localhost:3000/_next/static/chunks/node_modules_next_dist_0u_w_5s._.js:1945
[ 1158681ms] [ERROR] ./src/app/problem-sets/[id]/page.tsx:457:20
Unterminated regexp literal
  455 |                       GitHub에서 보기 →
  456 |                     </a>
> 457 |                   </div>
      |                    ^^^^^
  458 |                 </div>
  459 |               )
  460 |             )}

Parsing ecmascript source code failed

Import traces:
  Client Component Browser:
    ./src/app/problem-sets/[id]/page.tsx [Client Component Browser]
    ./src/app/problem-sets/[id]/page.tsx [Server Component]

  Client Component SSR:
    ./src/app/problem-sets/[id]/page.tsx [Client Component SSR]
    ./src/app/problem-sets/[id]/page.tsx [Server Component] @ http://localhost:3000/_next/static/chunks/node_modules_next_dist_0u_w_5s._.js:1945
[ 1158747ms] [ERROR] ./src/app/problem-sets/[id]/page.tsx:457:20
Unterminated regexp literal
  455 |                       GitHub에서 보기 →
  456 |                     </a>
> 457 |                   </div>
      |                    ^^^^^
  458 |                 </div>
  459 |               )
  460 |             )}

Parsing ecmascript source code failed

Import traces:
  Client Component Browser:
    ./src/app/problem-sets/[id]/page.tsx [Client Component Browser]
    ./src/app/problem-sets/[id]/page.tsx [Server Component]

  Client Component SSR:
    ./src/app/problem-sets/[id]/page.tsx [Client Component SSR]
    ./src/app/problem-sets/[id]/page.tsx [Server Component] @ http://localhost:3000/_next/static/chunks/node_modules_next_dist_0u_w_5s._.js:1945
[ 1158815ms] [ERROR] ./src/app/problem-sets/[id]/page.tsx:457:20
Unterminated regexp literal
  455 |                       GitHub에서 보기 →
  456 |                     </a>
> 457 |                   </div>
      |                    ^^^^^
  458 |                 </div>
  459 |               )
  460 |             )}

Parsing ecmascript source code failed

Import traces:
  Client Component Browser:
    ./src/app/problem-sets/[id]/page.tsx [Client Component Browser]
    ./src/app/problem-sets/[id]/page.tsx [Server Component]

  Client Component SSR:
    ./src/app/problem-sets/[id]/page.tsx [Client Component SSR]
    ./src/app/problem-sets/[id]/page.tsx [Server Component] @ http://localhost:3000/_next/static/chunks/node_modules_next_dist_0u_w_5s._.js:1945
[ 1158880ms] [ERROR] ./src/app/problem-sets/[id]/page.tsx:457:20
Unterminated regexp literal
  455 |                       GitHub에서 보기 →
  456 |                     </a>
> 457 |                   </div>
      |                    ^^^^^
  458 |                 </div>
  459 |               )
  460 |             )}

Parsing ecmascript source code failed

Import traces:
  Client Component Browser:
    ./src/app/problem-sets/[id]/page.tsx [Client Component Browser]
    ./src/app/problem-sets/[id]/page.tsx [Server Component]

  Client Component SSR:
    ./src/app/problem-sets/[id]/page.tsx [Client Component SSR]
    ./src/app/problem-sets/[id]/page.tsx [Server Component] @ http://localhost:3000/_next/static/chunks/node_modules_next_dist_0u_w_5s._.js:1945
[ 1158945ms] [ERROR] ./src/app/problem-sets/[id]/page.tsx:457:20
Unterminated regexp literal
  455 |                       GitHub에서 보기 →
  456 |                     </a>
> 457 |                   </div>
      |                    ^^^^^
  458 |                 </div>
  459 |               )
  460 |             )}

Parsing ecmascript source code failed

Import traces:
  Client Component Browser:
    ./src/app/problem-sets/[id]/page.tsx [Client Component Browser]
    ./src/app/problem-sets/[id]/page.tsx [Server Component]

  Client Component SSR:
    ./src/app/problem-sets/[id]/page.tsx [Client Component SSR]
    ./src/app/problem-sets/[id]/page.tsx [Server Component] @ http://localhost:3000/_next/static/chunks/node_modules_next_dist_0u_w_5s._.js:1945
[ 1158997ms] [ERROR] ./src/app/problem-sets/[id]/page.tsx:457:20
Unterminated regexp literal
  455 |                       GitHub에서 보기 →
  456 |                     </a>
> 457 |                   </div>
      |                    ^^^^^
  458 |                 </div>
  459 |               )
  460 |             )}

Parsing ecmascript source code failed

Import traces:
  Client Component Browser:
    ./src/app/problem-sets/[id]/page.tsx [Client Component Browser]
    ./src/app/problem-sets/[id]/page.tsx [Server Component]

  Client Component SSR:
    ./src/app/problem-sets/[id]/page.tsx [Client Component SSR]
    ./src/app/problem-sets/[id]/page.tsx [Server Component] @ http://localhost:3000/_next/static/chunks/node_modules_next_dist_0u_w_5s._.js:1945
[ 1159063ms] [ERROR] ./src/app/problem-sets/[id]/page.tsx:457:20
Unterminated regexp literal
  455 |                       GitHub에서 보기 →
  456 |                     </a>
> 457 |                   </div>
      |                    ^^^^^
  458 |                 </div>
  459 |               )
  460 |             )}

Parsing ecmascript source code failed

Import traces:
  Client Component Browser:
    ./src/app/problem-sets/[id]/page.tsx [Client Component Browser]
    ./src/app/problem-sets/[id]/page.tsx [Server Component]

  Client Component SSR:
    ./src/app/problem-sets/[id]/page.tsx [Client Component SSR]
    ./src/app/problem-sets/[id]/page.tsx [Server Component] @ http://localhost:3000/_next/static/chunks/node_modules_next_dist_0u_w_5s._.js:1945
[ 1159129ms] [ERROR] ./src/app/problem-sets/[id]/page.tsx:457:20
Unterminated regexp literal
  455 |                       GitHub에서 보기 →
  456 |                     </a>
> 457 |                   </div>
      |                    ^^^^^
  458 |                 </div>
  459 |               )
  460 |             )}

Parsing ecmascript source code failed

Import traces:
  Client Component Browser:
    ./src/app/problem-sets/[id]/page.tsx [Client Component Browser]
    ./src/app/problem-sets/[id]/page.tsx [Server Component]

  Client Component SSR:
    ./src/app/problem-sets/[id]/page.tsx [Client Component SSR]
    ./src/app/problem-sets/[id]/page.tsx [Server Component] @ http://localhost:3000/_next/static/chunks/node_modules_next_dist_0u_w_5s._.js:1945
[ 1159193ms] [ERROR] ./src/app/problem-sets/[id]/page.tsx:457:20
Unterminated regexp literal
  455 |                       GitHub에서 보기 →
  456 |                     </a>
> 457 |                   </div>
      |                    ^^^^^
  458 |                 </div>
  459 |               )
  460 |             )}

Parsing ecmascript source code failed

Import traces:
  Client Component Browser:
    ./src/app/problem-sets/[id]/page.tsx [Client Component Browser]
    ./src/app/problem-sets/[id]/page.tsx [Server Component]

  Client Component SSR:
    ./src/app/problem-sets/[id]/page.tsx [Client Component SSR]
    ./src/app/problem-sets/[id]/page.tsx [Server Component] @ http://localhost:3000/_next/static/chunks/node_modules_next_dist_0u_w_5s._.js:1945
[ 1159247ms] [ERROR] ./src/app/problem-sets/[id]/page.tsx:457:20
Unterminated regexp literal
  455 |                       GitHub에서 보기 →
  456 |                     </a>
> 457 |                   </div>
      |                    ^^^^^
  458 |                 </div>
  459 |               )
  460 |             )}

Parsing ecmascript source code failed

Import traces:
  Client Component Browser:
    ./src/app/problem-sets/[id]/page.tsx [Client Component Browser]
    ./src/app/problem-sets/[id]/page.tsx [Server Component]

  Client Component SSR:
    ./src/app/problem-sets/[id]/page.tsx [Client Component SSR]
    ./src/app/problem-sets/[id]/page.tsx [Server Component] @ http://localhost:3000/_next/static/chunks/node_modules_next_dist_0u_w_5s._.js:1945
[ 1159314ms] [ERROR] ./src/app/problem-sets/[id]/page.tsx:457:20
Unterminated regexp literal
  455 |                       GitHub에서 보기 →
  456 |                     </a>
> 457 |                   </div>
      |                    ^^^^^
  458 |                 </div>
  459 |               )
  460 |             )}

Parsing ecmascript source code failed

Import traces:
  Client Component Browser:
    ./src/app/problem-sets/[id]/page.tsx [Client Component Browser]
    ./src/app/problem-sets/[id]/page.tsx [Server Component]

  Client Component SSR:
    ./src/app/problem-sets/[id]/page.tsx [Client Component SSR]
    ./src/app/problem-sets/[id]/page.tsx [Server Component] @ http://localhost:3000/_next/static/chunks/node_modules_next_dist_0u_w_5s._.js:1945
[ 1159380ms] [ERROR] ./src/app/problem-sets/[id]/page.tsx:457:20
Unterminated regexp literal
  455 |                       GitHub에서 보기 →
  456 |                     </a>
> 457 |                   </div>
      |                    ^^^^^
  458 |                 </div>
  459 |               )
  460 |             )}

Parsing ecmascript source code failed

Import traces:
  Client Component Browser:
    ./src/app/problem-sets/[id]/page.tsx [Client Component Browser]
    ./src/app/problem-sets/[id]/page.tsx [Server Component]

  Client Component SSR:
    ./src/app/problem-sets/[id]/page.tsx [Client Component SSR]
    ./src/app/problem-sets/[id]/page.tsx [Server Component] @ http://localhost:3000/_next/static/chunks/node_modules_next_dist_0u_w_5s._.js:1945
[ 1159448ms] [ERROR] ./src/app/problem-sets/[id]/page.tsx:457:20
Unterminated regexp literal
  455 |                       GitHub에서 보기 →
  456 |                     </a>
> 457 |                   </div>
      |                    ^^^^^
  458 |                 </div>
  459 |               )
  460 |             )}

Parsing ecmascript source code failed

Import traces:
  Client Component Browser:
    ./src/app/problem-sets/[id]/page.tsx [Client Component Browser]
    ./src/app/problem-sets/[id]/page.tsx [Server Component]

  Client Component SSR:
    ./src/app/problem-sets/[id]/page.tsx [Client Component SSR]
    ./src/app/problem-sets/[id]/page.tsx [Server Component] @ http://localhost:3000/_next/static/chunks/node_modules_next_dist_0u_w_5s._.js:1945
[ 1159514ms] [ERROR] ./src/app/problem-sets/[id]/page.tsx:457:20
Unterminated regexp literal
  455 |                       GitHub에서 보기 →
  456 |                     </a>
> 457 |                   </div>
      |                    ^^^^^
  458 |                 </div>
  459 |               )
  460 |             )}

Parsing ecmascript source code failed

Import traces:
  Client Component Browser:
    ./src/app/problem-sets/[id]/page.tsx [Client Component Browser]
    ./src/app/problem-sets/[id]/page.tsx [Server Component]

  Client Component SSR:
    ./src/app/problem-sets/[id]/page.tsx [Client Component SSR]
    ./src/app/problem-sets/[id]/page.tsx [Server Component] @ http://localhost:3000/_next/static/chunks/node_modules_next_dist_0u_w_5s._.js:1945
[ 1159581ms] [ERROR] ./src/app/problem-sets/[id]/page.tsx:457:20
Unterminated regexp literal
  455 |                       GitHub에서 보기 →
  456 |                     </a>
> 457 |                   </div>
      |                    ^^^^^
  458 |                 </div>
  459 |               )
  460 |             )}

Parsing ecmascript source code failed

Import traces:
  Client Component Browser:
    ./src/app/problem-sets/[id]/page.tsx [Client Component Browser]
    ./src/app/problem-sets/[id]/page.tsx [Server Component]

  Client Component SSR:
    ./src/app/problem-sets/[id]/page.tsx [Client Component SSR]
    ./src/app/problem-sets/[id]/page.tsx [Server Component] @ http://localhost:3000/_next/static/chunks/node_modules_next_dist_0u_w_5s._.js:1945
[ 1159648ms] [ERROR] ./src/app/problem-sets/[id]/page.tsx:457:20
Unterminated regexp literal
  455 |                       GitHub에서 보기 →
  456 |                     </a>
> 457 |                   </div>
      |                    ^^^^^
  458 |                 </div>
  459 |               )
  460 |             )}

Parsing ecmascript source code failed

Import traces:
  Client Component Browser:
    ./src/app/problem-sets/[id]/page.tsx [Client Component Browser]
    ./src/app/problem-sets/[id]/page.tsx [Server Component]

  Client Component SSR:
    ./src/app/problem-sets/[id]/page.tsx [Client Component SSR]
    ./src/app/problem-sets/[id]/page.tsx [Server Component] @ http://localhost:3000/_next/static/chunks/node_modules_next_dist_0u_w_5s._.js:1945
[ 1159714ms] [ERROR] ./src/app/problem-sets/[id]/page.tsx:457:20
Unterminated regexp literal
  455 |                       GitHub에서 보기 →
  456 |                     </a>
> 457 |                   </div>
      |                    ^^^^^
  458 |                 </div>
  459 |               )
  460 |             )}

Parsing ecmascript source code failed

Import traces:
  Client Component Browser:
    ./src/app/problem-sets/[id]/page.tsx [Client Component Browser]
    ./src/app/problem-sets/[id]/page.tsx [Server Component]

  Client Component SSR:
    ./src/app/problem-sets/[id]/page.tsx [Client Component SSR]
    ./src/app/problem-sets/[id]/page.tsx [Server Component] @ http://localhost:3000/_next/static/chunks/node_modules_next_dist_0u_w_5s._.js:1945
[ 1159780ms] [ERROR] ./src/app/problem-sets/[id]/page.tsx:457:20
Unterminated regexp literal
  455 |                       GitHub에서 보기 →
  456 |                     </a>
> 457 |                   </div>
      |                    ^^^^^
  458 |                 </div>
  459 |               )
  460 |             )}

Parsing ecmascript source code failed

Import traces:
  Client Component Browser:
    ./src/app/problem-sets/[id]/page.tsx [Client Component Browser]
    ./src/app/problem-sets/[id]/page.tsx [Server Component]

  Client Component SSR:
    ./src/app/problem-sets/[id]/page.tsx [Client Component SSR]
    ./src/app/problem-sets/[id]/page.tsx [Server Component] @ http://localhost:3000/_next/static/chunks/node_modules_next_dist_0u_w_5s._.js:1945
[ 1159845ms] [ERROR] ./src/app/problem-sets/[id]/page.tsx:457:20
Unterminated regexp literal
  455 |                       GitHub에서 보기 →
  456 |                     </a>
> 457 |                   </div>
      |                    ^^^^^
  458 |                 </div>
  459 |               )
  460 |             )}

Parsing ecmascript source code failed

Import traces:
  Client Component Browser:
    ./src/app/problem-sets/[id]/page.tsx [Client Component Browser]
    ./src/app/problem-sets/[id]/page.tsx [Server Component]

  Client Component SSR:
    ./src/app/problem-sets/[id]/page.tsx [Client Component SSR]
    ./src/app/problem-sets/[id]/page.tsx [Server Component] @ http://localhost:3000/_next/static/chunks/node_modules_next_dist_0u_w_5s._.js:1945
[ 1159898ms] [ERROR] ./src/app/problem-sets/[id]/page.tsx:457:20
Unterminated regexp literal
  455 |                       GitHub에서 보기 →
  456 |                     </a>
> 457 |                   </div>
      |                    ^^^^^
  458 |                 </div>
  459 |               )
  460 |             )}

Parsing ecmascript source code failed

Import traces:
  Client Component Browser:
    ./src/app/problem-sets/[id]/page.tsx [Client Component Browser]
    ./src/app/problem-sets/[id]/page.tsx [Server Component]

  Client Component SSR:
    ./src/app/problem-sets/[id]/page.tsx [Client Component SSR]
    ./src/app/problem-sets/[id]/page.tsx [Server Component] @ http://localhost:3000/_next/static/chunks/node_modules_next_dist_0u_w_5s._.js:1945
[ 1159956ms] [ERROR] ./src/app/problem-sets/[id]/page.tsx:457:20
Unterminated regexp literal
  455 |                       GitHub에서 보기 →
  456 |                     </a>
> 457 |                   </div>
      |                    ^^^^^
  458 |                 </div>
  459 |               )
  460 |             )}

Parsing ecmascript source code failed

Import traces:
  Client Component Browser:
    ./src/app/problem-sets/[id]/page.tsx [Client Component Browser]
    ./src/app/problem-sets/[id]/page.tsx [Server Component]

  Client Component SSR:
    ./src/app/problem-sets/[id]/page.tsx [Client Component SSR]
    ./src/app/problem-sets/[id]/page.tsx [Server Component] @ http://localhost:3000/_next/static/chunks/node_modules_next_dist_0u_w_5s._.js:1945
[ 1160014ms] [ERROR] ./src/app/problem-sets/[id]/page.tsx:457:20
Unterminated regexp literal
  455 |                       GitHub에서 보기 →
  456 |                     </a>
> 457 |                   </div>
      |                    ^^^^^
  458 |                 </div>
  459 |               )
  460 |             )}

Parsing ecmascript source code failed

Import traces:
  Client Component Browser:
    ./src/app/problem-sets/[id]/page.tsx [Client Component Browser]
    ./src/app/problem-sets/[id]/page.tsx [Server Component]

  Client Component SSR:
    ./src/app/problem-sets/[id]/page.tsx [Client Component SSR]
    ./src/app/problem-sets/[id]/page.tsx [Server Component] @ http://localhost:3000/_next/static/chunks/node_modules_next_dist_0u_w_5s._.js:1945
[ 1160080ms] [ERROR] ./src/app/problem-sets/[id]/page.tsx:457:20
Unterminated regexp literal
  455 |                       GitHub에서 보기 →
  456 |                     </a>
> 457 |                   </div>
      |                    ^^^^^
  458 |                 </div>
  459 |               )
  460 |             )}

Parsing ecmascript source code failed

Import traces:
  Client Component Browser:
    ./src/app/problem-sets/[id]/page.tsx [Client Component Browser]
    ./src/app/problem-sets/[id]/page.tsx [Server Component]

  Client Component SSR:
    ./src/app/problem-sets/[id]/page.tsx [Client Component SSR]
    ./src/app/problem-sets/[id]/page.tsx [Server Component] @ http://localhost:3000/_next/static/chunks/node_modules_next_dist_0u_w_5s._.js:1945
[ 1160133ms] [ERROR] ./src/app/problem-sets/[id]/page.tsx:457:20
Unterminated regexp literal
  455 |                       GitHub에서 보기 →
  456 |                     </a>
> 457 |                   </div>
      |                    ^^^^^
  458 |                 </div>
  459 |               )
  460 |             )}

Parsing ecmascript source code failed

Import traces:
  Client Component Browser:
    ./src/app/problem-sets/[id]/page.tsx [Client Component Browser]
    ./src/app/problem-sets/[id]/page.tsx [Server Component]

  Client Component SSR:
    ./src/app/problem-sets/[id]/page.tsx [Client Component SSR]
    ./src/app/problem-sets/[id]/page.tsx [Server Component] @ http://localhost:3000/_next/static/chunks/node_modules_next_dist_0u_w_5s._.js:1945
[ 1160194ms] [ERROR] ./src/app/problem-sets/[id]/page.tsx:457:20
Unterminated regexp literal
  455 |                       GitHub에서 보기 →
  456 |                     </a>
> 457 |                   </div>
      |                    ^^^^^
  458 |                 </div>
  459 |               )
  460 |             )}

Parsing ecmascript source code failed

Import traces:
  Client Component Browser:
    ./src/app/problem-sets/[id]/page.tsx [Client Component Browser]
    ./src/app/problem-sets/[id]/page.tsx [Server Component]

  Client Component SSR:
    ./src/app/problem-sets/[id]/page.tsx [Client Component SSR]
    ./src/app/problem-sets/[id]/page.tsx [Server Component] @ http://localhost:3000/_next/static/chunks/node_modules_next_dist_0u_w_5s._.js:1945
[ 1160255ms] [ERROR] ./src/app/problem-sets/[id]/page.tsx:457:20
Unterminated regexp literal
  455 |                       GitHub에서 보기 →
  456 |                     </a>
> 457 |                   </div>
      |                    ^^^^^
  458 |                 </div>
  459 |               )
  460 |             )}

Parsing ecmascript source code failed

Import traces:
  Client Component Browser:
    ./src/app/problem-sets/[id]/page.tsx [Client Component Browser]
    ./src/app/problem-sets/[id]/page.tsx [Server Component]

  Client Component SSR:
    ./src/app/problem-sets/[id]/page.tsx [Client Component SSR]
    ./src/app/problem-sets/[id]/page.tsx [Server Component] @ http://localhost:3000/_next/static/chunks/node_modules_next_dist_0u_w_5s._.js:1945
[ 1160318ms] [ERROR] ./src/app/problem-sets/[id]/page.tsx:457:20
Unterminated regexp literal
  455 |                       GitHub에서 보기 →
  456 |                     </a>
> 457 |                   </div>
      |                    ^^^^^
  458 |                 </div>
  459 |               )
  460 |             )}

Parsing ecmascript source code failed

Import traces:
  Client Component Browser:
    ./src/app/problem-sets/[id]/page.tsx [Client Component Browser]
    ./src/app/problem-sets/[id]/page.tsx [Server Component]

  Client Component SSR:
    ./src/app/problem-sets/[id]/page.tsx [Client Component SSR]
    ./src/app/problem-sets/[id]/page.tsx [Server Component] @ http://localhost:3000/_next/static/chunks/node_modules_next_dist_0u_w_5s._.js:1945
[ 1160372ms] [ERROR] ./src/app/problem-sets/[id]/page.tsx:457:20
Unterminated regexp literal
  455 |                       GitHub에서 보기 →
  456 |                     </a>
> 457 |                   </div>
      |                    ^^^^^
  458 |                 </div>
  459 |               )
  460 |             )}

Parsing ecmascript source code failed

Import traces:
  Client Component Browser:
    ./src/app/problem-sets/[id]/page.tsx [Client Component Browser]
    ./src/app/problem-sets/[id]/page.tsx [Server Component]

  Client Component SSR:
    ./src/app/problem-sets/[id]/page.tsx [Client Component SSR]
    ./src/app/problem-sets/[id]/page.tsx [Server Component] @ http://localhost:3000/_next/static/chunks/node_modules_next_dist_0u_w_5s._.js:1945
[ 1160430ms] [ERROR] ./src/app/problem-sets/[id]/page.tsx:457:20
Unterminated regexp literal
  455 |                       GitHub에서 보기 →
  456 |                     </a>
> 457 |                   </div>
      |                    ^^^^^
  458 |                 </div>
  459 |               )
  460 |             )}

Parsing ecmascript source code failed

Import traces:
  Client Component Browser:
    ./src/app/problem-sets/[id]/page.tsx [Client Component Browser]
    ./src/app/problem-sets/[id]/page.tsx [Server Component]

  Client Component SSR:
    ./src/app/problem-sets/[id]/page.tsx [Client Component SSR]
    ./src/app/problem-sets/[id]/page.tsx [Server Component] @ http://localhost:3000/_next/static/chunks/node_modules_next_dist_0u_w_5s._.js:1945
[ 1160497ms] [ERROR] ./src/app/problem-sets/[id]/page.tsx:457:20
Unterminated regexp literal
  455 |                       GitHub에서 보기 →
  456 |                     </a>
> 457 |                   </div>
      |                    ^^^^^
  458 |                 </div>
  459 |               )
  460 |             )}

Parsing ecmascript source code failed

Import traces:
  Client Component Browser:
    ./src/app/problem-sets/[id]/page.tsx [Client Component Browser]
    ./src/app/problem-sets/[id]/page.tsx [Server Component]

  Client Component SSR:
    ./src/app/problem-sets/[id]/page.tsx [Client Component SSR]
    ./src/app/problem-sets/[id]/page.tsx [Server Component] @ http://localhost:3000/_next/static/chunks/node_modules_next_dist_0u_w_5s._.js:1945
[ 1160564ms] [ERROR] ./src/app/problem-sets/[id]/page.tsx:457:20
Unterminated regexp literal
  455 |                       GitHub에서 보기 →
  456 |                     </a>
> 457 |                   </div>
      |                    ^^^^^
  458 |                 </div>
  459 |               )
  460 |             )}

Parsing ecmascript source code failed

Import traces:
  Client Component Browser:
    ./src/app/problem-sets/[id]/page.tsx [Client Component Browser]
    ./src/app/problem-sets/[id]/page.tsx [Server Component]

  Client Component SSR:
    ./src/app/problem-sets/[id]/page.tsx [Client Component SSR]
    ./src/app/problem-sets/[id]/page.tsx [Server Component] @ http://localhost:3000/_next/static/chunks/node_modules_next_dist_0u_w_5s._.js:1945
[ 1160630ms] [ERROR] ./src/app/problem-sets/[id]/page.tsx:457:20
Unterminated regexp literal
  455 |                       GitHub에서 보기 →
  456 |                     </a>
> 457 |                   </div>
      |                    ^^^^^
  458 |                 </div>
  459 |               )
  460 |             )}

Parsing ecmascript source code failed

Import traces:
  Client Component Browser:
    ./src/app/problem-sets/[id]/page.tsx [Client Component Browser]
    ./src/app/problem-sets/[id]/page.tsx [Server Component]

  Client Component SSR:
    ./src/app/problem-sets/[id]/page.tsx [Client Component SSR]
    ./src/app/problem-sets/[id]/page.tsx [Server Component] @ http://localhost:3000/_next/static/chunks/node_modules_next_dist_0u_w_5s._.js:1945
[ 1160699ms] [ERROR] ./src/app/problem-sets/[id]/page.tsx:457:20
Unterminated regexp literal
  455 |                       GitHub에서 보기 →
  456 |                     </a>
> 457 |                   </div>
      |                    ^^^^^
  458 |                 </div>
  459 |               )
  460 |             )}

Parsing ecmascript source code failed

Import traces:
  Client Component Browser:
    ./src/app/problem-sets/[id]/page.tsx [Client Component Browser]
    ./src/app/problem-sets/[id]/page.tsx [Server Component]

  Client Component SSR:
    ./src/app/problem-sets/[id]/page.tsx [Client Component SSR]
    ./src/app/problem-sets/[id]/page.tsx [Server Component] @ http://localhost:3000/_next/static/chunks/node_modules_next_dist_0u_w_5s._.js:1945
[ 1160762ms] [ERROR] ./src/app/problem-sets/[id]/page.tsx:457:20
Unterminated regexp literal
  455 |                       GitHub에서 보기 →
  456 |                     </a>
> 457 |                   </div>
      |                    ^^^^^
  458 |                 </div>
  459 |               )
  460 |             )}

Parsing ecmascript source code failed

Import traces:
  Client Component Browser:
    ./src/app/problem-sets/[id]/page.tsx [Client Component Browser]
    ./src/app/problem-sets/[id]/page.tsx [Server Component]

  Client Component SSR:
    ./src/app/problem-sets/[id]/page.tsx [Client Component SSR]
    ./src/app/problem-sets/[id]/page.tsx [Server Component] @ http://localhost:3000/_next/static/chunks/node_modules_next_dist_0u_w_5s._.js:1945
[ 1160824ms] [ERROR] ./src/app/problem-sets/[id]/page.tsx:457:20
Unterminated regexp literal
  455 |                       GitHub에서 보기 →
  456 |                     </a>
> 457 |                   </div>
      |                    ^^^^^
  458 |                 </div>
  459 |               )
  460 |             )}

Parsing ecmascript source code failed

Import traces:
  Client Component Browser:
    ./src/app/problem-sets/[id]/page.tsx [Client Component Browser]
    ./src/app/problem-sets/[id]/page.tsx [Server Component]

  Client Component SSR:
    ./src/app/problem-sets/[id]/page.tsx [Client Component SSR]
    ./src/app/problem-sets/[id]/page.tsx [Server Component] @ http://localhost:3000/_next/static/chunks/node_modules_next_dist_0u_w_5s._.js:1945
[ 1160881ms] [ERROR] ./src/app/problem-sets/[id]/page.tsx:457:20
Unterminated regexp literal
  455 |                       GitHub에서 보기 →
  456 |                     </a>
> 457 |                   </div>
      |                    ^^^^^
  458 |                 </div>
  459 |               )
  460 |             )}

Parsing ecmascript source code failed

Import traces:
  Client Component Browser:
    ./src/app/problem-sets/[id]/page.tsx [Client Component Browser]
    ./src/app/problem-sets/[id]/page.tsx [Server Component]

  Client Component SSR:
    ./src/app/problem-sets/[id]/page.tsx [Client Component SSR]
    ./src/app/problem-sets/[id]/page.tsx [Server Component] @ http://localhost:3000/_next/static/chunks/node_modules_next_dist_0u_w_5s._.js:1945
[ 1160947ms] [ERROR] ./src/app/problem-sets/[id]/page.tsx:457:20
Unterminated regexp literal
  455 |                       GitHub에서 보기 →
  456 |                     </a>
> 457 |                   </div>
      |                    ^^^^^
  458 |                 </div>
  459 |               )
  460 |             )}

Parsing ecmascript source code failed

Import traces:
  Client Component Browser:
    ./src/app/problem-sets/[id]/page.tsx [Client Component Browser]
    ./src/app/problem-sets/[id]/page.tsx [Server Component]

  Client Component SSR:
    ./src/app/problem-sets/[id]/page.tsx [Client Component SSR]
    ./src/app/problem-sets/[id]/page.tsx [Server Component] @ http://localhost:3000/_next/static/chunks/node_modules_next_dist_0u_w_5s._.js:1945
[ 1161013ms] [ERROR] ./src/app/problem-sets/[id]/page.tsx:457:20
Unterminated regexp literal
  455 |                       GitHub에서 보기 →
  456 |                     </a>
> 457 |                   </div>
      |                    ^^^^^
  458 |                 </div>
  459 |               )
  460 |             )}

Parsing ecmascript source code failed

Import traces:
  Client Component Browser:
    ./src/app/problem-sets/[id]/page.tsx [Client Component Browser]
    ./src/app/problem-sets/[id]/page.tsx [Server Component]

  Client Component SSR:
    ./src/app/problem-sets/[id]/page.tsx [Client Component SSR]
    ./src/app/problem-sets/[id]/page.tsx [Server Component] @ http://localhost:3000/_next/static/chunks/node_modules_next_dist_0u_w_5s._.js:1945
[ 1161078ms] [ERROR] ./src/app/problem-sets/[id]/page.tsx:457:20
Unterminated regexp literal
  455 |                       GitHub에서 보기 →
  456 |                     </a>
> 457 |                   </div>
      |                    ^^^^^
  458 |                 </div>
  459 |               )
  460 |             )}

Parsing ecmascript source code failed

Import traces:
  Client Component Browser:
    ./src/app/problem-sets/[id]/page.tsx [Client Component Browser]
    ./src/app/problem-sets/[id]/page.tsx [Server Component]

  Client Component SSR:
    ./src/app/problem-sets/[id]/page.tsx [Client Component SSR]
    ./src/app/problem-sets/[id]/page.tsx [Server Component] @ http://localhost:3000/_next/static/chunks/node_modules_next_dist_0u_w_5s._.js:1945
[ 1161144ms] [ERROR] ./src/app/problem-sets/[id]/page.tsx:457:20
Unterminated regexp literal
  455 |                       GitHub에서 보기 →
  456 |                     </a>
> 457 |                   </div>
      |                    ^^^^^
  458 |                 </div>
  459 |               )
  460 |             )}

Parsing ecmascript source code failed

Import traces:
  Client Component Browser:
    ./src/app/problem-sets/[id]/page.tsx [Client Component Browser]
    ./src/app/problem-sets/[id]/page.tsx [Server Component]

  Client Component SSR:
    ./src/app/problem-sets/[id]/page.tsx [Client Component SSR]
    ./src/app/problem-sets/[id]/page.tsx [Server Component] @ http://localhost:3000/_next/static/chunks/node_modules_next_dist_0u_w_5s._.js:1945
[ 1161206ms] [ERROR] ./src/app/problem-sets/[id]/page.tsx:457:20
Unterminated regexp literal
  455 |                       GitHub에서 보기 →
  456 |                     </a>
> 457 |                   </div>
      |                    ^^^^^
  458 |                 </div>
  459 |               )
  460 |             )}

Parsing ecmascript source code failed

Import traces:
  Client Component Browser:
    ./src/app/problem-sets/[id]/page.tsx [Client Component Browser]
    ./src/app/problem-sets/[id]/page.tsx [Server Component]

  Client Component SSR:
    ./src/app/problem-sets/[id]/page.tsx [Client Component SSR]
    ./src/app/problem-sets/[id]/page.tsx [Server Component] @ http://localhost:3000/_next/static/chunks/node_modules_next_dist_0u_w_5s._.js:1945
[ 1161265ms] [ERROR] ./src/app/problem-sets/[id]/page.tsx:457:20
Unterminated regexp literal
  455 |                       GitHub에서 보기 →
  456 |                     </a>
> 457 |                   </div>
      |                    ^^^^^
  458 |                 </div>
  459 |               )
  460 |             )}

Parsing ecmascript source code failed

Import traces:
  Client Component Browser:
    ./src/app/problem-sets/[id]/page.tsx [Client Component Browser]
    ./src/app/problem-sets/[id]/page.tsx [Server Component]

  Client Component SSR:
    ./src/app/problem-sets/[id]/page.tsx [Client Component SSR]
    ./src/app/problem-sets/[id]/page.tsx [Server Component] @ http://localhost:3000/_next/static/chunks/node_modules_next_dist_0u_w_5s._.js:1945
[ 1161331ms] [ERROR] ./src/app/problem-sets/[id]/page.tsx:457:20
Unterminated regexp literal
  455 |                       GitHub에서 보기 →
  456 |                     </a>
> 457 |                   </div>
      |                    ^^^^^
  458 |                 </div>
  459 |               )
  460 |             )}

Parsing ecmascript source code failed

Import traces:
  Client Component Browser:
    ./src/app/problem-sets/[id]/page.tsx [Client Component Browser]
    ./src/app/problem-sets/[id]/page.tsx [Server Component]

  Client Component SSR:
    ./src/app/problem-sets/[id]/page.tsx [Client Component SSR]
    ./src/app/problem-sets/[id]/page.tsx [Server Component] @ http://localhost:3000/_next/static/chunks/node_modules_next_dist_0u_w_5s._.js:1945
[ 1161398ms] [ERROR] ./src/app/problem-sets/[id]/page.tsx:457:20
Unterminated regexp literal
  455 |                       GitHub에서 보기 →
  456 |                     </a>
> 457 |                   </div>
      |                    ^^^^^
  458 |                 </div>
  459 |               )
  460 |             )}

Parsing ecmascript source code failed

Import traces:
  Client Component Browser:
    ./src/app/problem-sets/[id]/page.tsx [Client Component Browser]
    ./src/app/problem-sets/[id]/page.tsx [Server Component]

  Client Component SSR:
    ./src/app/problem-sets/[id]/page.tsx [Client Component SSR]
    ./src/app/problem-sets/[id]/page.tsx [Server Component] @ http://localhost:3000/_next/static/chunks/node_modules_next_dist_0u_w_5s._.js:1945
[ 1161465ms] [ERROR] ./src/app/problem-sets/[id]/page.tsx:457:20
Unterminated regexp literal
  455 |                       GitHub에서 보기 →
  456 |                     </a>
> 457 |                   </div>
      |                    ^^^^^
  458 |                 </div>
  459 |               )
  460 |             )}

Parsing ecmascript source code failed

Import traces:
  Client Component Browser:
    ./src/app/problem-sets/[id]/page.tsx [Client Component Browser]
    ./src/app/problem-sets/[id]/page.tsx [Server Component]

  Client Component SSR:
    ./src/app/problem-sets/[id]/page.tsx [Client Component SSR]
    ./src/app/problem-sets/[id]/page.tsx [Server Component] @ http://localhost:3000/_next/static/chunks/node_modules_next_dist_0u_w_5s._.js:1945
[ 1161532ms] [ERROR] ./src/app/problem-sets/[id]/page.tsx:457:20
Unterminated regexp literal
  455 |                       GitHub에서 보기 →
  456 |                     </a>
> 457 |                   </div>
      |                    ^^^^^
  458 |                 </div>
  459 |               )
  460 |             )}

Parsing ecmascript source code failed

Import traces:
  Client Component Browser:
    ./src/app/problem-sets/[id]/page.tsx [Client Component Browser]
    ./src/app/problem-sets/[id]/page.tsx [Server Component]

  Client Component SSR:
    ./src/app/problem-sets/[id]/page.tsx [Client Component SSR]
    ./src/app/problem-sets/[id]/page.tsx [Server Component] @ http://localhost:3000/_next/static/chunks/node_modules_next_dist_0u_w_5s._.js:1945
[ 1161597ms] [ERROR] ./src/app/problem-sets/[id]/page.tsx:457:20
Unterminated regexp literal
  455 |                       GitHub에서 보기 →
  456 |                     </a>
> 457 |                   </div>
      |                    ^^^^^
  458 |                 </div>
  459 |               )
  460 |             )}

Parsing ecmascript source code failed

Import traces:
  Client Component Browser:
    ./src/app/problem-sets/[id]/page.tsx [Client Component Browser]
    ./src/app/problem-sets/[id]/page.tsx [Server Component]

  Client Component SSR:
    ./src/app/problem-sets/[id]/page.tsx [Client Component SSR]
    ./src/app/problem-sets/[id]/page.tsx [Server Component] @ http://localhost:3000/_next/static/chunks/node_modules_next_dist_0u_w_5s._.js:1945
[ 1161665ms] [ERROR] ./src/app/problem-sets/[id]/page.tsx:457:20
Unterminated regexp literal
  455 |                       GitHub에서 보기 →
  456 |                     </a>
> 457 |                   </div>
      |                    ^^^^^
  458 |                 </div>
  459 |               )
  460 |             )}

Parsing ecmascript source code failed

Import traces:
  Client Component Browser:
    ./src/app/problem-sets/[id]/page.tsx [Client Component Browser]
    ./src/app/problem-sets/[id]/page.tsx [Server Component]

  Client Component SSR:
    ./src/app/problem-sets/[id]/page.tsx [Client Component SSR]
    ./src/app/problem-sets/[id]/page.tsx [Server Component] @ http://localhost:3000/_next/static/chunks/node_modules_next_dist_0u_w_5s._.js:1945
[ 1161726ms] [ERROR] ./src/app/problem-sets/[id]/page.tsx:457:20
Unterminated regexp literal
  455 |                       GitHub에서 보기 →
  456 |                     </a>
> 457 |                   </div>
      |                    ^^^^^
  458 |                 </div>
  459 |               )
  460 |             )}

Parsing ecmascript source code failed

Import traces:
  Client Component Browser:
    ./src/app/problem-sets/[id]/page.tsx [Client Component Browser]
    ./src/app/problem-sets/[id]/page.tsx [Server Component]

  Client Component SSR:
    ./src/app/problem-sets/[id]/page.tsx [Client Component SSR]
    ./src/app/problem-sets/[id]/page.tsx [Server Component] @ http://localhost:3000/_next/static/chunks/node_modules_next_dist_0u_w_5s._.js:1945
[ 1161781ms] [ERROR] ./src/app/problem-sets/[id]/page.tsx:457:20
Unterminated regexp literal
  455 |                       GitHub에서 보기 →
  456 |                     </a>
> 457 |                   </div>
      |                    ^^^^^
  458 |                 </div>
  459 |               )
  460 |             )}

Parsing ecmascript source code failed

Import traces:
  Client Component Browser:
    ./src/app/problem-sets/[id]/page.tsx [Client Component Browser]
    ./src/app/problem-sets/[id]/page.tsx [Server Component]

  Client Component SSR:
    ./src/app/problem-sets/[id]/page.tsx [Client Component SSR]
    ./src/app/problem-sets/[id]/page.tsx [Server Component] @ http://localhost:3000/_next/static/chunks/node_modules_next_dist_0u_w_5s._.js:1945
[ 1161843ms] [ERROR] ./src/app/problem-sets/[id]/page.tsx:457:20
Unterminated regexp literal
  455 |                       GitHub에서 보기 →
  456 |                     </a>
> 457 |                   </div>
      |                    ^^^^^
  458 |                 </div>
  459 |               )
  460 |             )}

Parsing ecmascript source code failed

Import traces:
  Client Component Browser:
    ./src/app/problem-sets/[id]/page.tsx [Client Component Browser]
    ./src/app/problem-sets/[id]/page.tsx [Server Component]

  Client Component SSR:
    ./src/app/problem-sets/[id]/page.tsx [Client Component SSR]
    ./src/app/problem-sets/[id]/page.tsx [Server Component] @ http://localhost:3000/_next/static/chunks/node_modules_next_dist_0u_w_5s._.js:1945
[ 1161898ms] [ERROR] ./src/app/problem-sets/[id]/page.tsx:457:20
Unterminated regexp literal
  455 |                       GitHub에서 보기 →
  456 |                     </a>
> 457 |                   </div>
      |                    ^^^^^
  458 |                 </div>
  459 |               )
  460 |             )}

Parsing ecmascript source code failed

Import traces:
  Client Component Browser:
    ./src/app/problem-sets/[id]/page.tsx [Client Component Browser]
    ./src/app/problem-sets/[id]/page.tsx [Server Component]

  Client Component SSR:
    ./src/app/problem-sets/[id]/page.tsx [Client Component SSR]
    ./src/app/problem-sets/[id]/page.tsx [Server Component] @ http://localhost:3000/_next/static/chunks/node_modules_next_dist_0u_w_5s._.js:1945
[ 1161950ms] [ERROR] ./src/app/problem-sets/[id]/page.tsx:457:20
Unterminated regexp literal
  455 |                       GitHub에서 보기 →
  456 |                     </a>
> 457 |                   </div>
      |                    ^^^^^
  458 |                 </div>
  459 |               )
  460 |             )}

Parsing ecmascript source code failed

Import traces:
  Client Component Browser:
    ./src/app/problem-sets/[id]/page.tsx [Client Component Browser]
    ./src/app/problem-sets/[id]/page.tsx [Server Component]

  Client Component SSR:
    ./src/app/problem-sets/[id]/page.tsx [Client Component SSR]
    ./src/app/problem-sets/[id]/page.tsx [Server Component] @ http://localhost:3000/_next/static/chunks/node_modules_next_dist_0u_w_5s._.js:1945
[ 1162013ms] [ERROR] ./src/app/problem-sets/[id]/page.tsx:457:20
Unterminated regexp literal
  455 |                       GitHub에서 보기 →
  456 |                     </a>
> 457 |                   </div>
      |                    ^^^^^
  458 |                 </div>
  459 |               )
  460 |             )}

Parsing ecmascript source code failed

Import traces:
  Client Component Browser:
    ./src/app/problem-sets/[id]/page.tsx [Client Component Browser]
    ./src/app/problem-sets/[id]/page.tsx [Server Component]

  Client Component SSR:
    ./src/app/problem-sets/[id]/page.tsx [Client Component SSR]
    ./src/app/problem-sets/[id]/page.tsx [Server Component] @ http://localhost:3000/_next/static/chunks/node_modules_next_dist_0u_w_5s._.js:1945
[ 1162076ms] [ERROR] ./src/app/problem-sets/[id]/page.tsx:457:20
Unterminated regexp literal
  455 |                       GitHub에서 보기 →
  456 |                     </a>
> 457 |                   </div>
      |                    ^^^^^
  458 |                 </div>
  459 |               )
  460 |             )}

Parsing ecmascript source code failed

Import traces:
  Client Component Browser:
    ./src/app/problem-sets/[id]/page.tsx [Client Component Browser]
    ./src/app/problem-sets/[id]/page.tsx [Server Component]

  Client Component SSR:
    ./src/app/problem-sets/[id]/page.tsx [Client Component SSR]
    ./src/app/problem-sets/[id]/page.tsx [Server Component] @ http://localhost:3000/_next/static/chunks/node_modules_next_dist_0u_w_5s._.js:1945
[ 1162140ms] [ERROR] ./src/app/problem-sets/[id]/page.tsx:457:20
Unterminated regexp literal
  455 |                       GitHub에서 보기 →
  456 |                     </a>
> 457 |                   </div>
      |                    ^^^^^
  458 |                 </div>
  459 |               )
  460 |             )}

Parsing ecmascript source code failed

Import traces:
  Client Component Browser:
    ./src/app/problem-sets/[id]/page.tsx [Client Component Browser]
    ./src/app/problem-sets/[id]/page.tsx [Server Component]

  Client Component SSR:
    ./src/app/problem-sets/[id]/page.tsx [Client Component SSR]
    ./src/app/problem-sets/[id]/page.tsx [Server Component] @ http://localhost:3000/_next/static/chunks/node_modules_next_dist_0u_w_5s._.js:1945
[ 1162196ms] [ERROR] ./src/app/problem-sets/[id]/page.tsx:457:20
Unterminated regexp literal
  455 |                       GitHub에서 보기 →
  456 |                     </a>
> 457 |                   </div>
      |                    ^^^^^
  458 |                 </div>
  459 |               )
  460 |             )}

Parsing ecmascript source code failed

Import traces:
  Client Component Browser:
    ./src/app/problem-sets/[id]/page.tsx [Client Component Browser]
    ./src/app/problem-sets/[id]/page.tsx [Server Component]

  Client Component SSR:
    ./src/app/problem-sets/[id]/page.tsx [Client Component SSR]
    ./src/app/problem-sets/[id]/page.tsx [Server Component] @ http://localhost:3000/_next/static/chunks/node_modules_next_dist_0u_w_5s._.js:1945
[ 1162263ms] [ERROR] ./src/app/problem-sets/[id]/page.tsx:457:20
Unterminated regexp literal
  455 |                       GitHub에서 보기 →
  456 |                     </a>
> 457 |                   </div>
      |                    ^^^^^
  458 |                 </div>
  459 |               )
  460 |             )}

Parsing ecmascript source code failed

Import traces:
  Client Component Browser:
    ./src/app/problem-sets/[id]/page.tsx [Client Component Browser]
    ./src/app/problem-sets/[id]/page.tsx [Server Component]

  Client Component SSR:
    ./src/app/problem-sets/[id]/page.tsx [Client Component SSR]
    ./src/app/problem-sets/[id]/page.tsx [Server Component] @ http://localhost:3000/_next/static/chunks/node_modules_next_dist_0u_w_5s._.js:1945
[ 1162329ms] [ERROR] ./src/app/problem-sets/[id]/page.tsx:457:20
Unterminated regexp literal
  455 |                       GitHub에서 보기 →
  456 |                     </a>
> 457 |                   </div>
      |                    ^^^^^
  458 |                 </div>
  459 |               )
  460 |             )}

Parsing ecmascript source code failed

Import traces:
  Client Component Browser:
    ./src/app/problem-sets/[id]/page.tsx [Client Component Browser]
    ./src/app/problem-sets/[id]/page.tsx [Server Component]

  Client Component SSR:
    ./src/app/problem-sets/[id]/page.tsx [Client Component SSR]
    ./src/app/problem-sets/[id]/page.tsx [Server Component] @ http://localhost:3000/_next/static/chunks/node_modules_next_dist_0u_w_5s._.js:1945
[ 1162382ms] [ERROR] ./src/app/problem-sets/[id]/page.tsx:457:20
Unterminated regexp literal
  455 |                       GitHub에서 보기 →
  456 |                     </a>
> 457 |                   </div>
      |                    ^^^^^
  458 |                 </div>
  459 |               )
  460 |             )}

Parsing ecmascript source code failed

Import traces:
  Client Component Browser:
    ./src/app/problem-sets/[id]/page.tsx [Client Component Browser]
    ./src/app/problem-sets/[id]/page.tsx [Server Component]

  Client Component SSR:
    ./src/app/problem-sets/[id]/page.tsx [Client Component SSR]
    ./src/app/problem-sets/[id]/page.tsx [Server Component] @ http://localhost:3000/_next/static/chunks/node_modules_next_dist_0u_w_5s._.js:1945
[ 1162447ms] [ERROR] ./src/app/problem-sets/[id]/page.tsx:457:20
Unterminated regexp literal
  455 |                       GitHub에서 보기 →
  456 |                     </a>
> 457 |                   </div>
      |                    ^^^^^
  458 |                 </div>
  459 |               )
  460 |             )}

Parsing ecmascript source code failed

Import traces:
  Client Component Browser:
    ./src/app/problem-sets/[id]/page.tsx [Client Component Browser]
    ./src/app/problem-sets/[id]/page.tsx [Server Component]

  Client Component SSR:
    ./src/app/problem-sets/[id]/page.tsx [Client Component SSR]
    ./src/app/problem-sets/[id]/page.tsx [Server Component] @ http://localhost:3000/_next/static/chunks/node_modules_next_dist_0u_w_5s._.js:1945
[ 1162515ms] [ERROR] ./src/app/problem-sets/[id]/page.tsx:457:20
Unterminated regexp literal
  455 |                       GitHub에서 보기 →
  456 |                     </a>
> 457 |                   </div>
      |                    ^^^^^
  458 |                 </div>
  459 |               )
  460 |             )}

Parsing ecmascript source code failed

Import traces:
  Client Component Browser:
    ./src/app/problem-sets/[id]/page.tsx [Client Component Browser]
    ./src/app/problem-sets/[id]/page.tsx [Server Component]

  Client Component SSR:
    ./src/app/problem-sets/[id]/page.tsx [Client Component SSR]
    ./src/app/problem-sets/[id]/page.tsx [Server Component] @ http://localhost:3000/_next/static/chunks/node_modules_next_dist_0u_w_5s._.js:1945
[ 1162579ms] [ERROR] ./src/app/problem-sets/[id]/page.tsx:457:20
Unterminated regexp literal
  455 |                       GitHub에서 보기 →
  456 |                     </a>
> 457 |                   </div>
      |                    ^^^^^
  458 |                 </div>
  459 |               )
  460 |             )}

Parsing ecmascript source code failed

Import traces:
  Client Component Browser:
    ./src/app/problem-sets/[id]/page.tsx [Client Component Browser]
    ./src/app/problem-sets/[id]/page.tsx [Server Component]

  Client Component SSR:
    ./src/app/problem-sets/[id]/page.tsx [Client Component SSR]
    ./src/app/problem-sets/[id]/page.tsx [Server Component] @ http://localhost:3000/_next/static/chunks/node_modules_next_dist_0u_w_5s._.js:1945
[ 1162631ms] [ERROR] ./src/app/problem-sets/[id]/page.tsx:457:20
Unterminated regexp literal
  455 |                       GitHub에서 보기 →
  456 |                     </a>
> 457 |                   </div>
      |                    ^^^^^
  458 |                 </div>
  459 |               )
  460 |             )}

Parsing ecmascript source code failed

Import traces:
  Client Component Browser:
    ./src/app/problem-sets/[id]/page.tsx [Client Component Browser]
    ./src/app/problem-sets/[id]/page.tsx [Server Component]

  Client Component SSR:
    ./src/app/problem-sets/[id]/page.tsx [Client Component SSR]
    ./src/app/problem-sets/[id]/page.tsx [Server Component] @ http://localhost:3000/_next/static/chunks/node_modules_next_dist_0u_w_5s._.js:1945
[ 1162697ms] [ERROR] ./src/app/problem-sets/[id]/page.tsx:457:20
Unterminated regexp literal
  455 |                       GitHub에서 보기 →
  456 |                     </a>
> 457 |                   </div>
      |                    ^^^^^
  458 |                 </div>
  459 |               )
  460 |             )}

Parsing ecmascript source code failed

Import traces:
  Client Component Browser:
    ./src/app/problem-sets/[id]/page.tsx [Client Component Browser]
    ./src/app/problem-sets/[id]/page.tsx [Server Component]

  Client Component SSR:
    ./src/app/problem-sets/[id]/page.tsx [Client Component SSR]
    ./src/app/problem-sets/[id]/page.tsx [Server Component] @ http://localhost:3000/_next/static/chunks/node_modules_next_dist_0u_w_5s._.js:1945
[ 1162764ms] [ERROR] ./src/app/problem-sets/[id]/page.tsx:457:20
Unterminated regexp literal
  455 |                       GitHub에서 보기 →
  456 |                     </a>
> 457 |                   </div>
      |                    ^^^^^
  458 |                 </div>
  459 |               )
  460 |             )}

Parsing ecmascript source code failed

Import traces:
  Client Component Browser:
    ./src/app/problem-sets/[id]/page.tsx [Client Component Browser]
    ./src/app/problem-sets/[id]/page.tsx [Server Component]

  Client Component SSR:
    ./src/app/problem-sets/[id]/page.tsx [Client Component SSR]
    ./src/app/problem-sets/[id]/page.tsx [Server Component] @ http://localhost:3000/_next/static/chunks/node_modules_next_dist_0u_w_5s._.js:1945
[ 1162831ms] [ERROR] ./src/app/problem-sets/[id]/page.tsx:457:20
Unterminated regexp literal
  455 |                       GitHub에서 보기 →
  456 |                     </a>
> 457 |                   </div>
      |                    ^^^^^
  458 |                 </div>
  459 |               )
  460 |             )}

Parsing ecmascript source code failed

Import traces:
  Client Component Browser:
    ./src/app/problem-sets/[id]/page.tsx [Client Component Browser]
    ./src/app/problem-sets/[id]/page.tsx [Server Component]

  Client Component SSR:
    ./src/app/problem-sets/[id]/page.tsx [Client Component SSR]
    ./src/app/problem-sets/[id]/page.tsx [Server Component] @ http://localhost:3000/_next/static/chunks/node_modules_next_dist_0u_w_5s._.js:1945
[ 1162899ms] [ERROR] ./src/app/problem-sets/[id]/page.tsx:457:20
Unterminated regexp literal
  455 |                       GitHub에서 보기 →
  456 |                     </a>
> 457 |                   </div>
      |                    ^^^^^
  458 |                 </div>
  459 |               )
  460 |             )}

Parsing ecmascript source code failed

Import traces:
  Client Component Browser:
    ./src/app/problem-sets/[id]/page.tsx [Client Component Browser]
    ./src/app/problem-sets/[id]/page.tsx [Server Component]

  Client Component SSR:
    ./src/app/problem-sets/[id]/page.tsx [Client Component SSR]
    ./src/app/problem-sets/[id]/page.tsx [Server Component] @ http://localhost:3000/_next/static/chunks/node_modules_next_dist_0u_w_5s._.js:1945
[ 1162964ms] [ERROR] ./src/app/problem-sets/[id]/page.tsx:457:20
Unterminated regexp literal
  455 |                       GitHub에서 보기 →
  456 |                     </a>
> 457 |                   </div>
      |                    ^^^^^
  458 |                 </div>
  459 |               )
  460 |             )}

Parsing ecmascript source code failed

Import traces:
  Client Component Browser:
    ./src/app/problem-sets/[id]/page.tsx [Client Component Browser]
    ./src/app/problem-sets/[id]/page.tsx [Server Component]

  Client Component SSR:
    ./src/app/problem-sets/[id]/page.tsx [Client Component SSR]
    ./src/app/problem-sets/[id]/page.tsx [Server Component] @ http://localhost:3000/_next/static/chunks/node_modules_next_dist_0u_w_5s._.js:1945
[ 1163025ms] [ERROR] ./src/app/problem-sets/[id]/page.tsx:457:20
Unterminated regexp literal
  455 |                       GitHub에서 보기 →
  456 |                     </a>
> 457 |                   </div>
      |                    ^^^^^
  458 |                 </div>
  459 |               )
  460 |             )}

Parsing ecmascript source code failed

Import traces:
  Client Component Browser:
    ./src/app/problem-sets/[id]/page.tsx [Client Component Browser]
    ./src/app/problem-sets/[id]/page.tsx [Server Component]

  Client Component SSR:
    ./src/app/problem-sets/[id]/page.tsx [Client Component SSR]
    ./src/app/problem-sets/[id]/page.tsx [Server Component] @ http://localhost:3000/_next/static/chunks/node_modules_next_dist_0u_w_5s._.js:1945
[ 1163080ms] [ERROR] ./src/app/problem-sets/[id]/page.tsx:457:20
Unterminated regexp literal
  455 |                       GitHub에서 보기 →
  456 |                     </a>
> 457 |                   </div>
      |                    ^^^^^
  458 |                 </div>
  459 |               )
  460 |             )}

Parsing ecmascript source code failed

Import traces:
  Client Component Browser:
    ./src/app/problem-sets/[id]/page.tsx [Client Component Browser]
    ./src/app/problem-sets/[id]/page.tsx [Server Component]

  Client Component SSR:
    ./src/app/problem-sets/[id]/page.tsx [Client Component SSR]
    ./src/app/problem-sets/[id]/page.tsx [Server Component] @ http://localhost:3000/_next/static/chunks/node_modules_next_dist_0u_w_5s._.js:1945
[ 1163146ms] [ERROR] ./src/app/problem-sets/[id]/page.tsx:457:20
Unterminated regexp literal
  455 |                       GitHub에서 보기 →
  456 |                     </a>
> 457 |                   </div>
      |                    ^^^^^
  458 |                 </div>
  459 |               )
  460 |             )}

Parsing ecmascript source code failed

Import traces:
  Client Component Browser:
    ./src/app/problem-sets/[id]/page.tsx [Client Component Browser]
    ./src/app/problem-sets/[id]/page.tsx [Server Component]

  Client Component SSR:
    ./src/app/problem-sets/[id]/page.tsx [Client Component SSR]
    ./src/app/problem-sets/[id]/page.tsx [Server Component] @ http://localhost:3000/_next/static/chunks/node_modules_next_dist_0u_w_5s._.js:1945
[ 1163212ms] [ERROR] ./src/app/problem-sets/[id]/page.tsx:457:20
Unterminated regexp literal
  455 |                       GitHub에서 보기 →
  456 |                     </a>
> 457 |                   </div>
      |                    ^^^^^
  458 |                 </div>
  459 |               )
  460 |             )}

Parsing ecmascript source code failed

Import traces:
  Client Component Browser:
    ./src/app/problem-sets/[id]/page.tsx [Client Component Browser]
    ./src/app/problem-sets/[id]/page.tsx [Server Component]

  Client Component SSR:
    ./src/app/problem-sets/[id]/page.tsx [Client Component SSR]
    ./src/app/problem-sets/[id]/page.tsx [Server Component] @ http://localhost:3000/_next/static/chunks/node_modules_next_dist_0u_w_5s._.js:1945
[ 1163269ms] [ERROR] ./src/app/problem-sets/[id]/page.tsx:457:20
Unterminated regexp literal
  455 |                       GitHub에서 보기 →
  456 |                     </a>
> 457 |                   </div>
      |                    ^^^^^
  458 |                 </div>
  459 |               )
  460 |             )}

Parsing ecmascript source code failed

Import traces:
  Client Component Browser:
    ./src/app/problem-sets/[id]/page.tsx [Client Component Browser]
    ./src/app/problem-sets/[id]/page.tsx [Server Component]

  Client Component SSR:
    ./src/app/problem-sets/[id]/page.tsx [Client Component SSR]
    ./src/app/problem-sets/[id]/page.tsx [Server Component] @ http://localhost:3000/_next/static/chunks/node_modules_next_dist_0u_w_5s._.js:1945
[ 1163328ms] [ERROR] ./src/app/problem-sets/[id]/page.tsx:457:20
Unterminated regexp literal
  455 |                       GitHub에서 보기 →
  456 |                     </a>
> 457 |                   </div>
      |                    ^^^^^
  458 |                 </div>
  459 |               )
  460 |             )}

Parsing ecmascript source code failed

Import traces:
  Client Component Browser:
    ./src/app/problem-sets/[id]/page.tsx [Client Component Browser]
    ./src/app/problem-sets/[id]/page.tsx [Server Component]

  Client Component SSR:
    ./src/app/problem-sets/[id]/page.tsx [Client Component SSR]
    ./src/app/problem-sets/[id]/page.tsx [Server Component] @ http://localhost:3000/_next/static/chunks/node_modules_next_dist_0u_w_5s._.js:1945
[ 1163382ms] [ERROR] ./src/app/problem-sets/[id]/page.tsx:457:20
Unterminated regexp literal
  455 |                       GitHub에서 보기 →
  456 |                     </a>
> 457 |                   </div>
      |                    ^^^^^
  458 |                 </div>
  459 |               )
  460 |             )}

Parsing ecmascript source code failed

Import traces:
  Client Component Browser:
    ./src/app/problem-sets/[id]/page.tsx [Client Component Browser]
    ./src/app/problem-sets/[id]/page.tsx [Server Component]

  Client Component SSR:
    ./src/app/problem-sets/[id]/page.tsx [Client Component SSR]
    ./src/app/problem-sets/[id]/page.tsx [Server Component] @ http://localhost:3000/_next/static/chunks/node_modules_next_dist_0u_w_5s._.js:1945
[ 1163443ms] [ERROR] ./src/app/problem-sets/[id]/page.tsx:457:20
Unterminated regexp literal
  455 |                       GitHub에서 보기 →
  456 |                     </a>
> 457 |                   </div>
      |                    ^^^^^
  458 |                 </div>
  459 |               )
  460 |             )}

Parsing ecmascript source code failed

Import traces:
  Client Component Browser:
    ./src/app/problem-sets/[id]/page.tsx [Client Component Browser]
    ./src/app/problem-sets/[id]/page.tsx [Server Component]

  Client Component SSR:
    ./src/app/problem-sets/[id]/page.tsx [Client Component SSR]
    ./src/app/problem-sets/[id]/page.tsx [Server Component] @ http://localhost:3000/_next/static/chunks/node_modules_next_dist_0u_w_5s._.js:1945
[ 1163513ms] [ERROR] ./src/app/problem-sets/[id]/page.tsx:457:20
Unterminated regexp literal
  455 |                       GitHub에서 보기 →
  456 |                     </a>
> 457 |                   </div>
      |                    ^^^^^
  458 |                 </div>
  459 |               )
  460 |             )}

Parsing ecmascript source code failed

Import traces:
  Client Component Browser:
    ./src/app/problem-sets/[id]/page.tsx [Client Component Browser]
    ./src/app/problem-sets/[id]/page.tsx [Server Component]

  Client Component SSR:
    ./src/app/problem-sets/[id]/page.tsx [Client Component SSR]
    ./src/app/problem-sets/[id]/page.tsx [Server Component] @ http://localhost:3000/_next/static/chunks/node_modules_next_dist_0u_w_5s._.js:1945
[ 1163580ms] [ERROR] ./src/app/problem-sets/[id]/page.tsx:457:20
Unterminated regexp literal
  455 |                       GitHub에서 보기 →
  456 |                     </a>
> 457 |                   </div>
      |                    ^^^^^
  458 |                 </div>
  459 |               )
  460 |             )}

Parsing ecmascript source code failed

Import traces:
  Client Component Browser:
    ./src/app/problem-sets/[id]/page.tsx [Client Component Browser]
    ./src/app/problem-sets/[id]/page.tsx [Server Component]

  Client Component SSR:
    ./src/app/problem-sets/[id]/page.tsx [Client Component SSR]
    ./src/app/problem-sets/[id]/page.tsx [Server Component] @ http://localhost:3000/_next/static/chunks/node_modules_next_dist_0u_w_5s._.js:1945
[ 1163635ms] [ERROR] ./src/app/problem-sets/[id]/page.tsx:457:20
Unterminated regexp literal
  455 |                       GitHub에서 보기 →
  456 |                     </a>
> 457 |                   </div>
      |                    ^^^^^
  458 |                 </div>
  459 |               )
  460 |             )}

Parsing ecmascript source code failed

Import traces:
  Client Component Browser:
    ./src/app/problem-sets/[id]/page.tsx [Client Component Browser]
    ./src/app/problem-sets/[id]/page.tsx [Server Component]

  Client Component SSR:
    ./src/app/problem-sets/[id]/page.tsx [Client Component SSR]
    ./src/app/problem-sets/[id]/page.tsx [Server Component] @ http://localhost:3000/_next/static/chunks/node_modules_next_dist_0u_w_5s._.js:1945
[ 1163691ms] [ERROR] ./src/app/problem-sets/[id]/page.tsx:457:20
Unterminated regexp literal
  455 |                       GitHub에서 보기 →
  456 |                     </a>
> 457 |                   </div>
      |                    ^^^^^
  458 |                 </div>
  459 |               )
  460 |             )}

Parsing ecmascript source code failed

Import traces:
  Client Component Browser:
    ./src/app/problem-sets/[id]/page.tsx [Client Component Browser]
    ./src/app/problem-sets/[id]/page.tsx [Server Component]

  Client Component SSR:
    ./src/app/problem-sets/[id]/page.tsx [Client Component SSR]
    ./src/app/problem-sets/[id]/page.tsx [Server Component] @ http://localhost:3000/_next/static/chunks/node_modules_next_dist_0u_w_5s._.js:1945
[ 1163746ms] [ERROR] ./src/app/problem-sets/[id]/page.tsx:457:20
Unterminated regexp literal
  455 |                       GitHub에서 보기 →
  456 |                     </a>
> 457 |                   </div>
      |                    ^^^^^
  458 |                 </div>
  459 |               )
  460 |             )}

Parsing ecmascript source code failed

Import traces:
  Client Component Browser:
    ./src/app/problem-sets/[id]/page.tsx [Client Component Browser]
    ./src/app/problem-sets/[id]/page.tsx [Server Component]

  Client Component SSR:
    ./src/app/problem-sets/[id]/page.tsx [Client Component SSR]
    ./src/app/problem-sets/[id]/page.tsx [Server Component] @ http://localhost:3000/_next/static/chunks/node_modules_next_dist_0u_w_5s._.js:1945
[ 1163813ms] [ERROR] ./src/app/problem-sets/[id]/page.tsx:457:20
Unterminated regexp literal
  455 |                       GitHub에서 보기 →
  456 |                     </a>
> 457 |                   </div>
      |                    ^^^^^
  458 |                 </div>
  459 |               )
  460 |             )}

Parsing ecmascript source code failed

Import traces:
  Client Component Browser:
    ./src/app/problem-sets/[id]/page.tsx [Client Component Browser]
    ./src/app/problem-sets/[id]/page.tsx [Server Component]

  Client Component SSR:
    ./src/app/problem-sets/[id]/page.tsx [Client Component SSR]
    ./src/app/problem-sets/[id]/page.tsx [Server Component] @ http://localhost:3000/_next/static/chunks/node_modules_next_dist_0u_w_5s._.js:1945
[ 1163877ms] [ERROR] ./src/app/problem-sets/[id]/page.tsx:457:20
Unterminated regexp literal
  455 |                       GitHub에서 보기 →
  456 |                     </a>
> 457 |                   </div>
      |                    ^^^^^
  458 |                 </div>
  459 |               )
  460 |             )}

Parsing ecmascript source code failed

Import traces:
  Client Component Browser:
    ./src/app/problem-sets/[id]/page.tsx [Client Component Browser]
    ./src/app/problem-sets/[id]/page.tsx [Server Component]

  Client Component SSR:
    ./src/app/problem-sets/[id]/page.tsx [Client Component SSR]
    ./src/app/problem-sets/[id]/page.tsx [Server Component] @ http://localhost:3000/_next/static/chunks/node_modules_next_dist_0u_w_5s._.js:1945
[ 1163931ms] [ERROR] ./src/app/problem-sets/[id]/page.tsx:457:20
Unterminated regexp literal
  455 |                       GitHub에서 보기 →
  456 |                     </a>
> 457 |                   </div>
      |                    ^^^^^
  458 |                 </div>
  459 |               )
  460 |             )}

Parsing ecmascript source code failed

Import traces:
  Client Component Browser:
    ./src/app/problem-sets/[id]/page.tsx [Client Component Browser]
    ./src/app/problem-sets/[id]/page.tsx [Server Component]

  Client Component SSR:
    ./src/app/problem-sets/[id]/page.tsx [Client Component SSR]
    ./src/app/problem-sets/[id]/page.tsx [Server Component] @ http://localhost:3000/_next/static/chunks/node_modules_next_dist_0u_w_5s._.js:1945
[ 1163999ms] [ERROR] ./src/app/problem-sets/[id]/page.tsx:457:20
Unterminated regexp literal
  455 |                       GitHub에서 보기 →
  456 |                     </a>
> 457 |                   </div>
      |                    ^^^^^
  458 |                 </div>
  459 |               )
  460 |             )}

Parsing ecmascript source code failed

Import traces:
  Client Component Browser:
    ./src/app/problem-sets/[id]/page.tsx [Client Component Browser]
    ./src/app/problem-sets/[id]/page.tsx [Server Component]

  Client Component SSR:
    ./src/app/problem-sets/[id]/page.tsx [Client Component SSR]
    ./src/app/problem-sets/[id]/page.tsx [Server Component] @ http://localhost:3000/_next/static/chunks/node_modules_next_dist_0u_w_5s._.js:1945
[ 1164064ms] [ERROR] ./src/app/problem-sets/[id]/page.tsx:457:20
Unterminated regexp literal
  455 |                       GitHub에서 보기 →
  456 |                     </a>
> 457 |                   </div>
      |                    ^^^^^
  458 |                 </div>
  459 |               )
  460 |             )}

Parsing ecmascript source code failed

Import traces:
  Client Component Browser:
    ./src/app/problem-sets/[id]/page.tsx [Client Component Browser]
    ./src/app/problem-sets/[id]/page.tsx [Server Component]

  Client Component SSR:
    ./src/app/problem-sets/[id]/page.tsx [Client Component SSR]
    ./src/app/problem-sets/[id]/page.tsx [Server Component] @ http://localhost:3000/_next/static/chunks/node_modules_next_dist_0u_w_5s._.js:1945
[ 1164131ms] [ERROR] ./src/app/problem-sets/[id]/page.tsx:457:20
Unterminated regexp literal
  455 |                       GitHub에서 보기 →
  456 |                     </a>
> 457 |                   </div>
      |                    ^^^^^
  458 |                 </div>
  459 |               )
  460 |             )}

Parsing ecmascript source code failed

Import traces:
  Client Component Browser:
    ./src/app/problem-sets/[id]/page.tsx [Client Component Browser]
    ./src/app/problem-sets/[id]/page.tsx [Server Component]

  Client Component SSR:
    ./src/app/problem-sets/[id]/page.tsx [Client Component SSR]
    ./src/app/problem-sets/[id]/page.tsx [Server Component] @ http://localhost:3000/_next/static/chunks/node_modules_next_dist_0u_w_5s._.js:1945
[ 1164196ms] [ERROR] ./src/app/problem-sets/[id]/page.tsx:457:20
Unterminated regexp literal
  455 |                       GitHub에서 보기 →
  456 |                     </a>
> 457 |                   </div>
      |                    ^^^^^
  458 |                 </div>
  459 |               )
  460 |             )}

Parsing ecmascript source code failed

Import traces:
  Client Component Browser:
    ./src/app/problem-sets/[id]/page.tsx [Client Component Browser]
    ./src/app/problem-sets/[id]/page.tsx [Server Component]

  Client Component SSR:
    ./src/app/problem-sets/[id]/page.tsx [Client Component SSR]
    ./src/app/problem-sets/[id]/page.tsx [Server Component] @ http://localhost:3000/_next/static/chunks/node_modules_next_dist_0u_w_5s._.js:1945
[ 1164247ms] [ERROR] ./src/app/problem-sets/[id]/page.tsx:457:20
Unterminated regexp literal
  455 |                       GitHub에서 보기 →
  456 |                     </a>
> 457 |                   </div>
      |                    ^^^^^
  458 |                 </div>
  459 |               )
  460 |             )}

Parsing ecmascript source code failed

Import traces:
  Client Component Browser:
    ./src/app/problem-sets/[id]/page.tsx [Client Component Browser]
    ./src/app/problem-sets/[id]/page.tsx [Server Component]

  Client Component SSR:
    ./src/app/problem-sets/[id]/page.tsx [Client Component SSR]
    ./src/app/problem-sets/[id]/page.tsx [Server Component] @ http://localhost:3000/_next/static/chunks/node_modules_next_dist_0u_w_5s._.js:1945
[ 1164310ms] [ERROR] ./src/app/problem-sets/[id]/page.tsx:457:20
Unterminated regexp literal
  455 |                       GitHub에서 보기 →
  456 |                     </a>
> 457 |                   </div>
      |                    ^^^^^
  458 |                 </div>
  459 |               )
  460 |             )}

Parsing ecmascript source code failed

Import traces:
  Client Component Browser:
    ./src/app/problem-sets/[id]/page.tsx [Client Component Browser]
    ./src/app/problem-sets/[id]/page.tsx [Server Component]

  Client Component SSR:
    ./src/app/problem-sets/[id]/page.tsx [Client Component SSR]
    ./src/app/problem-sets/[id]/page.tsx [Server Component] @ http://localhost:3000/_next/static/chunks/node_modules_next_dist_0u_w_5s._.js:1945
[ 1164364ms] [ERROR] ./src/app/problem-sets/[id]/page.tsx:457:20
Unterminated regexp literal
  455 |                       GitHub에서 보기 →
  456 |                     </a>
> 457 |                   </div>
      |                    ^^^^^
  458 |                 </div>
  459 |               )
  460 |             )}

Parsing ecmascript source code failed

Import traces:
  Client Component Browser:
    ./src/app/problem-sets/[id]/page.tsx [Client Component Browser]
    ./src/app/problem-sets/[id]/page.tsx [Server Component]

  Client Component SSR:
    ./src/app/problem-sets/[id]/page.tsx [Client Component SSR]
    ./src/app/problem-sets/[id]/page.tsx [Server Component] @ http://localhost:3000/_next/static/chunks/node_modules_next_dist_0u_w_5s._.js:1945
[ 1164432ms] [ERROR] ./src/app/problem-sets/[id]/page.tsx:457:20
Unterminated regexp literal
  455 |                       GitHub에서 보기 →
  456 |                     </a>
> 457 |                   </div>
      |                    ^^^^^
  458 |                 </div>
  459 |               )
  460 |             )}

Parsing ecmascript source code failed

Import traces:
  Client Component Browser:
    ./src/app/problem-sets/[id]/page.tsx [Client Component Browser]
    ./src/app/problem-sets/[id]/page.tsx [Server Component]

  Client Component SSR:
    ./src/app/problem-sets/[id]/page.tsx [Client Component SSR]
    ./src/app/problem-sets/[id]/page.tsx [Server Component] @ http://localhost:3000/_next/static/chunks/node_modules_next_dist_0u_w_5s._.js:1945
[ 1164497ms] [ERROR] ./src/app/problem-sets/[id]/page.tsx:457:20
Unterminated regexp literal
  455 |                       GitHub에서 보기 →
  456 |                     </a>
> 457 |                   </div>
      |                    ^^^^^
  458 |                 </div>
  459 |               )
  460 |             )}

Parsing ecmascript source code failed

Import traces:
  Client Component Browser:
    ./src/app/problem-sets/[id]/page.tsx [Client Component Browser]
    ./src/app/problem-sets/[id]/page.tsx [Server Component]

  Client Component SSR:
    ./src/app/problem-sets/[id]/page.tsx [Client Component SSR]
    ./src/app/problem-sets/[id]/page.tsx [Server Component] @ http://localhost:3000/_next/static/chunks/node_modules_next_dist_0u_w_5s._.js:1945
[ 1164557ms] [ERROR] ./src/app/problem-sets/[id]/page.tsx:457:20
Unterminated regexp literal
  455 |                       GitHub에서 보기 →
  456 |                     </a>
> 457 |                   </div>
      |                    ^^^^^
  458 |                 </div>
  459 |               )
  460 |             )}

Parsing ecmascript source code failed

Import traces:
  Client Component Browser:
    ./src/app/problem-sets/[id]/page.tsx [Client Component Browser]
    ./src/app/problem-sets/[id]/page.tsx [Server Component]

  Client Component SSR:
    ./src/app/problem-sets/[id]/page.tsx [Client Component SSR]
    ./src/app/problem-sets/[id]/page.tsx [Server Component] @ http://localhost:3000/_next/static/chunks/node_modules_next_dist_0u_w_5s._.js:1945
[ 1164612ms] [ERROR] ./src/app/problem-sets/[id]/page.tsx:457:20
Unterminated regexp literal
  455 |                       GitHub에서 보기 →
  456 |                     </a>
> 457 |                   </div>
      |                    ^^^^^
  458 |                 </div>
  459 |               )
  460 |             )}

Parsing ecmascript source code failed

Import traces:
  Client Component Browser:
    ./src/app/problem-sets/[id]/page.tsx [Client Component Browser]
    ./src/app/problem-sets/[id]/page.tsx [Server Component]

  Client Component SSR:
    ./src/app/problem-sets/[id]/page.tsx [Client Component SSR]
    ./src/app/problem-sets/[id]/page.tsx [Server Component] @ http://localhost:3000/_next/static/chunks/node_modules_next_dist_0u_w_5s._.js:1945
[ 1164666ms] [ERROR] ./src/app/problem-sets/[id]/page.tsx:457:20
Unterminated regexp literal
  455 |                       GitHub에서 보기 →
  456 |                     </a>
> 457 |                   </div>
      |                    ^^^^^
  458 |                 </div>
  459 |               )
  460 |             )}

Parsing ecmascript source code failed

Import traces:
  Client Component Browser:
    ./src/app/problem-sets/[id]/page.tsx [Client Component Browser]
    ./src/app/problem-sets/[id]/page.tsx [Server Component]

  Client Component SSR:
    ./src/app/problem-sets/[id]/page.tsx [Client Component SSR]
    ./src/app/problem-sets/[id]/page.tsx [Server Component] @ http://localhost:3000/_next/static/chunks/node_modules_next_dist_0u_w_5s._.js:1945
[ 1164728ms] [ERROR] ./src/app/problem-sets/[id]/page.tsx:457:20
Unterminated regexp literal
  455 |                       GitHub에서 보기 →
  456 |                     </a>
> 457 |                   </div>
      |                    ^^^^^
  458 |                 </div>
  459 |               )
  460 |             )}

Parsing ecmascript source code failed

Import traces:
  Client Component Browser:
    ./src/app/problem-sets/[id]/page.tsx [Client Component Browser]
    ./src/app/problem-sets/[id]/page.tsx [Server Component]

  Client Component SSR:
    ./src/app/problem-sets/[id]/page.tsx [Client Component SSR]
    ./src/app/problem-sets/[id]/page.tsx [Server Component] @ http://localhost:3000/_next/static/chunks/node_modules_next_dist_0u_w_5s._.js:1945
[ 1164789ms] [ERROR] ./src/app/problem-sets/[id]/page.tsx:457:20
Unterminated regexp literal
  455 |                       GitHub에서 보기 →
  456 |                     </a>
> 457 |                   </div>
      |                    ^^^^^
  458 |                 </div>
  459 |               )
  460 |             )}

Parsing ecmascript source code failed

Import traces:
  Client Component Browser:
    ./src/app/problem-sets/[id]/page.tsx [Client Component Browser]
    ./src/app/problem-sets/[id]/page.tsx [Server Component]

  Client Component SSR:
    ./src/app/problem-sets/[id]/page.tsx [Client Component SSR]
    ./src/app/problem-sets/[id]/page.tsx [Server Component] @ http://localhost:3000/_next/static/chunks/node_modules_next_dist_0u_w_5s._.js:1945
[ 1164851ms] [ERROR] ./src/app/problem-sets/[id]/page.tsx:457:20
Unterminated regexp literal
  455 |                       GitHub에서 보기 →
  456 |                     </a>
> 457 |                   </div>
      |                    ^^^^^
  458 |                 </div>
  459 |               )
  460 |             )}

Parsing ecmascript source code failed

Import traces:
  Client Component Browser:
    ./src/app/problem-sets/[id]/page.tsx [Client Component Browser]
    ./src/app/problem-sets/[id]/page.tsx [Server Component]

  Client Component SSR:
    ./src/app/problem-sets/[id]/page.tsx [Client Component SSR]
    ./src/app/problem-sets/[id]/page.tsx [Server Component] @ http://localhost:3000/_next/static/chunks/node_modules_next_dist_0u_w_5s._.js:1945
[ 1164903ms] [ERROR] ./src/app/problem-sets/[id]/page.tsx:457:20
Unterminated regexp literal
  455 |                       GitHub에서 보기 →
  456 |                     </a>
> 457 |                   </div>
      |                    ^^^^^
  458 |                 </div>
  459 |               )
  460 |             )}

Parsing ecmascript source code failed

Import traces:
  Client Component Browser:
    ./src/app/problem-sets/[id]/page.tsx [Client Component Browser]
    ./src/app/problem-sets/[id]/page.tsx [Server Component]

  Client Component SSR:
    ./src/app/problem-sets/[id]/page.tsx [Client Component SSR]
    ./src/app/problem-sets/[id]/page.tsx [Server Component] @ http://localhost:3000/_next/static/chunks/node_modules_next_dist_0u_w_5s._.js:1945
[ 1164965ms] [ERROR] ./src/app/problem-sets/[id]/page.tsx:457:20
Unterminated regexp literal
  455 |                       GitHub에서 보기 →
  456 |                     </a>
> 457 |                   </div>
      |                    ^^^^^
  458 |                 </div>
  459 |               )
  460 |             )}

Parsing ecmascript source code failed

Import traces:
  Client Component Browser:
    ./src/app/problem-sets/[id]/page.tsx [Client Component Browser]
    ./src/app/problem-sets/[id]/page.tsx [Server Component]

  Client Component SSR:
    ./src/app/problem-sets/[id]/page.tsx [Client Component SSR]
    ./src/app/problem-sets/[id]/page.tsx [Server Component] @ http://localhost:3000/_next/static/chunks/node_modules_next_dist_0u_w_5s._.js:1945
[ 1165021ms] [ERROR] ./src/app/problem-sets/[id]/page.tsx:457:20
Unterminated regexp literal
  455 |                       GitHub에서 보기 →
  456 |                     </a>
> 457 |                   </div>
      |                    ^^^^^
  458 |                 </div>
  459 |               )
  460 |             )}

Parsing ecmascript source code failed

Import traces:
  Client Component Browser:
    ./src/app/problem-sets/[id]/page.tsx [Client Component Browser]
    ./src/app/problem-sets/[id]/page.tsx [Server Component]

  Client Component SSR:
    ./src/app/problem-sets/[id]/page.tsx [Client Component SSR]
    ./src/app/problem-sets/[id]/page.tsx [Server Component] @ http://localhost:3000/_next/static/chunks/node_modules_next_dist_0u_w_5s._.js:1945
[ 1165080ms] [ERROR] ./src/app/problem-sets/[id]/page.tsx:457:20
Unterminated regexp literal
  455 |                       GitHub에서 보기 →
  456 |                     </a>
> 457 |                   </div>
      |                    ^^^^^
  458 |                 </div>
  459 |               )
  460 |             )}

Parsing ecmascript source code failed

Import traces:
  Client Component Browser:
    ./src/app/problem-sets/[id]/page.tsx [Client Component Browser]
    ./src/app/problem-sets/[id]/page.tsx [Server Component]

  Client Component SSR:
    ./src/app/problem-sets/[id]/page.tsx [Client Component SSR]
    ./src/app/problem-sets/[id]/page.tsx [Server Component] @ http://localhost:3000/_next/static/chunks/node_modules_next_dist_0u_w_5s._.js:1945
[ 1165145ms] [ERROR] ./src/app/problem-sets/[id]/page.tsx:457:20
Unterminated regexp literal
  455 |                       GitHub에서 보기 →
  456 |                     </a>
> 457 |                   </div>
      |                    ^^^^^
  458 |                 </div>
  459 |               )
  460 |             )}

Parsing ecmascript source code failed

Import traces:
  Client Component Browser:
    ./src/app/problem-sets/[id]/page.tsx [Client Component Browser]
    ./src/app/problem-sets/[id]/page.tsx [Server Component]

  Client Component SSR:
    ./src/app/problem-sets/[id]/page.tsx [Client Component SSR]
    ./src/app/problem-sets/[id]/page.tsx [Server Component] @ http://localhost:3000/_next/static/chunks/node_modules_next_dist_0u_w_5s._.js:1945
[ 1165206ms] [ERROR] ./src/app/problem-sets/[id]/page.tsx:457:20
Unterminated regexp literal
  455 |                       GitHub에서 보기 →
  456 |                     </a>
> 457 |                   </div>
      |                    ^^^^^
  458 |                 </div>
  459 |               )
  460 |             )}

Parsing ecmascript source code failed

Import traces:
  Client Component Browser:
    ./src/app/problem-sets/[id]/page.tsx [Client Component Browser]
    ./src/app/problem-sets/[id]/page.tsx [Server Component]

  Client Component SSR:
    ./src/app/problem-sets/[id]/page.tsx [Client Component SSR]
    ./src/app/problem-sets/[id]/page.tsx [Server Component] @ http://localhost:3000/_next/static/chunks/node_modules_next_dist_0u_w_5s._.js:1945
[ 1165269ms] [ERROR] ./src/app/problem-sets/[id]/page.tsx:457:20
Unterminated regexp literal
  455 |                       GitHub에서 보기 →
  456 |                     </a>
> 457 |                   </div>
      |                    ^^^^^
  458 |                 </div>
  459 |               )
  460 |             )}

Parsing ecmascript source code failed

Import traces:
  Client Component Browser:
    ./src/app/problem-sets/[id]/page.tsx [Client Component Browser]
    ./src/app/problem-sets/[id]/page.tsx [Server Component]

  Client Component SSR:
    ./src/app/problem-sets/[id]/page.tsx [Client Component SSR]
    ./src/app/problem-sets/[id]/page.tsx [Server Component] @ http://localhost:3000/_next/static/chunks/node_modules_next_dist_0u_w_5s._.js:1945
[ 1165330ms] [ERROR] ./src/app/problem-sets/[id]/page.tsx:457:20
Unterminated regexp literal
  455 |                       GitHub에서 보기 →
  456 |                     </a>
> 457 |                   </div>
      |                    ^^^^^
  458 |                 </div>
  459 |               )
  460 |             )}

Parsing ecmascript source code failed

Import traces:
  Client Component Browser:
    ./src/app/problem-sets/[id]/page.tsx [Client Component Browser]
    ./src/app/problem-sets/[id]/page.tsx [Server Component]

  Client Component SSR:
    ./src/app/problem-sets/[id]/page.tsx [Client Component SSR]
    ./src/app/problem-sets/[id]/page.tsx [Server Component] @ http://localhost:3000/_next/static/chunks/node_modules_next_dist_0u_w_5s._.js:1945
[ 1165396ms] [ERROR] ./src/app/problem-sets/[id]/page.tsx:457:20
Unterminated regexp literal
  455 |                       GitHub에서 보기 →
  456 |                     </a>
> 457 |                   </div>
      |                    ^^^^^
  458 |                 </div>
  459 |               )
  460 |             )}

Parsing ecmascript source code failed

Import traces:
  Client Component Browser:
    ./src/app/problem-sets/[id]/page.tsx [Client Component Browser]
    ./src/app/problem-sets/[id]/page.tsx [Server Component]

  Client Component SSR:
    ./src/app/problem-sets/[id]/page.tsx [Client Component SSR]
    ./src/app/problem-sets/[id]/page.tsx [Server Component] @ http://localhost:3000/_next/static/chunks/node_modules_next_dist_0u_w_5s._.js:1945
[ 1165463ms] [ERROR] ./src/app/problem-sets/[id]/page.tsx:457:20
Unterminated regexp literal
  455 |                       GitHub에서 보기 →
  456 |                     </a>
> 457 |                   </div>
      |                    ^^^^^
  458 |                 </div>
  459 |               )
  460 |             )}

Parsing ecmascript source code failed

Import traces:
  Client Component Browser:
    ./src/app/problem-sets/[id]/page.tsx [Client Component Browser]
    ./src/app/problem-sets/[id]/page.tsx [Server Component]

  Client Component SSR:
    ./src/app/problem-sets/[id]/page.tsx [Client Component SSR]
    ./src/app/problem-sets/[id]/page.tsx [Server Component] @ http://localhost:3000/_next/static/chunks/node_modules_next_dist_0u_w_5s._.js:1945
[ 1165530ms] [ERROR] ./src/app/problem-sets/[id]/page.tsx:457:20
Unterminated regexp literal
  455 |                       GitHub에서 보기 →
  456 |                     </a>
> 457 |                   </div>
      |                    ^^^^^
  458 |                 </div>
  459 |               )
  460 |             )}

Parsing ecmascript source code failed

Import traces:
  Client Component Browser:
    ./src/app/problem-sets/[id]/page.tsx [Client Component Browser]
    ./src/app/problem-sets/[id]/page.tsx [Server Component]

  Client Component SSR:
    ./src/app/problem-sets/[id]/page.tsx [Client Component SSR]
    ./src/app/problem-sets/[id]/page.tsx [Server Component] @ http://localhost:3000/_next/static/chunks/node_modules_next_dist_0u_w_5s._.js:1945
[ 1165597ms] [ERROR] ./src/app/problem-sets/[id]/page.tsx:457:20
Unterminated regexp literal
  455 |                       GitHub에서 보기 →
  456 |                     </a>
> 457 |                   </div>
      |                    ^^^^^
  458 |                 </div>
  459 |               )
  460 |             )}

Parsing ecmascript source code failed

Import traces:
  Client Component Browser:
    ./src/app/problem-sets/[id]/page.tsx [Client Component Browser]
    ./src/app/problem-sets/[id]/page.tsx [Server Component]

  Client Component SSR:
    ./src/app/problem-sets/[id]/page.tsx [Client Component SSR]
    ./src/app/problem-sets/[id]/page.tsx [Server Component] @ http://localhost:3000/_next/static/chunks/node_modules_next_dist_0u_w_5s._.js:1945
[ 1165663ms] [ERROR] ./src/app/problem-sets/[id]/page.tsx:457:20
Unterminated regexp literal
  455 |                       GitHub에서 보기 →
  456 |                     </a>
> 457 |                   </div>
      |                    ^^^^^
  458 |                 </div>
  459 |               )
  460 |             )}

Parsing ecmascript source code failed

Import traces:
  Client Component Browser:
    ./src/app/problem-sets/[id]/page.tsx [Client Component Browser]
    ./src/app/problem-sets/[id]/page.tsx [Server Component]

  Client Component SSR:
    ./src/app/problem-sets/[id]/page.tsx [Client Component SSR]
    ./src/app/problem-sets/[id]/page.tsx [Server Component] @ http://localhost:3000/_next/static/chunks/node_modules_next_dist_0u_w_5s._.js:1945
[ 1165714ms] [ERROR] ./src/app/problem-sets/[id]/page.tsx:457:20
Unterminated regexp literal
  455 |                       GitHub에서 보기 →
  456 |                     </a>
> 457 |                   </div>
      |                    ^^^^^
  458 |                 </div>
  459 |               )
  460 |             )}

Parsing ecmascript source code failed

Import traces:
  Client Component Browser:
    ./src/app/problem-sets/[id]/page.tsx [Client Component Browser]
    ./src/app/problem-sets/[id]/page.tsx [Server Component]

  Client Component SSR:
    ./src/app/problem-sets/[id]/page.tsx [Client Component SSR]
    ./src/app/problem-sets/[id]/page.tsx [Server Component] @ http://localhost:3000/_next/static/chunks/node_modules_next_dist_0u_w_5s._.js:1945
[ 1165780ms] [ERROR] ./src/app/problem-sets/[id]/page.tsx:457:20
Unterminated regexp literal
  455 |                       GitHub에서 보기 →
  456 |                     </a>
> 457 |                   </div>
      |                    ^^^^^
  458 |                 </div>
  459 |               )
  460 |             )}

Parsing ecmascript source code failed

Import traces:
  Client Component Browser:
    ./src/app/problem-sets/[id]/page.tsx [Client Component Browser]
    ./src/app/problem-sets/[id]/page.tsx [Server Component]

  Client Component SSR:
    ./src/app/problem-sets/[id]/page.tsx [Client Component SSR]
    ./src/app/problem-sets/[id]/page.tsx [Server Component] @ http://localhost:3000/_next/static/chunks/node_modules_next_dist_0u_w_5s._.js:1945
[ 1165845ms] [ERROR] ./src/app/problem-sets/[id]/page.tsx:457:20
Unterminated regexp literal
  455 |                       GitHub에서 보기 →
  456 |                     </a>
> 457 |                   </div>
      |                    ^^^^^
  458 |                 </div>
  459 |               )
  460 |             )}

Parsing ecmascript source code failed

Import traces:
  Client Component Browser:
    ./src/app/problem-sets/[id]/page.tsx [Client Component Browser]
    ./src/app/problem-sets/[id]/page.tsx [Server Component]

  Client Component SSR:
    ./src/app/problem-sets/[id]/page.tsx [Client Component SSR]
    ./src/app/problem-sets/[id]/page.tsx [Server Component] @ http://localhost:3000/_next/static/chunks/node_modules_next_dist_0u_w_5s._.js:1945
[ 1165906ms] [ERROR] ./src/app/problem-sets/[id]/page.tsx:457:20
Unterminated regexp literal
  455 |                       GitHub에서 보기 →
  456 |                     </a>
> 457 |                   </div>
      |                    ^^^^^
  458 |                 </div>
  459 |               )
  460 |             )}

Parsing ecmascript source code failed

Import traces:
  Client Component Browser:
    ./src/app/problem-sets/[id]/page.tsx [Client Component Browser]
    ./src/app/problem-sets/[id]/page.tsx [Server Component]

  Client Component SSR:
    ./src/app/problem-sets/[id]/page.tsx [Client Component SSR]
    ./src/app/problem-sets/[id]/page.tsx [Server Component] @ http://localhost:3000/_next/static/chunks/node_modules_next_dist_0u_w_5s._.js:1945
[ 1165965ms] [ERROR] ./src/app/problem-sets/[id]/page.tsx:457:20
Unterminated regexp literal
  455 |                       GitHub에서 보기 →
  456 |                     </a>
> 457 |                   </div>
      |                    ^^^^^
  458 |                 </div>
  459 |               )
  460 |             )}

Parsing ecmascript source code failed

Import traces:
  Client Component Browser:
    ./src/app/problem-sets/[id]/page.tsx [Client Component Browser]
    ./src/app/problem-sets/[id]/page.tsx [Server Component]

  Client Component SSR:
    ./src/app/problem-sets/[id]/page.tsx [Client Component SSR]
    ./src/app/problem-sets/[id]/page.tsx [Server Component] @ http://localhost:3000/_next/static/chunks/node_modules_next_dist_0u_w_5s._.js:1945
[ 1166027ms] [ERROR] ./src/app/problem-sets/[id]/page.tsx:457:20
Unterminated regexp literal
  455 |                       GitHub에서 보기 →
  456 |                     </a>
> 457 |                   </div>
      |                    ^^^^^
  458 |                 </div>
  459 |               )
  460 |             )}

Parsing ecmascript source code failed

Import traces:
  Client Component Browser:
    ./src/app/problem-sets/[id]/page.tsx [Client Component Browser]
    ./src/app/problem-sets/[id]/page.tsx [Server Component]

  Client Component SSR:
    ./src/app/problem-sets/[id]/page.tsx [Client Component SSR]
    ./src/app/problem-sets/[id]/page.tsx [Server Component] @ http://localhost:3000/_next/static/chunks/node_modules_next_dist_0u_w_5s._.js:1945
[ 1166093ms] [ERROR] ./src/app/problem-sets/[id]/page.tsx:457:20
Unterminated regexp literal
  455 |                       GitHub에서 보기 →
  456 |                     </a>
> 457 |                   </div>
      |                    ^^^^^
  458 |                 </div>
  459 |               )
  460 |             )}

Parsing ecmascript source code failed

Import traces:
  Client Component Browser:
    ./src/app/problem-sets/[id]/page.tsx [Client Component Browser]
    ./src/app/problem-sets/[id]/page.tsx [Server Component]

  Client Component SSR:
    ./src/app/problem-sets/[id]/page.tsx [Client Component SSR]
    ./src/app/problem-sets/[id]/page.tsx [Server Component] @ http://localhost:3000/_next/static/chunks/node_modules_next_dist_0u_w_5s._.js:1945
[ 1166155ms] [ERROR] ./src/app/problem-sets/[id]/page.tsx:457:20
Unterminated regexp literal
  455 |                       GitHub에서 보기 →
  456 |                     </a>
> 457 |                   </div>
      |                    ^^^^^
  458 |                 </div>
  459 |               )
  460 |             )}

Parsing ecmascript source code failed

Import traces:
  Client Component Browser:
    ./src/app/problem-sets/[id]/page.tsx [Client Component Browser]
    ./src/app/problem-sets/[id]/page.tsx [Server Component]

  Client Component SSR:
    ./src/app/problem-sets/[id]/page.tsx [Client Component SSR]
    ./src/app/problem-sets/[id]/page.tsx [Server Component] @ http://localhost:3000/_next/static/chunks/node_modules_next_dist_0u_w_5s._.js:1945
[ 1166212ms] [ERROR] ./src/app/problem-sets/[id]/page.tsx:457:20
Unterminated regexp literal
  455 |                       GitHub에서 보기 →
  456 |                     </a>
> 457 |                   </div>
      |                    ^^^^^
  458 |                 </div>
  459 |               )
  460 |             )}

Parsing ecmascript source code failed

Import traces:
  Client Component Browser:
    ./src/app/problem-sets/[id]/page.tsx [Client Component Browser]
    ./src/app/problem-sets/[id]/page.tsx [Server Component]

  Client Component SSR:
    ./src/app/problem-sets/[id]/page.tsx [Client Component SSR]
    ./src/app/problem-sets/[id]/page.tsx [Server Component] @ http://localhost:3000/_next/static/chunks/node_modules_next_dist_0u_w_5s._.js:1945
[ 1166273ms] [ERROR] ./src/app/problem-sets/[id]/page.tsx:457:20
Unterminated regexp literal
  455 |                       GitHub에서 보기 →
  456 |                     </a>
> 457 |                   </div>
      |                    ^^^^^
  458 |                 </div>
  459 |               )
  460 |             )}

Parsing ecmascript source code failed

Import traces:
  Client Component Browser:
    ./src/app/problem-sets/[id]/page.tsx [Client Component Browser]
    ./src/app/problem-sets/[id]/page.tsx [Server Component]

  Client Component SSR:
    ./src/app/problem-sets/[id]/page.tsx [Client Component SSR]
    ./src/app/problem-sets/[id]/page.tsx [Server Component] @ http://localhost:3000/_next/static/chunks/node_modules_next_dist_0u_w_5s._.js:1945
[ 1166332ms] [ERROR] ./src/app/problem-sets/[id]/page.tsx:457:20
Unterminated regexp literal
  455 |                       GitHub에서 보기 →
  456 |                     </a>
> 457 |                   </div>
      |                    ^^^^^
  458 |                 </div>
  459 |               )
  460 |             )}

Parsing ecmascript source code failed

Import traces:
  Client Component Browser:
    ./src/app/problem-sets/[id]/page.tsx [Client Component Browser]
    ./src/app/problem-sets/[id]/page.tsx [Server Component]

  Client Component SSR:
    ./src/app/problem-sets/[id]/page.tsx [Client Component SSR]
    ./src/app/problem-sets/[id]/page.tsx [Server Component] @ http://localhost:3000/_next/static/chunks/node_modules_next_dist_0u_w_5s._.js:1945
[ 1166391ms] [ERROR] ./src/app/problem-sets/[id]/page.tsx:457:20
Unterminated regexp literal
  455 |                       GitHub에서 보기 →
  456 |                     </a>
> 457 |                   </div>
      |                    ^^^^^
  458 |                 </div>
  459 |               )
  460 |             )}

Parsing ecmascript source code failed

Import traces:
  Client Component Browser:
    ./src/app/problem-sets/[id]/page.tsx [Client Component Browser]
    ./src/app/problem-sets/[id]/page.tsx [Server Component]

  Client Component SSR:
    ./src/app/problem-sets/[id]/page.tsx [Client Component SSR]
    ./src/app/problem-sets/[id]/page.tsx [Server Component] @ http://localhost:3000/_next/static/chunks/node_modules_next_dist_0u_w_5s._.js:1945
[ 1166464ms] [ERROR] ./src/app/problem-sets/[id]/page.tsx:457:20
Unterminated regexp literal
  455 |                       GitHub에서 보기 →
  456 |                     </a>
> 457 |                   </div>
      |                    ^^^^^
  458 |                 </div>
  459 |               )
  460 |             )}

Parsing ecmascript source code failed

Import traces:
  Client Component Browser:
    ./src/app/problem-sets/[id]/page.tsx [Client Component Browser]
    ./src/app/problem-sets/[id]/page.tsx [Server Component]

  Client Component SSR:
    ./src/app/problem-sets/[id]/page.tsx [Client Component SSR]
    ./src/app/problem-sets/[id]/page.tsx [Server Component] @ http://localhost:3000/_next/static/chunks/node_modules_next_dist_0u_w_5s._.js:1945
[ 1166525ms] [ERROR] ./src/app/problem-sets/[id]/page.tsx:457:20
Unterminated regexp literal
  455 |                       GitHub에서 보기 →
  456 |                     </a>
> 457 |                   </div>
      |                    ^^^^^
  458 |                 </div>
  459 |               )
  460 |             )}

Parsing ecmascript source code failed

Import traces:
  Client Component Browser:
    ./src/app/problem-sets/[id]/page.tsx [Client Component Browser]
    ./src/app/problem-sets/[id]/page.tsx [Server Component]

  Client Component SSR:
    ./src/app/problem-sets/[id]/page.tsx [Client Component SSR]
    ./src/app/problem-sets/[id]/page.tsx [Server Component] @ http://localhost:3000/_next/static/chunks/node_modules_next_dist_0u_w_5s._.js:1945
[ 1166580ms] [ERROR] ./src/app/problem-sets/[id]/page.tsx:457:20
Unterminated regexp literal
  455 |                       GitHub에서 보기 →
  456 |                     </a>
> 457 |                   </div>
      |                    ^^^^^
  458 |                 </div>
  459 |               )
  460 |             )}

Parsing ecmascript source code failed

Import traces:
  Client Component Browser:
    ./src/app/problem-sets/[id]/page.tsx [Client Component Browser]
    ./src/app/problem-sets/[id]/page.tsx [Server Component]

  Client Component SSR:
    ./src/app/problem-sets/[id]/page.tsx [Client Component SSR]
    ./src/app/problem-sets/[id]/page.tsx [Server Component] @ http://localhost:3000/_next/static/chunks/node_modules_next_dist_0u_w_5s._.js:1945
[ 1166645ms] [ERROR] ./src/app/problem-sets/[id]/page.tsx:457:20
Unterminated regexp literal
  455 |                       GitHub에서 보기 →
  456 |                     </a>
> 457 |                   </div>
      |                    ^^^^^
  458 |                 </div>
  459 |               )
  460 |             )}

Parsing ecmascript source code failed

Import traces:
  Client Component Browser:
    ./src/app/problem-sets/[id]/page.tsx [Client Component Browser]
    ./src/app/problem-sets/[id]/page.tsx [Server Component]

  Client Component SSR:
    ./src/app/problem-sets/[id]/page.tsx [Client Component SSR]
    ./src/app/problem-sets/[id]/page.tsx [Server Component] @ http://localhost:3000/_next/static/chunks/node_modules_next_dist_0u_w_5s._.js:1945
[ 1166708ms] [ERROR] ./src/app/problem-sets/[id]/page.tsx:457:20
Unterminated regexp literal
  455 |                       GitHub에서 보기 →
  456 |                     </a>
> 457 |                   </div>
      |                    ^^^^^
  458 |                 </div>
  459 |               )
  460 |             )}

Parsing ecmascript source code failed

Import traces:
  Client Component Browser:
    ./src/app/problem-sets/[id]/page.tsx [Client Component Browser]
    ./src/app/problem-sets/[id]/page.tsx [Server Component]

  Client Component SSR:
    ./src/app/problem-sets/[id]/page.tsx [Client Component SSR]
    ./src/app/problem-sets/[id]/page.tsx [Server Component] @ http://localhost:3000/_next/static/chunks/node_modules_next_dist_0u_w_5s._.js:1945
[ 1166764ms] [ERROR] ./src/app/problem-sets/[id]/page.tsx:457:20
Unterminated regexp literal
  455 |                       GitHub에서 보기 →
  456 |                     </a>
> 457 |                   </div>
      |                    ^^^^^
  458 |                 </div>
  459 |               )
  460 |             )}

Parsing ecmascript source code failed

Import traces:
  Client Component Browser:
    ./src/app/problem-sets/[id]/page.tsx [Client Component Browser]
    ./src/app/problem-sets/[id]/page.tsx [Server Component]

  Client Component SSR:
    ./src/app/problem-sets/[id]/page.tsx [Client Component SSR]
    ./src/app/problem-sets/[id]/page.tsx [Server Component] @ http://localhost:3000/_next/static/chunks/node_modules_next_dist_0u_w_5s._.js:1945
[ 1166830ms] [ERROR] ./src/app/problem-sets/[id]/page.tsx:457:20
Unterminated regexp literal
  455 |                       GitHub에서 보기 →
  456 |                     </a>
> 457 |                   </div>
      |                    ^^^^^
  458 |                 </div>
  459 |               )
  460 |             )}

Parsing ecmascript source code failed

Import traces:
  Client Component Browser:
    ./src/app/problem-sets/[id]/page.tsx [Client Component Browser]
    ./src/app/problem-sets/[id]/page.tsx [Server Component]

  Client Component SSR:
    ./src/app/problem-sets/[id]/page.tsx [Client Component SSR]
    ./src/app/problem-sets/[id]/page.tsx [Server Component] @ http://localhost:3000/_next/static/chunks/node_modules_next_dist_0u_w_5s._.js:1945
[ 1166893ms] [ERROR] ./src/app/problem-sets/[id]/page.tsx:457:20
Unterminated regexp literal
  455 |                       GitHub에서 보기 →
  456 |                     </a>
> 457 |                   </div>
      |                    ^^^^^
  458 |                 </div>
  459 |               )
  460 |             )}

Parsing ecmascript source code failed

Import traces:
  Client Component Browser:
    ./src/app/problem-sets/[id]/page.tsx [Client Component Browser]
    ./src/app/problem-sets/[id]/page.tsx [Server Component]

  Client Component SSR:
    ./src/app/problem-sets/[id]/page.tsx [Client Component SSR]
    ./src/app/problem-sets/[id]/page.tsx [Server Component] @ http://localhost:3000/_next/static/chunks/node_modules_next_dist_0u_w_5s._.js:1945
[ 1166947ms] [ERROR] ./src/app/problem-sets/[id]/page.tsx:457:20
Unterminated regexp literal
  455 |                       GitHub에서 보기 →
  456 |                     </a>
> 457 |                   </div>
      |                    ^^^^^
  458 |                 </div>
  459 |               )
  460 |             )}

Parsing ecmascript source code failed

Import traces:
  Client Component Browser:
    ./src/app/problem-sets/[id]/page.tsx [Client Component Browser]
    ./src/app/problem-sets/[id]/page.tsx [Server Component]

  Client Component SSR:
    ./src/app/problem-sets/[id]/page.tsx [Client Component SSR]
    ./src/app/problem-sets/[id]/page.tsx [Server Component] @ http://localhost:3000/_next/static/chunks/node_modules_next_dist_0u_w_5s._.js:1945
[ 1167008ms] [ERROR] ./src/app/problem-sets/[id]/page.tsx:457:20
Unterminated regexp literal
  455 |                       GitHub에서 보기 →
  456 |                     </a>
> 457 |                   </div>
      |                    ^^^^^
  458 |                 </div>
  459 |               )
  460 |             )}

Parsing ecmascript source code failed

Import traces:
  Client Component Browser:
    ./src/app/problem-sets/[id]/page.tsx [Client Component Browser]
    ./src/app/problem-sets/[id]/page.tsx [Server Component]

  Client Component SSR:
    ./src/app/problem-sets/[id]/page.tsx [Client Component SSR]
    ./src/app/problem-sets/[id]/page.tsx [Server Component] @ http://localhost:3000/_next/static/chunks/node_modules_next_dist_0u_w_5s._.js:1945
[ 1167070ms] [ERROR] ./src/app/problem-sets/[id]/page.tsx:457:20
Unterminated regexp literal
  455 |                       GitHub에서 보기 →
  456 |                     </a>
> 457 |                   </div>
      |                    ^^^^^
  458 |                 </div>
  459 |               )
  460 |             )}

Parsing ecmascript source code failed

Import traces:
  Client Component Browser:
    ./src/app/problem-sets/[id]/page.tsx [Client Component Browser]
    ./src/app/problem-sets/[id]/page.tsx [Server Component]

  Client Component SSR:
    ./src/app/problem-sets/[id]/page.tsx [Client Component SSR]
    ./src/app/problem-sets/[id]/page.tsx [Server Component] @ http://localhost:3000/_next/static/chunks/node_modules_next_dist_0u_w_5s._.js:1945
[ 1167132ms] [ERROR] ./src/app/problem-sets/[id]/page.tsx:457:20
Unterminated regexp literal
  455 |                       GitHub에서 보기 →
  456 |                     </a>
> 457 |                   </div>
      |                    ^^^^^
  458 |                 </div>
  459 |               )
  460 |             )}

Parsing ecmascript source code failed

Import traces:
  Client Component Browser:
    ./src/app/problem-sets/[id]/page.tsx [Client Component Browser]
    ./src/app/problem-sets/[id]/page.tsx [Server Component]

  Client Component SSR:
    ./src/app/problem-sets/[id]/page.tsx [Client Component SSR]
    ./src/app/problem-sets/[id]/page.tsx [Server Component] @ http://localhost:3000/_next/static/chunks/node_modules_next_dist_0u_w_5s._.js:1945
[ 1167196ms] [ERROR] ./src/app/problem-sets/[id]/page.tsx:457:20
Unterminated regexp literal
  455 |                       GitHub에서 보기 →
  456 |                     </a>
> 457 |                   </div>
      |                    ^^^^^
  458 |                 </div>
  459 |               )
  460 |             )}

Parsing ecmascript source code failed

Import traces:
  Client Component Browser:
    ./src/app/problem-sets/[id]/page.tsx [Client Component Browser]
    ./src/app/problem-sets/[id]/page.tsx [Server Component]

  Client Component SSR:
    ./src/app/problem-sets/[id]/page.tsx [Client Component SSR]
    ./src/app/problem-sets/[id]/page.tsx [Server Component] @ http://localhost:3000/_next/static/chunks/node_modules_next_dist_0u_w_5s._.js:1945
[ 1167256ms] [ERROR] ./src/app/problem-sets/[id]/page.tsx:457:20
Unterminated regexp literal
  455 |                       GitHub에서 보기 →
  456 |                     </a>
> 457 |                   </div>
      |                    ^^^^^
  458 |                 </div>
  459 |               )
  460 |             )}

Parsing ecmascript source code failed

Import traces:
  Client Component Browser:
    ./src/app/problem-sets/[id]/page.tsx [Client Component Browser]
    ./src/app/problem-sets/[id]/page.tsx [Server Component]

  Client Component SSR:
    ./src/app/problem-sets/[id]/page.tsx [Client Component SSR]
    ./src/app/problem-sets/[id]/page.tsx [Server Component] @ http://localhost:3000/_next/static/chunks/node_modules_next_dist_0u_w_5s._.js:1945
[ 1167313ms] [ERROR] ./src/app/problem-sets/[id]/page.tsx:457:20
Unterminated regexp literal
  455 |                       GitHub에서 보기 →
  456 |                     </a>
> 457 |                   </div>
      |                    ^^^^^
  458 |                 </div>
  459 |               )
  460 |             )}

Parsing ecmascript source code failed

Import traces:
  Client Component Browser:
    ./src/app/problem-sets/[id]/page.tsx [Client Component Browser]
    ./src/app/problem-sets/[id]/page.tsx [Server Component]

  Client Component SSR:
    ./src/app/problem-sets/[id]/page.tsx [Client Component SSR]
    ./src/app/problem-sets/[id]/page.tsx [Server Component] @ http://localhost:3000/_next/static/chunks/node_modules_next_dist_0u_w_5s._.js:1945
[ 1167373ms] [ERROR] ./src/app/problem-sets/[id]/page.tsx:457:20
Unterminated regexp literal
  455 |                       GitHub에서 보기 →
  456 |                     </a>
> 457 |                   </div>
      |                    ^^^^^
  458 |                 </div>
  459 |               )
  460 |             )}

Parsing ecmascript source code failed

Import traces:
  Client Component Browser:
    ./src/app/problem-sets/[id]/page.tsx [Client Component Browser]
    ./src/app/problem-sets/[id]/page.tsx [Server Component]

  Client Component SSR:
    ./src/app/problem-sets/[id]/page.tsx [Client Component SSR]
    ./src/app/problem-sets/[id]/page.tsx [Server Component] @ http://localhost:3000/_next/static/chunks/node_modules_next_dist_0u_w_5s._.js:1945
[ 1167430ms] [ERROR] ./src/app/problem-sets/[id]/page.tsx:457:20
Unterminated regexp literal
  455 |                       GitHub에서 보기 →
  456 |                     </a>
> 457 |                   </div>
      |                    ^^^^^
  458 |                 </div>
  459 |               )
  460 |             )}

Parsing ecmascript source code failed

Import traces:
  Client Component Browser:
    ./src/app/problem-sets/[id]/page.tsx [Client Component Browser]
    ./src/app/problem-sets/[id]/page.tsx [Server Component]

  Client Component SSR:
    ./src/app/problem-sets/[id]/page.tsx [Client Component SSR]
    ./src/app/problem-sets/[id]/page.tsx [Server Component] @ http://localhost:3000/_next/static/chunks/node_modules_next_dist_0u_w_5s._.js:1945
[ 1167492ms] [ERROR] ./src/app/problem-sets/[id]/page.tsx:457:20
Unterminated regexp literal
  455 |                       GitHub에서 보기 →
  456 |                     </a>
> 457 |                   </div>
      |                    ^^^^^
  458 |                 </div>
  459 |               )
  460 |             )}

Parsing ecmascript source code failed

Import traces:
  Client Component Browser:
    ./src/app/problem-sets/[id]/page.tsx [Client Component Browser]
    ./src/app/problem-sets/[id]/page.tsx [Server Component]

  Client Component SSR:
    ./src/app/problem-sets/[id]/page.tsx [Client Component SSR]
    ./src/app/problem-sets/[id]/page.tsx [Server Component] @ http://localhost:3000/_next/static/chunks/node_modules_next_dist_0u_w_5s._.js:1945
[ 1167548ms] [ERROR] ./src/app/problem-sets/[id]/page.tsx:457:20
Unterminated regexp literal
  455 |                       GitHub에서 보기 →
  456 |                     </a>
> 457 |                   </div>
      |                    ^^^^^
  458 |                 </div>
  459 |               )
  460 |             )}

Parsing ecmascript source code failed

Import traces:
  Client Component Browser:
    ./src/app/problem-sets/[id]/page.tsx [Client Component Browser]
    ./src/app/problem-sets/[id]/page.tsx [Server Component]

  Client Component SSR:
    ./src/app/problem-sets/[id]/page.tsx [Client Component SSR]
    ./src/app/problem-sets/[id]/page.tsx [Server Component] @ http://localhost:3000/_next/static/chunks/node_modules_next_dist_0u_w_5s._.js:1945
[ 1167614ms] [ERROR] ./src/app/problem-sets/[id]/page.tsx:457:20
Unterminated regexp literal
  455 |                       GitHub에서 보기 →
  456 |                     </a>
> 457 |                   </div>
      |                    ^^^^^
  458 |                 </div>
  459 |               )
  460 |             )}

Parsing ecmascript source code failed

Import traces:
  Client Component Browser:
    ./src/app/problem-sets/[id]/page.tsx [Client Component Browser]
    ./src/app/problem-sets/[id]/page.tsx [Server Component]

  Client Component SSR:
    ./src/app/problem-sets/[id]/page.tsx [Client Component SSR]
    ./src/app/problem-sets/[id]/page.tsx [Server Component] @ http://localhost:3000/_next/static/chunks/node_modules_next_dist_0u_w_5s._.js:1945
[ 1167675ms] [ERROR] ./src/app/problem-sets/[id]/page.tsx:457:20
Unterminated regexp literal
  455 |                       GitHub에서 보기 →
  456 |                     </a>
> 457 |                   </div>
      |                    ^^^^^
  458 |                 </div>
  459 |               )
  460 |             )}

Parsing ecmascript source code failed

Import traces:
  Client Component Browser:
    ./src/app/problem-sets/[id]/page.tsx [Client Component Browser]
    ./src/app/problem-sets/[id]/page.tsx [Server Component]

  Client Component SSR:
    ./src/app/problem-sets/[id]/page.tsx [Client Component SSR]
    ./src/app/problem-sets/[id]/page.tsx [Server Component] @ http://localhost:3000/_next/static/chunks/node_modules_next_dist_0u_w_5s._.js:1945
[ 1167741ms] [ERROR] ./src/app/problem-sets/[id]/page.tsx:457:20
Unterminated regexp literal
  455 |                       GitHub에서 보기 →
  456 |                     </a>
> 457 |                   </div>
      |                    ^^^^^
  458 |                 </div>
  459 |               )
  460 |             )}

Parsing ecmascript source code failed

Import traces:
  Client Component Browser:
    ./src/app/problem-sets/[id]/page.tsx [Client Component Browser]
    ./src/app/problem-sets/[id]/page.tsx [Server Component]

  Client Component SSR:
    ./src/app/problem-sets/[id]/page.tsx [Client Component SSR]
    ./src/app/problem-sets/[id]/page.tsx [Server Component] @ http://localhost:3000/_next/static/chunks/node_modules_next_dist_0u_w_5s._.js:1945
[ 1167804ms] [ERROR] ./src/app/problem-sets/[id]/page.tsx:457:20
Unterminated regexp literal
  455 |                       GitHub에서 보기 →
  456 |                     </a>
> 457 |                   </div>
      |                    ^^^^^
  458 |                 </div>
  459 |               )
  460 |             )}

Parsing ecmascript source code failed

Import traces:
  Client Component Browser:
    ./src/app/problem-sets/[id]/page.tsx [Client Component Browser]
    ./src/app/problem-sets/[id]/page.tsx [Server Component]

  Client Component SSR:
    ./src/app/problem-sets/[id]/page.tsx [Client Component SSR]
    ./src/app/problem-sets/[id]/page.tsx [Server Component] @ http://localhost:3000/_next/static/chunks/node_modules_next_dist_0u_w_5s._.js:1945
[ 1167860ms] [ERROR] ./src/app/problem-sets/[id]/page.tsx:457:20
Unterminated regexp literal
  455 |                       GitHub에서 보기 →
  456 |                     </a>
> 457 |                   </div>
      |                    ^^^^^
  458 |                 </div>
  459 |               )
  460 |             )}

Parsing ecmascript source code failed

Import traces:
  Client Component Browser:
    ./src/app/problem-sets/[id]/page.tsx [Client Component Browser]
    ./src/app/problem-sets/[id]/page.tsx [Server Component]

  Client Component SSR:
    ./src/app/problem-sets/[id]/page.tsx [Client Component SSR]
    ./src/app/problem-sets/[id]/page.tsx [Server Component] @ http://localhost:3000/_next/static/chunks/node_modules_next_dist_0u_w_5s._.js:1945
[ 1167924ms] [ERROR] ./src/app/problem-sets/[id]/page.tsx:457:20
Unterminated regexp literal
  455 |                       GitHub에서 보기 →
  456 |                     </a>
> 457 |                   </div>
      |                    ^^^^^
  458 |                 </div>
  459 |               )
  460 |             )}

Parsing ecmascript source code failed

Import traces:
  Client Component Browser:
    ./src/app/problem-sets/[id]/page.tsx [Client Component Browser]
    ./src/app/problem-sets/[id]/page.tsx [Server Component]

  Client Component SSR:
    ./src/app/problem-sets/[id]/page.tsx [Client Component SSR]
    ./src/app/problem-sets/[id]/page.tsx [Server Component] @ http://localhost:3000/_next/static/chunks/node_modules_next_dist_0u_w_5s._.js:1945
[ 1167991ms] [ERROR] ./src/app/problem-sets/[id]/page.tsx:457:20
Unterminated regexp literal
  455 |                       GitHub에서 보기 →
  456 |                     </a>
> 457 |                   </div>
      |                    ^^^^^
  458 |                 </div>
  459 |               )
  460 |             )}

Parsing ecmascript source code failed

Import traces:
  Client Component Browser:
    ./src/app/problem-sets/[id]/page.tsx [Client Component Browser]
    ./src/app/problem-sets/[id]/page.tsx [Server Component]

  Client Component SSR:
    ./src/app/problem-sets/[id]/page.tsx [Client Component SSR]
    ./src/app/problem-sets/[id]/page.tsx [Server Component] @ http://localhost:3000/_next/static/chunks/node_modules_next_dist_0u_w_5s._.js:1945
[ 1168052ms] [ERROR] ./src/app/problem-sets/[id]/page.tsx:457:20
Unterminated regexp literal
  455 |                       GitHub에서 보기 →
  456 |                     </a>
> 457 |                   </div>
      |                    ^^^^^
  458 |                 </div>
  459 |               )
  460 |             )}

Parsing ecmascript source code failed

Import traces:
  Client Component Browser:
    ./src/app/problem-sets/[id]/page.tsx [Client Component Browser]
    ./src/app/problem-sets/[id]/page.tsx [Server Component]

  Client Component SSR:
    ./src/app/problem-sets/[id]/page.tsx [Client Component SSR]
    ./src/app/problem-sets/[id]/page.tsx [Server Component] @ http://localhost:3000/_next/static/chunks/node_modules_next_dist_0u_w_5s._.js:1945
[ 1168108ms] [ERROR] ./src/app/problem-sets/[id]/page.tsx:457:20
Unterminated regexp literal
  455 |                       GitHub에서 보기 →
  456 |                     </a>
> 457 |                   </div>
      |                    ^^^^^
  458 |                 </div>
  459 |               )
  460 |             )}

Parsing ecmascript source code failed

Import traces:
  Client Component Browser:
    ./src/app/problem-sets/[id]/page.tsx [Client Component Browser]
    ./src/app/problem-sets/[id]/page.tsx [Server Component]

  Client Component SSR:
    ./src/app/problem-sets/[id]/page.tsx [Client Component SSR]
    ./src/app/problem-sets/[id]/page.tsx [Server Component] @ http://localhost:3000/_next/static/chunks/node_modules_next_dist_0u_w_5s._.js:1945
[ 1168164ms] [ERROR] ./src/app/problem-sets/[id]/page.tsx:457:20
Unterminated regexp literal
  455 |                       GitHub에서 보기 →
  456 |                     </a>
> 457 |                   </div>
      |                    ^^^^^
  458 |                 </div>
  459 |               )
  460 |             )}

Parsing ecmascript source code failed

Import traces:
  Client Component Browser:
    ./src/app/problem-sets/[id]/page.tsx [Client Component Browser]
    ./src/app/problem-sets/[id]/page.tsx [Server Component]

  Client Component SSR:
    ./src/app/problem-sets/[id]/page.tsx [Client Component SSR]
    ./src/app/problem-sets/[id]/page.tsx [Server Component] @ http://localhost:3000/_next/static/chunks/node_modules_next_dist_0u_w_5s._.js:1945
[ 1168226ms] [ERROR] ./src/app/problem-sets/[id]/page.tsx:457:20
Unterminated regexp literal
  455 |                       GitHub에서 보기 →
  456 |                     </a>
> 457 |                   </div>
      |                    ^^^^^
  458 |                 </div>
  459 |               )
  460 |             )}

Parsing ecmascript source code failed

Import traces:
  Client Component Browser:
    ./src/app/problem-sets/[id]/page.tsx [Client Component Browser]
    ./src/app/problem-sets/[id]/page.tsx [Server Component]

  Client Component SSR:
    ./src/app/problem-sets/[id]/page.tsx [Client Component SSR]
    ./src/app/problem-sets/[id]/page.tsx [Server Component] @ http://localhost:3000/_next/static/chunks/node_modules_next_dist_0u_w_5s._.js:1945
[ 1168282ms] [ERROR] ./src/app/problem-sets/[id]/page.tsx:457:20
Unterminated regexp literal
  455 |                       GitHub에서 보기 →
  456 |                     </a>
> 457 |                   </div>
      |                    ^^^^^
  458 |                 </div>
  459 |               )
  460 |             )}

Parsing ecmascript source code failed

Import traces:
  Client Component Browser:
    ./src/app/problem-sets/[id]/page.tsx [Client Component Browser]
    ./src/app/problem-sets/[id]/page.tsx [Server Component]

  Client Component SSR:
    ./src/app/problem-sets/[id]/page.tsx [Client Component SSR]
    ./src/app/problem-sets/[id]/page.tsx [Server Component] @ http://localhost:3000/_next/static/chunks/node_modules_next_dist_0u_w_5s._.js:1945
[ 1168344ms] [ERROR] ./src/app/problem-sets/[id]/page.tsx:457:20
Unterminated regexp literal
  455 |                       GitHub에서 보기 →
  456 |                     </a>
> 457 |                   </div>
      |                    ^^^^^
  458 |                 </div>
  459 |               )
  460 |             )}

Parsing ecmascript source code failed

Import traces:
  Client Component Browser:
    ./src/app/problem-sets/[id]/page.tsx [Client Component Browser]
    ./src/app/problem-sets/[id]/page.tsx [Server Component]

  Client Component SSR:
    ./src/app/problem-sets/[id]/page.tsx [Client Component SSR]
    ./src/app/problem-sets/[id]/page.tsx [Server Component] @ http://localhost:3000/_next/static/chunks/node_modules_next_dist_0u_w_5s._.js:1945
[ 1168407ms] [ERROR] ./src/app/problem-sets/[id]/page.tsx:457:20
Unterminated regexp literal
  455 |                       GitHub에서 보기 →
  456 |                     </a>
> 457 |                   </div>
      |                    ^^^^^
  458 |                 </div>
  459 |               )
  460 |             )}

Parsing ecmascript source code failed

Import traces:
  Client Component Browser:
    ./src/app/problem-sets/[id]/page.tsx [Client Component Browser]
    ./src/app/problem-sets/[id]/page.tsx [Server Component]

  Client Component SSR:
    ./src/app/problem-sets/[id]/page.tsx [Client Component SSR]
    ./src/app/problem-sets/[id]/page.tsx [Server Component] @ http://localhost:3000/_next/static/chunks/node_modules_next_dist_0u_w_5s._.js:1945
[ 1168473ms] [ERROR] ./src/app/problem-sets/[id]/page.tsx:457:20
Unterminated regexp literal
  455 |                       GitHub에서 보기 →
  456 |                     </a>
> 457 |                   </div>
      |                    ^^^^^
  458 |                 </div>
  459 |               )
  460 |             )}

Parsing ecmascript source code failed

Import traces:
  Client Component Browser:
    ./src/app/problem-sets/[id]/page.tsx [Client Component Browser]
    ./src/app/problem-sets/[id]/page.tsx [Server Component]

  Client Component SSR:
    ./src/app/problem-sets/[id]/page.tsx [Client Component SSR]
    ./src/app/problem-sets/[id]/page.tsx [Server Component] @ http://localhost:3000/_next/static/chunks/node_modules_next_dist_0u_w_5s._.js:1945
[ 1168535ms] [ERROR] ./src/app/problem-sets/[id]/page.tsx:457:20
Unterminated regexp literal
  455 |                       GitHub에서 보기 →
  456 |                     </a>
> 457 |                   </div>
      |                    ^^^^^
  458 |                 </div>
  459 |               )
  460 |             )}

Parsing ecmascript source code failed

Import traces:
  Client Component Browser:
    ./src/app/problem-sets/[id]/page.tsx [Client Component Browser]
    ./src/app/problem-sets/[id]/page.tsx [Server Component]

  Client Component SSR:
    ./src/app/problem-sets/[id]/page.tsx [Client Component SSR]
    ./src/app/problem-sets/[id]/page.tsx [Server Component] @ http://localhost:3000/_next/static/chunks/node_modules_next_dist_0u_w_5s._.js:1945
[ 1168597ms] [ERROR] ./src/app/problem-sets/[id]/page.tsx:457:20
Unterminated regexp literal
  455 |                       GitHub에서 보기 →
  456 |                     </a>
> 457 |                   </div>
      |                    ^^^^^
  458 |                 </div>
  459 |               )
  460 |             )}

Parsing ecmascript source code failed

Import traces:
  Client Component Browser:
    ./src/app/problem-sets/[id]/page.tsx [Client Component Browser]
    ./src/app/problem-sets/[id]/page.tsx [Server Component]

  Client Component SSR:
    ./src/app/problem-sets/[id]/page.tsx [Client Component SSR]
    ./src/app/problem-sets/[id]/page.tsx [Server Component] @ http://localhost:3000/_next/static/chunks/node_modules_next_dist_0u_w_5s._.js:1945
[ 1168662ms] [ERROR] ./src/app/problem-sets/[id]/page.tsx:457:20
Unterminated regexp literal
  455 |                       GitHub에서 보기 →
  456 |                     </a>
> 457 |                   </div>
      |                    ^^^^^
  458 |                 </div>
  459 |               )
  460 |             )}

Parsing ecmascript source code failed

Import traces:
  Client Component Browser:
    ./src/app/problem-sets/[id]/page.tsx [Client Component Browser]
    ./src/app/problem-sets/[id]/page.tsx [Server Component]

  Client Component SSR:
    ./src/app/problem-sets/[id]/page.tsx [Client Component SSR]
    ./src/app/problem-sets/[id]/page.tsx [Server Component] @ http://localhost:3000/_next/static/chunks/node_modules_next_dist_0u_w_5s._.js:1945
[ 1168724ms] [ERROR] ./src/app/problem-sets/[id]/page.tsx:457:20
Unterminated regexp literal
  455 |                       GitHub에서 보기 →
  456 |                     </a>
> 457 |                   </div>
      |                    ^^^^^
  458 |                 </div>
  459 |               )
  460 |             )}

Parsing ecmascript source code failed

Import traces:
  Client Component Browser:
    ./src/app/problem-sets/[id]/page.tsx [Client Component Browser]
    ./src/app/problem-sets/[id]/page.tsx [Server Component]

  Client Component SSR:
    ./src/app/problem-sets/[id]/page.tsx [Client Component SSR]
    ./src/app/problem-sets/[id]/page.tsx [Server Component] @ http://localhost:3000/_next/static/chunks/node_modules_next_dist_0u_w_5s._.js:1945
[ 1168789ms] [ERROR] ./src/app/problem-sets/[id]/page.tsx:457:20
Unterminated regexp literal
  455 |                       GitHub에서 보기 →
  456 |                     </a>
> 457 |                   </div>
      |                    ^^^^^
  458 |                 </div>
  459 |               )
  460 |             )}

Parsing ecmascript source code failed

Import traces:
  Client Component Browser:
    ./src/app/problem-sets/[id]/page.tsx [Client Component Browser]
    ./src/app/problem-sets/[id]/page.tsx [Server Component]

  Client Component SSR:
    ./src/app/problem-sets/[id]/page.tsx [Client Component SSR]
    ./src/app/problem-sets/[id]/page.tsx [Server Component] @ http://localhost:3000/_next/static/chunks/node_modules_next_dist_0u_w_5s._.js:1945
[ 1168854ms] [ERROR] ./src/app/problem-sets/[id]/page.tsx:457:20
Unterminated regexp literal
  455 |                       GitHub에서 보기 →
  456 |                     </a>
> 457 |                   </div>
      |                    ^^^^^
  458 |                 </div>
  459 |               )
  460 |             )}

Parsing ecmascript source code failed

Import traces:
  Client Component Browser:
    ./src/app/problem-sets/[id]/page.tsx [Client Component Browser]
    ./src/app/problem-sets/[id]/page.tsx [Server Component]

  Client Component SSR:
    ./src/app/problem-sets/[id]/page.tsx [Client Component SSR]
    ./src/app/problem-sets/[id]/page.tsx [Server Component] @ http://localhost:3000/_next/static/chunks/node_modules_next_dist_0u_w_5s._.js:1945
[ 1168916ms] [ERROR] ./src/app/problem-sets/[id]/page.tsx:457:20
Unterminated regexp literal
  455 |                       GitHub에서 보기 →
  456 |                     </a>
> 457 |                   </div>
      |                    ^^^^^
  458 |                 </div>
  459 |               )
  460 |             )}

Parsing ecmascript source code failed

Import traces:
  Client Component Browser:
    ./src/app/problem-sets/[id]/page.tsx [Client Component Browser]
    ./src/app/problem-sets/[id]/page.tsx [Server Component]

  Client Component SSR:
    ./src/app/problem-sets/[id]/page.tsx [Client Component SSR]
    ./src/app/problem-sets/[id]/page.tsx [Server Component] @ http://localhost:3000/_next/static/chunks/node_modules_next_dist_0u_w_5s._.js:1945
[ 1168980ms] [ERROR] ./src/app/problem-sets/[id]/page.tsx:457:20
Unterminated regexp literal
  455 |                       GitHub에서 보기 →
  456 |                     </a>
> 457 |                   </div>
      |                    ^^^^^
  458 |                 </div>
  459 |               )
  460 |             )}

Parsing ecmascript source code failed

Import traces:
  Client Component Browser:
    ./src/app/problem-sets/[id]/page.tsx [Client Component Browser]
    ./src/app/problem-sets/[id]/page.tsx [Server Component]

  Client Component SSR:
    ./src/app/problem-sets/[id]/page.tsx [Client Component SSR]
    ./src/app/problem-sets/[id]/page.tsx [Server Component] @ http://localhost:3000/_next/static/chunks/node_modules_next_dist_0u_w_5s._.js:1945
[ 1169045ms] [ERROR] ./src/app/problem-sets/[id]/page.tsx:457:20
Unterminated regexp literal
  455 |                       GitHub에서 보기 →
  456 |                     </a>
> 457 |                   </div>
      |                    ^^^^^
  458 |                 </div>
  459 |               )
  460 |             )}

Parsing ecmascript source code failed

Import traces:
  Client Component Browser:
    ./src/app/problem-sets/[id]/page.tsx [Client Component Browser]
    ./src/app/problem-sets/[id]/page.tsx [Server Component]

  Client Component SSR:
    ./src/app/problem-sets/[id]/page.tsx [Client Component SSR]
    ./src/app/problem-sets/[id]/page.tsx [Server Component] @ http://localhost:3000/_next/static/chunks/node_modules_next_dist_0u_w_5s._.js:1945
[ 1169103ms] [ERROR] ./src/app/problem-sets/[id]/page.tsx:457:20
Unterminated regexp literal
  455 |                       GitHub에서 보기 →
  456 |                     </a>
> 457 |                   </div>
      |                    ^^^^^
  458 |                 </div>
  459 |               )
  460 |             )}

Parsing ecmascript source code failed

Import traces:
  Client Component Browser:
    ./src/app/problem-sets/[id]/page.tsx [Client Component Browser]
    ./src/app/problem-sets/[id]/page.tsx [Server Component]

  Client Component SSR:
    ./src/app/problem-sets/[id]/page.tsx [Client Component SSR]
    ./src/app/problem-sets/[id]/page.tsx [Server Component] @ http://localhost:3000/_next/static/chunks/node_modules_next_dist_0u_w_5s._.js:1945
[ 1169165ms] [ERROR] ./src/app/problem-sets/[id]/page.tsx:457:20
Unterminated regexp literal
  455 |                       GitHub에서 보기 →
  456 |                     </a>
> 457 |                   </div>
      |                    ^^^^^
  458 |                 </div>
  459 |               )
  460 |             )}

Parsing ecmascript source code failed

Import traces:
  Client Component Browser:
    ./src/app/problem-sets/[id]/page.tsx [Client Component Browser]
    ./src/app/problem-sets/[id]/page.tsx [Server Component]

  Client Component SSR:
    ./src/app/problem-sets/[id]/page.tsx [Client Component SSR]
    ./src/app/problem-sets/[id]/page.tsx [Server Component] @ http://localhost:3000/_next/static/chunks/node_modules_next_dist_0u_w_5s._.js:1945
[ 1169230ms] [ERROR] ./src/app/problem-sets/[id]/page.tsx:457:20
Unterminated regexp literal
  455 |                       GitHub에서 보기 →
  456 |                     </a>
> 457 |                   </div>
      |                    ^^^^^
  458 |                 </div>
  459 |               )
  460 |             )}

Parsing ecmascript source code failed

Import traces:
  Client Component Browser:
    ./src/app/problem-sets/[id]/page.tsx [Client Component Browser]
    ./src/app/problem-sets/[id]/page.tsx [Server Component]

  Client Component SSR:
    ./src/app/problem-sets/[id]/page.tsx [Client Component SSR]
    ./src/app/problem-sets/[id]/page.tsx [Server Component] @ http://localhost:3000/_next/static/chunks/node_modules_next_dist_0u_w_5s._.js:1945
[ 1169283ms] [ERROR] ./src/app/problem-sets/[id]/page.tsx:457:20
Unterminated regexp literal
  455 |                       GitHub에서 보기 →
  456 |                     </a>
> 457 |                   </div>
      |                    ^^^^^
  458 |                 </div>
  459 |               )
  460 |             )}

Parsing ecmascript source code failed

Import traces:
  Client Component Browser:
    ./src/app/problem-sets/[id]/page.tsx [Client Component Browser]
    ./src/app/problem-sets/[id]/page.tsx [Server Component]

  Client Component SSR:
    ./src/app/problem-sets/[id]/page.tsx [Client Component SSR]
    ./src/app/problem-sets/[id]/page.tsx [Server Component] @ http://localhost:3000/_next/static/chunks/node_modules_next_dist_0u_w_5s._.js:1945
[ 1169339ms] [ERROR] ./src/app/problem-sets/[id]/page.tsx:457:20
Unterminated regexp literal
  455 |                       GitHub에서 보기 →
  456 |                     </a>
> 457 |                   </div>
      |                    ^^^^^
  458 |                 </div>
  459 |               )
  460 |             )}

Parsing ecmascript source code failed

Import traces:
  Client Component Browser:
    ./src/app/problem-sets/[id]/page.tsx [Client Component Browser]
    ./src/app/problem-sets/[id]/page.tsx [Server Component]

  Client Component SSR:
    ./src/app/problem-sets/[id]/page.tsx [Client Component SSR]
    ./src/app/problem-sets/[id]/page.tsx [Server Component] @ http://localhost:3000/_next/static/chunks/node_modules_next_dist_0u_w_5s._.js:1945
[ 1169400ms] [ERROR] ./src/app/problem-sets/[id]/page.tsx:457:20
Unterminated regexp literal
  455 |                       GitHub에서 보기 →
  456 |                     </a>
> 457 |                   </div>
      |                    ^^^^^
  458 |                 </div>
  459 |               )
  460 |             )}

Parsing ecmascript source code failed

Import traces:
  Client Component Browser:
    ./src/app/problem-sets/[id]/page.tsx [Client Component Browser]
    ./src/app/problem-sets/[id]/page.tsx [Server Component]

  Client Component SSR:
    ./src/app/problem-sets/[id]/page.tsx [Client Component SSR]
    ./src/app/problem-sets/[id]/page.tsx [Server Component] @ http://localhost:3000/_next/static/chunks/node_modules_next_dist_0u_w_5s._.js:1945
[ 1169463ms] [ERROR] ./src/app/problem-sets/[id]/page.tsx:457:20
Unterminated regexp literal
  455 |                       GitHub에서 보기 →
  456 |                     </a>
> 457 |                   </div>
      |                    ^^^^^
  458 |                 </div>
  459 |               )
  460 |             )}

Parsing ecmascript source code failed

Import traces:
  Client Component Browser:
    ./src/app/problem-sets/[id]/page.tsx [Client Component Browser]
    ./src/app/problem-sets/[id]/page.tsx [Server Component]

  Client Component SSR:
    ./src/app/problem-sets/[id]/page.tsx [Client Component SSR]
    ./src/app/problem-sets/[id]/page.tsx [Server Component] @ http://localhost:3000/_next/static/chunks/node_modules_next_dist_0u_w_5s._.js:1945
[ 1169529ms] [ERROR] ./src/app/problem-sets/[id]/page.tsx:457:20
Unterminated regexp literal
  455 |                       GitHub에서 보기 →
  456 |                     </a>
> 457 |                   </div>
      |                    ^^^^^
  458 |                 </div>
  459 |               )
  460 |             )}

Parsing ecmascript source code failed

Import traces:
  Client Component Browser:
    ./src/app/problem-sets/[id]/page.tsx [Client Component Browser]
    ./src/app/problem-sets/[id]/page.tsx [Server Component]

  Client Component SSR:
    ./src/app/problem-sets/[id]/page.tsx [Client Component SSR]
    ./src/app/problem-sets/[id]/page.tsx [Server Component] @ http://localhost:3000/_next/static/chunks/node_modules_next_dist_0u_w_5s._.js:1945
[ 1169597ms] [ERROR] ./src/app/problem-sets/[id]/page.tsx:457:20
Unterminated regexp literal
  455 |                       GitHub에서 보기 →
  456 |                     </a>
> 457 |                   </div>
      |                    ^^^^^
  458 |                 </div>
  459 |               )
  460 |             )}

Parsing ecmascript source code failed

Import traces:
  Client Component Browser:
    ./src/app/problem-sets/[id]/page.tsx [Client Component Browser]
    ./src/app/problem-sets/[id]/page.tsx [Server Component]

  Client Component SSR:
    ./src/app/problem-sets/[id]/page.tsx [Client Component SSR]
    ./src/app/problem-sets/[id]/page.tsx [Server Component] @ http://localhost:3000/_next/static/chunks/node_modules_next_dist_0u_w_5s._.js:1945
[ 1169662ms] [ERROR] ./src/app/problem-sets/[id]/page.tsx:457:20
Unterminated regexp literal
  455 |                       GitHub에서 보기 →
  456 |                     </a>
> 457 |                   </div>
      |                    ^^^^^
  458 |                 </div>
  459 |               )
  460 |             )}

Parsing ecmascript source code failed

Import traces:
  Client Component Browser:
    ./src/app/problem-sets/[id]/page.tsx [Client Component Browser]
    ./src/app/problem-sets/[id]/page.tsx [Server Component]

  Client Component SSR:
    ./src/app/problem-sets/[id]/page.tsx [Client Component SSR]
    ./src/app/problem-sets/[id]/page.tsx [Server Component] @ http://localhost:3000/_next/static/chunks/node_modules_next_dist_0u_w_5s._.js:1945
[ 1169725ms] [ERROR] ./src/app/problem-sets/[id]/page.tsx:457:20
Unterminated regexp literal
  455 |                       GitHub에서 보기 →
  456 |                     </a>
> 457 |                   </div>
      |                    ^^^^^
  458 |                 </div>
  459 |               )
  460 |             )}

Parsing ecmascript source code failed

Import traces:
  Client Component Browser:
    ./src/app/problem-sets/[id]/page.tsx [Client Component Browser]
    ./src/app/problem-sets/[id]/page.tsx [Server Component]

  Client Component SSR:
    ./src/app/problem-sets/[id]/page.tsx [Client Component SSR]
    ./src/app/problem-sets/[id]/page.tsx [Server Component] @ http://localhost:3000/_next/static/chunks/node_modules_next_dist_0u_w_5s._.js:1945
[ 1169781ms] [ERROR] ./src/app/problem-sets/[id]/page.tsx:457:20
Unterminated regexp literal
  455 |                       GitHub에서 보기 →
  456 |                     </a>
> 457 |                   </div>
      |                    ^^^^^
  458 |                 </div>
  459 |               )
  460 |             )}

Parsing ecmascript source code failed

Import traces:
  Client Component Browser:
    ./src/app/problem-sets/[id]/page.tsx [Client Component Browser]
    ./src/app/problem-sets/[id]/page.tsx [Server Component]

  Client Component SSR:
    ./src/app/problem-sets/[id]/page.tsx [Client Component SSR]
    ./src/app/problem-sets/[id]/page.tsx [Server Component] @ http://localhost:3000/_next/static/chunks/node_modules_next_dist_0u_w_5s._.js:1945
[ 1169845ms] [ERROR] ./src/app/problem-sets/[id]/page.tsx:457:20
Unterminated regexp literal
  455 |                       GitHub에서 보기 →
  456 |                     </a>
> 457 |                   </div>
      |                    ^^^^^
  458 |                 </div>
  459 |               )
  460 |             )}

Parsing ecmascript source code failed

Import traces:
  Client Component Browser:
    ./src/app/problem-sets/[id]/page.tsx [Client Component Browser]
    ./src/app/problem-sets/[id]/page.tsx [Server Component]

  Client Component SSR:
    ./src/app/problem-sets/[id]/page.tsx [Client Component SSR]
    ./src/app/problem-sets/[id]/page.tsx [Server Component] @ http://localhost:3000/_next/static/chunks/node_modules_next_dist_0u_w_5s._.js:1945
[ 1169907ms] [ERROR] ./src/app/problem-sets/[id]/page.tsx:457:20
Unterminated regexp literal
  455 |                       GitHub에서 보기 →
  456 |                     </a>
> 457 |                   </div>
      |                    ^^^^^
  458 |                 </div>
  459 |               )
  460 |             )}

Parsing ecmascript source code failed

Import traces:
  Client Component Browser:
    ./src/app/problem-sets/[id]/page.tsx [Client Component Browser]
    ./src/app/problem-sets/[id]/page.tsx [Server Component]

  Client Component SSR:
    ./src/app/problem-sets/[id]/page.tsx [Client Component SSR]
    ./src/app/problem-sets/[id]/page.tsx [Server Component] @ http://localhost:3000/_next/static/chunks/node_modules_next_dist_0u_w_5s._.js:1945
[ 1169964ms] [ERROR] ./src/app/problem-sets/[id]/page.tsx:457:20
Unterminated regexp literal
  455 |                       GitHub에서 보기 →
  456 |                     </a>
> 457 |                   </div>
      |                    ^^^^^
  458 |                 </div>
  459 |               )
  460 |             )}

Parsing ecmascript source code failed

Import traces:
  Client Component Browser:
    ./src/app/problem-sets/[id]/page.tsx [Client Component Browser]
    ./src/app/problem-sets/[id]/page.tsx [Server Component]

  Client Component SSR:
    ./src/app/problem-sets/[id]/page.tsx [Client Component SSR]
    ./src/app/problem-sets/[id]/page.tsx [Server Component] @ http://localhost:3000/_next/static/chunks/node_modules_next_dist_0u_w_5s._.js:1945
[ 1170030ms] [ERROR] ./src/app/problem-sets/[id]/page.tsx:457:20
Unterminated regexp literal
  455 |                       GitHub에서 보기 →
  456 |                     </a>
> 457 |                   </div>
      |                    ^^^^^
  458 |                 </div>
  459 |               )
  460 |             )}

Parsing ecmascript source code failed

Import traces:
  Client Component Browser:
    ./src/app/problem-sets/[id]/page.tsx [Client Component Browser]
    ./src/app/problem-sets/[id]/page.tsx [Server Component]

  Client Component SSR:
    ./src/app/problem-sets/[id]/page.tsx [Client Component SSR]
    ./src/app/problem-sets/[id]/page.tsx [Server Component] @ http://localhost:3000/_next/static/chunks/node_modules_next_dist_0u_w_5s._.js:1945
[ 1170097ms] [ERROR] ./src/app/problem-sets/[id]/page.tsx:457:20
Unterminated regexp literal
  455 |                       GitHub에서 보기 →
  456 |                     </a>
> 457 |                   </div>
      |                    ^^^^^
  458 |                 </div>
  459 |               )
  460 |             )}

Parsing ecmascript source code failed

Import traces:
  Client Component Browser:
    ./src/app/problem-sets/[id]/page.tsx [Client Component Browser]
    ./src/app/problem-sets/[id]/page.tsx [Server Component]

  Client Component SSR:
    ./src/app/problem-sets/[id]/page.tsx [Client Component SSR]
    ./src/app/problem-sets/[id]/page.tsx [Server Component] @ http://localhost:3000/_next/static/chunks/node_modules_next_dist_0u_w_5s._.js:1945
[ 1170159ms] [ERROR] ./src/app/problem-sets/[id]/page.tsx:457:20
Unterminated regexp literal
  455 |                       GitHub에서 보기 →
  456 |                     </a>
> 457 |                   </div>
      |                    ^^^^^
  458 |                 </div>
  459 |               )
  460 |             )}

Parsing ecmascript source code failed

Import traces:
  Client Component Browser:
    ./src/app/problem-sets/[id]/page.tsx [Client Component Browser]
    ./src/app/problem-sets/[id]/page.tsx [Server Component]

  Client Component SSR:
    ./src/app/problem-sets/[id]/page.tsx [Client Component SSR]
    ./src/app/problem-sets/[id]/page.tsx [Server Component] @ http://localhost:3000/_next/static/chunks/node_modules_next_dist_0u_w_5s._.js:1945
[ 1170213ms] [ERROR] ./src/app/problem-sets/[id]/page.tsx:457:20
Unterminated regexp literal
  455 |                       GitHub에서 보기 →
  456 |                     </a>
> 457 |                   </div>
      |                    ^^^^^
  458 |                 </div>
  459 |               )
  460 |             )}

Parsing ecmascript source code failed

Import traces:
  Client Component Browser:
    ./src/app/problem-sets/[id]/page.tsx [Client Component Browser]
    ./src/app/problem-sets/[id]/page.tsx [Server Component]

  Client Component SSR:
    ./src/app/problem-sets/[id]/page.tsx [Client Component SSR]
    ./src/app/problem-sets/[id]/page.tsx [Server Component] @ http://localhost:3000/_next/static/chunks/node_modules_next_dist_0u_w_5s._.js:1945
[ 1170276ms] [ERROR] ./src/app/problem-sets/[id]/page.tsx:457:20
Unterminated regexp literal
  455 |                       GitHub에서 보기 →
  456 |                     </a>
> 457 |                   </div>
      |                    ^^^^^
  458 |                 </div>
  459 |               )
  460 |             )}

Parsing ecmascript source code failed

Import traces:
  Client Component Browser:
    ./src/app/problem-sets/[id]/page.tsx [Client Component Browser]
    ./src/app/problem-sets/[id]/page.tsx [Server Component]

  Client Component SSR:
    ./src/app/problem-sets/[id]/page.tsx [Client Component SSR]
    ./src/app/problem-sets/[id]/page.tsx [Server Component] @ http://localhost:3000/_next/static/chunks/node_modules_next_dist_0u_w_5s._.js:1945
[ 1170346ms] [ERROR] ./src/app/problem-sets/[id]/page.tsx:457:20
Unterminated regexp literal
  455 |                       GitHub에서 보기 →
  456 |                     </a>
> 457 |                   </div>
      |                    ^^^^^
  458 |                 </div>
  459 |               )
  460 |             )}

Parsing ecmascript source code failed

Import traces:
  Client Component Browser:
    ./src/app/problem-sets/[id]/page.tsx [Client Component Browser]
    ./src/app/problem-sets/[id]/page.tsx [Server Component]

  Client Component SSR:
    ./src/app/problem-sets/[id]/page.tsx [Client Component SSR]
    ./src/app/problem-sets/[id]/page.tsx [Server Component] @ http://localhost:3000/_next/static/chunks/node_modules_next_dist_0u_w_5s._.js:1945
[ 1170410ms] [ERROR] ./src/app/problem-sets/[id]/page.tsx:457:20
Unterminated regexp literal
  455 |                       GitHub에서 보기 →
  456 |                     </a>
> 457 |                   </div>
      |                    ^^^^^
  458 |                 </div>
  459 |               )
  460 |             )}

Parsing ecmascript source code failed

Import traces:
  Client Component Browser:
    ./src/app/problem-sets/[id]/page.tsx [Client Component Browser]
    ./src/app/problem-sets/[id]/page.tsx [Server Component]

  Client Component SSR:
    ./src/app/problem-sets/[id]/page.tsx [Client Component SSR]
    ./src/app/problem-sets/[id]/page.tsx [Server Component] @ http://localhost:3000/_next/static/chunks/node_modules_next_dist_0u_w_5s._.js:1945
[ 1170464ms] [ERROR] ./src/app/problem-sets/[id]/page.tsx:457:20
Unterminated regexp literal
  455 |                       GitHub에서 보기 →
  456 |                     </a>
> 457 |                   </div>
      |                    ^^^^^
  458 |                 </div>
  459 |               )
  460 |             )}

Parsing ecmascript source code failed

Import traces:
  Client Component Browser:
    ./src/app/problem-sets/[id]/page.tsx [Client Component Browser]
    ./src/app/problem-sets/[id]/page.tsx [Server Component]

  Client Component SSR:
    ./src/app/problem-sets/[id]/page.tsx [Client Component SSR]
    ./src/app/problem-sets/[id]/page.tsx [Server Component] @ http://localhost:3000/_next/static/chunks/node_modules_next_dist_0u_w_5s._.js:1945
[ 1170530ms] [ERROR] ./src/app/problem-sets/[id]/page.tsx:457:20
Unterminated regexp literal
  455 |                       GitHub에서 보기 →
  456 |                     </a>
> 457 |                   </div>
      |                    ^^^^^
  458 |                 </div>
  459 |               )
  460 |             )}

Parsing ecmascript source code failed

Import traces:
  Client Component Browser:
    ./src/app/problem-sets/[id]/page.tsx [Client Component Browser]
    ./src/app/problem-sets/[id]/page.tsx [Server Component]

  Client Component SSR:
    ./src/app/problem-sets/[id]/page.tsx [Client Component SSR]
    ./src/app/problem-sets/[id]/page.tsx [Server Component] @ http://localhost:3000/_next/static/chunks/node_modules_next_dist_0u_w_5s._.js:1945
[ 1170583ms] [ERROR] ./src/app/problem-sets/[id]/page.tsx:457:20
Unterminated regexp literal
  455 |                       GitHub에서 보기 →
  456 |                     </a>
> 457 |                   </div>
      |                    ^^^^^
  458 |                 </div>
  459 |               )
  460 |             )}

Parsing ecmascript source code failed

Import traces:
  Client Component Browser:
    ./src/app/problem-sets/[id]/page.tsx [Client Component Browser]
    ./src/app/problem-sets/[id]/page.tsx [Server Component]

  Client Component SSR:
    ./src/app/problem-sets/[id]/page.tsx [Client Component SSR]
    ./src/app/problem-sets/[id]/page.tsx [Server Component] @ http://localhost:3000/_next/static/chunks/node_modules_next_dist_0u_w_5s._.js:1945
[ 1170646ms] [ERROR] ./src/app/problem-sets/[id]/page.tsx:457:20
Unterminated regexp literal
  455 |                       GitHub에서 보기 →
  456 |                     </a>
> 457 |                   </div>
      |                    ^^^^^
  458 |                 </div>
  459 |               )
  460 |             )}

Parsing ecmascript source code failed

Import traces:
  Client Component Browser:
    ./src/app/problem-sets/[id]/page.tsx [Client Component Browser]
    ./src/app/problem-sets/[id]/page.tsx [Server Component]

  Client Component SSR:
    ./src/app/problem-sets/[id]/page.tsx [Client Component SSR]
    ./src/app/problem-sets/[id]/page.tsx [Server Component] @ http://localhost:3000/_next/static/chunks/node_modules_next_dist_0u_w_5s._.js:1945
[ 1170703ms] [ERROR] ./src/app/problem-sets/[id]/page.tsx:457:20
Unterminated regexp literal
  455 |                       GitHub에서 보기 →
  456 |                     </a>
> 457 |                   </div>
      |                    ^^^^^
  458 |                 </div>
  459 |               )
  460 |             )}

Parsing ecmascript source code failed

Import traces:
  Client Component Browser:
    ./src/app/problem-sets/[id]/page.tsx [Client Component Browser]
    ./src/app/problem-sets/[id]/page.tsx [Server Component]

  Client Component SSR:
    ./src/app/problem-sets/[id]/page.tsx [Client Component SSR]
    ./src/app/problem-sets/[id]/page.tsx [Server Component] @ http://localhost:3000/_next/static/chunks/node_modules_next_dist_0u_w_5s._.js:1945
[ 1170764ms] [ERROR] ./src/app/problem-sets/[id]/page.tsx:457:20
Unterminated regexp literal
  455 |                       GitHub에서 보기 →
  456 |                     </a>
> 457 |                   </div>
      |                    ^^^^^
  458 |                 </div>
  459 |               )
  460 |             )}

Parsing ecmascript source code failed

Import traces:
  Client Component Browser:
    ./src/app/problem-sets/[id]/page.tsx [Client Component Browser]
    ./src/app/problem-sets/[id]/page.tsx [Server Component]

  Client Component SSR:
    ./src/app/problem-sets/[id]/page.tsx [Client Component SSR]
    ./src/app/problem-sets/[id]/page.tsx [Server Component] @ http://localhost:3000/_next/static/chunks/node_modules_next_dist_0u_w_5s._.js:1945
[ 1170825ms] [ERROR] ./src/app/problem-sets/[id]/page.tsx:457:20
Unterminated regexp literal
  455 |                       GitHub에서 보기 →
  456 |                     </a>
> 457 |                   </div>
      |                    ^^^^^
  458 |                 </div>
  459 |               )
  460 |             )}

Parsing ecmascript source code failed

Import traces:
  Client Component Browser:
    ./src/app/problem-sets/[id]/page.tsx [Client Component Browser]
    ./src/app/problem-sets/[id]/page.tsx [Server Component]

  Client Component SSR:
    ./src/app/problem-sets/[id]/page.tsx [Client Component SSR]
    ./src/app/problem-sets/[id]/page.tsx [Server Component] @ http://localhost:3000/_next/static/chunks/node_modules_next_dist_0u_w_5s._.js:1945
[ 1170881ms] [ERROR] ./src/app/problem-sets/[id]/page.tsx:457:20
Unterminated regexp literal
  455 |                       GitHub에서 보기 →
  456 |                     </a>
> 457 |                   </div>
      |                    ^^^^^
  458 |                 </div>
  459 |               )
  460 |             )}

Parsing ecmascript source code failed

Import traces:
  Client Component Browser:
    ./src/app/problem-sets/[id]/page.tsx [Client Component Browser]
    ./src/app/problem-sets/[id]/page.tsx [Server Component]

  Client Component SSR:
    ./src/app/problem-sets/[id]/page.tsx [Client Component SSR]
    ./src/app/problem-sets/[id]/page.tsx [Server Component] @ http://localhost:3000/_next/static/chunks/node_modules_next_dist_0u_w_5s._.js:1945
[ 1170945ms] [ERROR] ./src/app/problem-sets/[id]/page.tsx:457:20
Unterminated regexp literal
  455 |                       GitHub에서 보기 →
  456 |                     </a>
> 457 |                   </div>
      |                    ^^^^^
  458 |                 </div>
  459 |               )
  460 |             )}

Parsing ecmascript source code failed

Import traces:
  Client Component Browser:
    ./src/app/problem-sets/[id]/page.tsx [Client Component Browser]
    ./src/app/problem-sets/[id]/page.tsx [Server Component]

  Client Component SSR:
    ./src/app/problem-sets/[id]/page.tsx [Client Component SSR]
    ./src/app/problem-sets/[id]/page.tsx [Server Component] @ http://localhost:3000/_next/static/chunks/node_modules_next_dist_0u_w_5s._.js:1945
[ 1171012ms] [ERROR] ./src/app/problem-sets/[id]/page.tsx:457:20
Unterminated regexp literal
  455 |                       GitHub에서 보기 →
  456 |                     </a>
> 457 |                   </div>
      |                    ^^^^^
  458 |                 </div>
  459 |               )
  460 |             )}

Parsing ecmascript source code failed

Import traces:
  Client Component Browser:
    ./src/app/problem-sets/[id]/page.tsx [Client Component Browser]
    ./src/app/problem-sets/[id]/page.tsx [Server Component]

  Client Component SSR:
    ./src/app/problem-sets/[id]/page.tsx [Client Component SSR]
    ./src/app/problem-sets/[id]/page.tsx [Server Component] @ http://localhost:3000/_next/static/chunks/node_modules_next_dist_0u_w_5s._.js:1945
[ 1171079ms] [ERROR] ./src/app/problem-sets/[id]/page.tsx:457:20
Unterminated regexp literal
  455 |                       GitHub에서 보기 →
  456 |                     </a>
> 457 |                   </div>
      |                    ^^^^^
  458 |                 </div>
  459 |               )
  460 |             )}

Parsing ecmascript source code failed

Import traces:
  Client Component Browser:
    ./src/app/problem-sets/[id]/page.tsx [Client Component Browser]
    ./src/app/problem-sets/[id]/page.tsx [Server Component]

  Client Component SSR:
    ./src/app/problem-sets/[id]/page.tsx [Client Component SSR]
    ./src/app/problem-sets/[id]/page.tsx [Server Component] @ http://localhost:3000/_next/static/chunks/node_modules_next_dist_0u_w_5s._.js:1945
[ 1171147ms] [ERROR] ./src/app/problem-sets/[id]/page.tsx:457:20
Unterminated regexp literal
  455 |                       GitHub에서 보기 →
  456 |                     </a>
> 457 |                   </div>
      |                    ^^^^^
  458 |                 </div>
  459 |               )
  460 |             )}

Parsing ecmascript source code failed

Import traces:
  Client Component Browser:
    ./src/app/problem-sets/[id]/page.tsx [Client Component Browser]
    ./src/app/problem-sets/[id]/page.tsx [Server Component]

  Client Component SSR:
    ./src/app/problem-sets/[id]/page.tsx [Client Component SSR]
    ./src/app/problem-sets/[id]/page.tsx [Server Component] @ http://localhost:3000/_next/static/chunks/node_modules_next_dist_0u_w_5s._.js:1945
[ 1171208ms] [ERROR] ./src/app/problem-sets/[id]/page.tsx:457:20
Unterminated regexp literal
  455 |                       GitHub에서 보기 →
  456 |                     </a>
> 457 |                   </div>
      |                    ^^^^^
  458 |                 </div>
  459 |               )
  460 |             )}

Parsing ecmascript source code failed

Import traces:
  Client Component Browser:
    ./src/app/problem-sets/[id]/page.tsx [Client Component Browser]
    ./src/app/problem-sets/[id]/page.tsx [Server Component]

  Client Component SSR:
    ./src/app/problem-sets/[id]/page.tsx [Client Component SSR]
    ./src/app/problem-sets/[id]/page.tsx [Server Component] @ http://localhost:3000/_next/static/chunks/node_modules_next_dist_0u_w_5s._.js:1945
[ 1171272ms] [ERROR] ./src/app/problem-sets/[id]/page.tsx:457:20
Unterminated regexp literal
  455 |                       GitHub에서 보기 →
  456 |                     </a>
> 457 |                   </div>
      |                    ^^^^^
  458 |                 </div>
  459 |               )
  460 |             )}

Parsing ecmascript source code failed

Import traces:
  Client Component Browser:
    ./src/app/problem-sets/[id]/page.tsx [Client Component Browser]
    ./src/app/problem-sets/[id]/page.tsx [Server Component]

  Client Component SSR:
    ./src/app/problem-sets/[id]/page.tsx [Client Component SSR]
    ./src/app/problem-sets/[id]/page.tsx [Server Component] @ http://localhost:3000/_next/static/chunks/node_modules_next_dist_0u_w_5s._.js:1945
[ 1171333ms] [ERROR] ./src/app/problem-sets/[id]/page.tsx:457:20
Unterminated regexp literal
  455 |                       GitHub에서 보기 →
  456 |                     </a>
> 457 |                   </div>
      |                    ^^^^^
  458 |                 </div>
  459 |               )
  460 |             )}

Parsing ecmascript source code failed

Import traces:
  Client Component Browser:
    ./src/app/problem-sets/[id]/page.tsx [Client Component Browser]
    ./src/app/problem-sets/[id]/page.tsx [Server Component]

  Client Component SSR:
    ./src/app/problem-sets/[id]/page.tsx [Client Component SSR]
    ./src/app/problem-sets/[id]/page.tsx [Server Component] @ http://localhost:3000/_next/static/chunks/node_modules_next_dist_0u_w_5s._.js:1945
[ 1171395ms] [ERROR] ./src/app/problem-sets/[id]/page.tsx:457:20
Unterminated regexp literal
  455 |                       GitHub에서 보기 →
  456 |                     </a>
> 457 |                   </div>
      |                    ^^^^^
  458 |                 </div>
  459 |               )
  460 |             )}

Parsing ecmascript source code failed

Import traces:
  Client Component Browser:
    ./src/app/problem-sets/[id]/page.tsx [Client Component Browser]
    ./src/app/problem-sets/[id]/page.tsx [Server Component]

  Client Component SSR:
    ./src/app/problem-sets/[id]/page.tsx [Client Component SSR]
    ./src/app/problem-sets/[id]/page.tsx [Server Component] @ http://localhost:3000/_next/static/chunks/node_modules_next_dist_0u_w_5s._.js:1945
[ 1171456ms] [ERROR] ./src/app/problem-sets/[id]/page.tsx:457:20
Unterminated regexp literal
  455 |                       GitHub에서 보기 →
  456 |                     </a>
> 457 |                   </div>
      |                    ^^^^^
  458 |                 </div>
  459 |               )
  460 |             )}

Parsing ecmascript source code failed

Import traces:
  Client Component Browser:
    ./src/app/problem-sets/[id]/page.tsx [Client Component Browser]
    ./src/app/problem-sets/[id]/page.tsx [Server Component]

  Client Component SSR:
    ./src/app/problem-sets/[id]/page.tsx [Client Component SSR]
    ./src/app/problem-sets/[id]/page.tsx [Server Component] @ http://localhost:3000/_next/static/chunks/node_modules_next_dist_0u_w_5s._.js:1945
[ 1171505ms] [ERROR] ./src/app/problem-sets/[id]/page.tsx:457:20
Unterminated regexp literal
  455 |                       GitHub에서 보기 →
  456 |                     </a>
> 457 |                   </div>
      |                    ^^^^^
  458 |                 </div>
  459 |               )
  460 |             )}

Parsing ecmascript source code failed

Import traces:
  Client Component Browser:
    ./src/app/problem-sets/[id]/page.tsx [Client Component Browser]
    ./src/app/problem-sets/[id]/page.tsx [Server Component]

  Client Component SSR:
    ./src/app/problem-sets/[id]/page.tsx [Client Component SSR]
    ./src/app/problem-sets/[id]/page.tsx [Server Component] @ http://localhost:3000/_next/static/chunks/node_modules_next_dist_0u_w_5s._.js:1945
[ 1171567ms] [ERROR] ./src/app/problem-sets/[id]/page.tsx:457:20
Unterminated regexp literal
  455 |                       GitHub에서 보기 →
  456 |                     </a>
> 457 |                   </div>
      |                    ^^^^^
  458 |                 </div>
  459 |               )
  460 |             )}

Parsing ecmascript source code failed

Import traces:
  Client Component Browser:
    ./src/app/problem-sets/[id]/page.tsx [Client Component Browser]
    ./src/app/problem-sets/[id]/page.tsx [Server Component]

  Client Component SSR:
    ./src/app/problem-sets/[id]/page.tsx [Client Component SSR]
    ./src/app/problem-sets/[id]/page.tsx [Server Component] @ http://localhost:3000/_next/static/chunks/node_modules_next_dist_0u_w_5s._.js:1945
[ 1171629ms] [ERROR] ./src/app/problem-sets/[id]/page.tsx:457:20
Unterminated regexp literal
  455 |                       GitHub에서 보기 →
  456 |                     </a>
> 457 |                   </div>
      |                    ^^^^^
  458 |                 </div>
  459 |               )
  460 |             )}

Parsing ecmascript source code failed

Import traces:
  Client Component Browser:
    ./src/app/problem-sets/[id]/page.tsx [Client Component Browser]
    ./src/app/problem-sets/[id]/page.tsx [Server Component]

  Client Component SSR:
    ./src/app/problem-sets/[id]/page.tsx [Client Component SSR]
    ./src/app/problem-sets/[id]/page.tsx [Server Component] @ http://localhost:3000/_next/static/chunks/node_modules_next_dist_0u_w_5s._.js:1945
[ 1171691ms] [ERROR] ./src/app/problem-sets/[id]/page.tsx:457:20
Unterminated regexp literal
  455 |                       GitHub에서 보기 →
  456 |                     </a>
> 457 |                   </div>
      |                    ^^^^^
  458 |                 </div>
  459 |               )
  460 |             )}

Parsing ecmascript source code failed

Import traces:
  Client Component Browser:
    ./src/app/problem-sets/[id]/page.tsx [Client Component Browser]
    ./src/app/problem-sets/[id]/page.tsx [Server Component]

  Client Component SSR:
    ./src/app/problem-sets/[id]/page.tsx [Client Component SSR]
    ./src/app/problem-sets/[id]/page.tsx [Server Component] @ http://localhost:3000/_next/static/chunks/node_modules_next_dist_0u_w_5s._.js:1945
[ 1171754ms] [ERROR] ./src/app/problem-sets/[id]/page.tsx:457:20
Unterminated regexp literal
  455 |                       GitHub에서 보기 →
  456 |                     </a>
> 457 |                   </div>
      |                    ^^^^^
  458 |                 </div>
  459 |               )
  460 |             )}

Parsing ecmascript source code failed

Import traces:
  Client Component Browser:
    ./src/app/problem-sets/[id]/page.tsx [Client Component Browser]
    ./src/app/problem-sets/[id]/page.tsx [Server Component]

  Client Component SSR:
    ./src/app/problem-sets/[id]/page.tsx [Client Component SSR]
    ./src/app/problem-sets/[id]/page.tsx [Server Component] @ http://localhost:3000/_next/static/chunks/node_modules_next_dist_0u_w_5s._.js:1945
[ 1171807ms] [ERROR] ./src/app/problem-sets/[id]/page.tsx:457:20
Unterminated regexp literal
  455 |                       GitHub에서 보기 →
  456 |                     </a>
> 457 |                   </div>
      |                    ^^^^^
  458 |                 </div>
  459 |               )
  460 |             )}

Parsing ecmascript source code failed

Import traces:
  Client Component Browser:
    ./src/app/problem-sets/[id]/page.tsx [Client Component Browser]
    ./src/app/problem-sets/[id]/page.tsx [Server Component]

  Client Component SSR:
    ./src/app/problem-sets/[id]/page.tsx [Client Component SSR]
    ./src/app/problem-sets/[id]/page.tsx [Server Component] @ http://localhost:3000/_next/static/chunks/node_modules_next_dist_0u_w_5s._.js:1945
[ 1171864ms] [ERROR] ./src/app/problem-sets/[id]/page.tsx:457:20
Unterminated regexp literal
  455 |                       GitHub에서 보기 →
  456 |                     </a>
> 457 |                   </div>
      |                    ^^^^^
  458 |                 </div>
  459 |               )
  460 |             )}

Parsing ecmascript source code failed

Import traces:
  Client Component Browser:
    ./src/app/problem-sets/[id]/page.tsx [Client Component Browser]
    ./src/app/problem-sets/[id]/page.tsx [Server Component]

  Client Component SSR:
    ./src/app/problem-sets/[id]/page.tsx [Client Component SSR]
    ./src/app/problem-sets/[id]/page.tsx [Server Component] @ http://localhost:3000/_next/static/chunks/node_modules_next_dist_0u_w_5s._.js:1945
[ 1171933ms] [ERROR] ./src/app/problem-sets/[id]/page.tsx:457:20
Unterminated regexp literal
  455 |                       GitHub에서 보기 →
  456 |                     </a>
> 457 |                   </div>
      |                    ^^^^^
  458 |                 </div>
  459 |               )
  460 |             )}

Parsing ecmascript source code failed

Import traces:
  Client Component Browser:
    ./src/app/problem-sets/[id]/page.tsx [Client Component Browser]
    ./src/app/problem-sets/[id]/page.tsx [Server Component]

  Client Component SSR:
    ./src/app/problem-sets/[id]/page.tsx [Client Component SSR]
    ./src/app/problem-sets/[id]/page.tsx [Server Component] @ http://localhost:3000/_next/static/chunks/node_modules_next_dist_0u_w_5s._.js:1945
[ 1171995ms] [ERROR] ./src/app/problem-sets/[id]/page.tsx:457:20
Unterminated regexp literal
  455 |                       GitHub에서 보기 →
  456 |                     </a>
> 457 |                   </div>
      |                    ^^^^^
  458 |                 </div>
  459 |               )
  460 |             )}

Parsing ecmascript source code failed

Import traces:
  Client Component Browser:
    ./src/app/problem-sets/[id]/page.tsx [Client Component Browser]
    ./src/app/problem-sets/[id]/page.tsx [Server Component]

  Client Component SSR:
    ./src/app/problem-sets/[id]/page.tsx [Client Component SSR]
    ./src/app/problem-sets/[id]/page.tsx [Server Component] @ http://localhost:3000/_next/static/chunks/node_modules_next_dist_0u_w_5s._.js:1945
[ 1172057ms] [ERROR] ./src/app/problem-sets/[id]/page.tsx:457:20
Unterminated regexp literal
  455 |                       GitHub에서 보기 →
  456 |                     </a>
> 457 |                   </div>
      |                    ^^^^^
  458 |                 </div>
  459 |               )
  460 |             )}

Parsing ecmascript source code failed

Import traces:
  Client Component Browser:
    ./src/app/problem-sets/[id]/page.tsx [Client Component Browser]
    ./src/app/problem-sets/[id]/page.tsx [Server Component]

  Client Component SSR:
    ./src/app/problem-sets/[id]/page.tsx [Client Component SSR]
    ./src/app/problem-sets/[id]/page.tsx [Server Component] @ http://localhost:3000/_next/static/chunks/node_modules_next_dist_0u_w_5s._.js:1945
[ 1172124ms] [ERROR] ./src/app/problem-sets/[id]/page.tsx:457:20
Unterminated regexp literal
  455 |                       GitHub에서 보기 →
  456 |                     </a>
> 457 |                   </div>
      |                    ^^^^^
  458 |                 </div>
  459 |               )
  460 |             )}

Parsing ecmascript source code failed

Import traces:
  Client Component Browser:
    ./src/app/problem-sets/[id]/page.tsx [Client Component Browser]
    ./src/app/problem-sets/[id]/page.tsx [Server Component]

  Client Component SSR:
    ./src/app/problem-sets/[id]/page.tsx [Client Component SSR]
    ./src/app/problem-sets/[id]/page.tsx [Server Component] @ http://localhost:3000/_next/static/chunks/node_modules_next_dist_0u_w_5s._.js:1945
[ 1172179ms] [ERROR] ./src/app/problem-sets/[id]/page.tsx:457:20
Unterminated regexp literal
  455 |                       GitHub에서 보기 →
  456 |                     </a>
> 457 |                   </div>
      |                    ^^^^^
  458 |                 </div>
  459 |               )
  460 |             )}

Parsing ecmascript source code failed

Import traces:
  Client Component Browser:
    ./src/app/problem-sets/[id]/page.tsx [Client Component Browser]
    ./src/app/problem-sets/[id]/page.tsx [Server Component]

  Client Component SSR:
    ./src/app/problem-sets/[id]/page.tsx [Client Component SSR]
    ./src/app/problem-sets/[id]/page.tsx [Server Component] @ http://localhost:3000/_next/static/chunks/node_modules_next_dist_0u_w_5s._.js:1945
[ 1172238ms] [LOG] [Fast Refresh] rebuilding @ http://localhost:3000/_next/static/chunks/node_modules_next_dist_0u_w_5s._.js:1226
[ 1172608ms] [LOG] [Fast Refresh] done in 425ms @ http://localhost:3000/_next/static/chunks/node_modules_next_dist_0u_w_5s._.js:1226
[ 1172746ms] [LOG] [Fast Refresh] rebuilding @ http://localhost:3000/_next/static/chunks/node_modules_next_dist_0u_w_5s._.js:1226
[ 1172803ms] [LOG] [Fast Refresh] done in 162ms @ http://localhost:3000/_next/static/chunks/node_modules_next_dist_0u_w_5s._.js:1226
[ 1172928ms] [LOG] [Fast Refresh] rebuilding @ http://localhost:3000/_next/static/chunks/node_modules_next_dist_0u_w_5s._.js:1226
[ 1172960ms] [LOG] [Fast Refresh] done in 138ms @ http://localhost:3000/_next/static/chunks/node_modules_next_dist_0u_w_5s._.js:1226
[ 1173108ms] [INFO] %cDownload the React DevTools for a better development experience: https://react.dev/link/react-devtools font-weight:bold @ http://localhost:3000/_next/static/chunks/node_modules_next_dist_115brz8._.js:2477
[ 1173138ms] [LOG] [HMR] connected @ http://localhost:3000/_next/static/chunks/node_modules_next_dist_115brz8._.js:2477
[ 1173237ms] Error: Hydration failed because the server rendered text didn't match the client. As a result this tree will be regenerated on the client. This can happen if a SSR-ed Client Component used:

- A server/client branch `if (typeof window !== 'undefined')`.
- Variable input such as `Date.now()` or `Math.random()` which changes each time it's called.
- Date formatting in a user's locale which doesn't match the server.
- External changing data without sending a snapshot of it along with the HTML.
- Invalid HTML tag nesting.

It can also happen if the client has a browser extension installed which messes with the HTML before React loaded.

https://react.dev/link/hydration-mismatch

  ...
    <RedirectBoundary>
      <RedirectErrorBoundary router={{...}}>
        <InnerLayoutRouter url="/problem-s..." tree={[...]} params={{id:"hono-i..."}} cacheNode={{rsc:{...}, ...}} ...>
          <SegmentViewNode type="page" pagePath="problem-se...">
            <SegmentTrieNode>
            <ClientPageRoot Component={function ProblemSetResultPage} serverProvidedParams={{...}}>
              <ProblemSetResultPage params={Promise} searchParams={Promise}>
                <div className="min-h-scre...">
                  <SiteHeader>
                  <main className="flex-grow">
                    <div className="border-b b...">
                      <div className="max-w-[124...">
                        <div className="flex flex-...">
                          <div className="flex-shrin...">
                            <p>
                            <div className="flex items...">
                              <span
+                               className="text-7xl font-extrabold tabular-nums text-emerald-600"
-                               className="text-7xl font-extrabold tabular-nums text-rose-500"
                              >
+                               100
-                               0
                              ...
                            ...
                          ...
                    ...
                  ...
          ...
        ...

    at throwOnHydrationMismatch (http://localhost:3000/_next/static/chunks/node_modules_next_dist_compiled_react-dom_058-ah~._.js:3318:56)
    at prepareToHydrateHostInstance (http://localhost:3000/_next/static/chunks/node_modules_next_dist_compiled_react-dom_058-ah~._.js:3372:23)
    at completeWork (http://localhost:3000/_next/static/chunks/node_modules_next_dist_compiled_react-dom_058-ah~._.js:6922:60)
    at runWithFiberInDEV (http://localhost:3000/_next/static/chunks/node_modules_next_dist_compiled_react-dom_058-ah~._.js:965:74)
    at completeUnitOfWork (http://localhost:3000/_next/static/chunks/node_modules_next_dist_compiled_react-dom_058-ah~._.js:9622:23)
    at performUnitOfWork (http://localhost:3000/_next/static/chunks/node_modules_next_dist_compiled_react-dom_058-ah~._.js:9557:28)
    at workLoopConcurrentByScheduler (http://localhost:3000/_next/static/chunks/node_modules_next_dist_compiled_react-dom_058-ah~._.js:9551:58)
    at renderRootConcurrent (http://localhost:3000/_next/static/chunks/node_modules_next_dist_compiled_react-dom_058-ah~._.js:9534:71)
    at performWorkOnRoot (http://localhost:3000/_next/static/chunks/node_modules_next_dist_compiled_react-dom_058-ah~._.js:9061:150)
    at performWorkOnRootViaSchedulerTask (http://localhost:3000/_next/static/chunks/node_modules_next_dist_compiled_react-dom_058-ah~._.js:10255:9)
    at MessagePort.performWorkUntilDeadline (http://localhost:3000/_next/static/chunks/node_modules_next_dist_compiled_0rpq4pf._.js:2647:64)
[ 1703786ms] [LOG] [Fast Refresh] rebuilding @ http://localhost:3000/_next/static/chunks/node_modules_next_dist_115brz8._.js:2477
[ 1703953ms] [LOG] [Fast Refresh] done in 269ms @ http://localhost:3000/_next/static/chunks/node_modules_next_dist_115brz8._.js:2477
[ 1720502ms] [LOG] [Fast Refresh] rebuilding @ http://localhost:3000/_next/static/chunks/node_modules_next_dist_115brz8._.js:2477
[ 1720510ms] [LOG] [Fast Refresh] done in 79ms @ http://localhost:3000/_next/static/chunks/node_modules_next_dist_115brz8._.js:2477
[ 1723382ms] [LOG] [Fast Refresh] rebuilding @ http://localhost:3000/_next/static/chunks/node_modules_next_dist_115brz8._.js:2477
[ 1723389ms] [LOG] [Fast Refresh] done in 75ms @ http://localhost:3000/_next/static/chunks/node_modules_next_dist_115brz8._.js:2477
[ 1723504ms] [LOG] [Fast Refresh] rebuilding @ http://localhost:3000/_next/static/chunks/node_modules_next_dist_115brz8._.js:2477
[ 1723535ms] [LOG] [Fast Refresh] done in 143ms @ http://localhost:3000/_next/static/chunks/node_modules_next_dist_115brz8._.js:2477
[ 1728628ms] [LOG] [Fast Refresh] rebuilding @ http://localhost:3000/_next/static/chunks/node_modules_next_dist_115brz8._.js:2477
[ 1728632ms] [LOG] [Fast Refresh] done in 67ms @ http://localhost:3000/_next/static/chunks/node_modules_next_dist_115brz8._.js:2477
[ 1728748ms] [LOG] [Fast Refresh] rebuilding @ http://localhost:3000/_next/static/chunks/node_modules_next_dist_115brz8._.js:2477
[ 1728786ms] [LOG] [Fast Refresh] done in 151ms @ http://localhost:3000/_next/static/chunks/node_modules_next_dist_115brz8._.js:2477
[ 1739273ms] [LOG] [Fast Refresh] rebuilding @ http://localhost:3000/_next/static/chunks/node_modules_next_dist_115brz8._.js:2477
[ 1739361ms] [LOG] [Fast Refresh] done in 72ms @ http://localhost:3000/_next/static/chunks/node_modules_next_dist_115brz8._.js:2477
[ 1739470ms] [LOG] [Fast Refresh] rebuilding @ http://localhost:3000/_next/static/chunks/node_modules_next_dist_115brz8._.js:2477
[ 1739471ms] [LOG] [Fast Refresh] done in 108ms @ http://localhost:3000/_next/static/chunks/node_modules_next_dist_115brz8._.js:2477
[ 1746720ms] [LOG] [Fast Refresh] rebuilding @ http://localhost:3000/_next/static/chunks/node_modules_next_dist_115brz8._.js:2477
[ 1746831ms] [LOG] [Fast Refresh] done in 125ms @ http://localhost:3000/_next/static/chunks/node_modules_next_dist_115brz8._.js:2477
[ 1746951ms] [LOG] [Fast Refresh] rebuilding @ http://localhost:3000/_next/static/chunks/node_modules_next_dist_115brz8._.js:2477
[ 1746980ms] [LOG] [Fast Refresh] done in 137ms @ http://localhost:3000/_next/static/chunks/node_modules_next_dist_115brz8._.js:2477
[ 1758685ms] [LOG] [Fast Refresh] rebuilding @ http://localhost:3000/_next/static/chunks/node_modules_next_dist_115brz8._.js:2477
[ 1758786ms] [LOG] [Fast Refresh] done in 116ms @ http://localhost:3000/_next/static/chunks/node_modules_next_dist_115brz8._.js:2477
[ 1794103ms] [LOG] [HMR] connected @ http://localhost:3000/_next/static/chunks/node_modules_next_dist_115brz8._.js:2477
[ 1795242ms] [INFO] %cDownload the React DevTools for a better development experience: https://react.dev/link/react-devtools font-weight:bold @ http://localhost:3000/_next/static/chunks/node_modules_next_dist_115brz8._.js:2477
[ 1795264ms] [LOG] [HMR] connected @ http://localhost:3000/_next/static/chunks/node_modules_next_dist_115brz8._.js:2477
[ 1795316ms] Error: Hydration failed because the server rendered text didn't match the client. As a result this tree will be regenerated on the client. This can happen if a SSR-ed Client Component used:

- A server/client branch `if (typeof window !== 'undefined')`.
- Variable input such as `Date.now()` or `Math.random()` which changes each time it's called.
- Date formatting in a user's locale which doesn't match the server.
- External changing data without sending a snapshot of it along with the HTML.
- Invalid HTML tag nesting.

It can also happen if the client has a browser extension installed which messes with the HTML before React loaded.

https://react.dev/link/hydration-mismatch

  ...
    <RedirectBoundary>
      <RedirectErrorBoundary router={{...}}>
        <InnerLayoutRouter url="/problem-s..." tree={[...]} params={{id:"hono-i..."}} cacheNode={{rsc:{...}, ...}} ...>
          <SegmentViewNode type="page" pagePath="problem-se...">
            <SegmentTrieNode>
            <ClientPageRoot Component={function ProblemSetResultPage} serverProvidedParams={{...}}>
              <ProblemSetResultPage params={Promise} searchParams={Promise}>
                <div className="min-h-scre...">
                  <SiteHeader>
                  <main className="flex-grow">
                    <div className="border-b b...">
                      <div className="max-w-[124...">
                        <div className="flex flex-...">
                          <div className="flex-shrin...">
                            <p>
                            <div className="flex items...">
                              <span
+                               className="text-7xl font-extrabold tabular-nums text-emerald-600"
-                               className="text-7xl font-extrabold tabular-nums text-rose-500"
                              >
+                               100
-                               0
                              ...
                            ...
                          ...
                    ...
                  ...
          ...
        ...

    at throwOnHydrationMismatch (http://localhost:3000/_next/static/chunks/node_modules_next_dist_compiled_react-dom_058-ah~._.js:3318:56)
    at prepareToHydrateHostInstance (http://localhost:3000/_next/static/chunks/node_modules_next_dist_compiled_react-dom_058-ah~._.js:3372:23)
    at completeWork (http://localhost:3000/_next/static/chunks/node_modules_next_dist_compiled_react-dom_058-ah~._.js:6922:60)
    at runWithFiberInDEV (http://localhost:3000/_next/static/chunks/node_modules_next_dist_compiled_react-dom_058-ah~._.js:965:74)
    at completeUnitOfWork (http://localhost:3000/_next/static/chunks/node_modules_next_dist_compiled_react-dom_058-ah~._.js:9622:23)
    at performUnitOfWork (http://localhost:3000/_next/static/chunks/node_modules_next_dist_compiled_react-dom_058-ah~._.js:9557:28)
    at workLoopConcurrentByScheduler (http://localhost:3000/_next/static/chunks/node_modules_next_dist_compiled_react-dom_058-ah~._.js:9551:58)
    at renderRootConcurrent (http://localhost:3000/_next/static/chunks/node_modules_next_dist_compiled_react-dom_058-ah~._.js:9534:71)
    at performWorkOnRoot (http://localhost:3000/_next/static/chunks/node_modules_next_dist_compiled_react-dom_058-ah~._.js:9061:150)
    at performWorkOnRootViaSchedulerTask (http://localhost:3000/_next/static/chunks/node_modules_next_dist_compiled_react-dom_058-ah~._.js:10255:9)
    at MessagePort.performWorkUntilDeadline (http://localhost:3000/_next/static/chunks/node_modules_next_dist_compiled_0rpq4pf._.js:2647:64)
[ 1986508ms] [LOG] [Fast Refresh] rebuilding @ http://localhost:3000/_next/static/chunks/node_modules_next_dist_115brz8._.js:2477
[ 1986509ms] [LOG] [Fast Refresh] done in 114ms @ http://localhost:3000/_next/static/chunks/node_modules_next_dist_115brz8._.js:2477
[ 2033256ms] [LOG] [Fast Refresh] rebuilding @ http://localhost:3000/_next/static/chunks/node_modules_next_dist_115brz8._.js:2477
[ 2033414ms] [ERROR] ./src/app/problem-sets/[id]/result/page.tsx:79:5
Expression expected
  77 |   }, [storedAnswers]);
  78 |       }
> 79 |     }
     |     ^
  80 |     return {};
  81 |   });
  82 |

Parsing ecmascript source code failed @ http://localhost:3000/_next/static/chunks/node_modules_next_dist_115brz8._.js:3318
[ 2033530ms] [LOG] [Fast Refresh] rebuilding @ http://localhost:3000/_next/static/chunks/node_modules_next_dist_115brz8._.js:2477
[ 2033724ms] [ERROR] ./src/app/problem-sets/[id]/result/page.tsx:79:5
Expression expected
  77 |   }, [storedAnswers]);
  78 |       }
> 79 |     }
     |     ^
  80 |     return {};
  81 |   });
  82 |

Parsing ecmascript source code failed @ http://localhost:3000/_next/static/chunks/node_modules_next_dist_115brz8._.js:3318
[ 2033726ms] [ERROR] ./src/app/problem-sets/[id]/result/page.tsx:79:5
Expression expected
  77 |   }, [storedAnswers]);
  78 |       }
> 79 |     }
     |     ^
  80 |     return {};
  81 |   });
  82 |

Parsing ecmascript source code failed @ http://localhost:3000/_next/static/chunks/node_modules_next_dist_115brz8._.js:3318
[ 2033726ms] [ERROR] ./src/app/problem-sets/[id]/result/page.tsx:79:5
Expression expected
  77 |   }, [storedAnswers]);
  78 |       }
> 79 |     }
     |     ^
  80 |     return {};
  81 |   });
  82 |

Parsing ecmascript source code failed @ http://localhost:3000/_next/static/chunks/node_modules_next_dist_115brz8._.js:3318
[ 2033763ms] [ERROR] Failed to load resource: the server responded with a status of 500 (Internal Server Error) @ http://localhost:3000/problem-sets/hono-ipv6-string-formatting/result?_rsc=UWPcgsQIcm0KdCqE:0
[ 2033840ms] [LOG] [Fast Refresh] rebuilding @ http://localhost:3000/_next/static/chunks/node_modules_next_dist_115brz8._.js:2477
[ 2033880ms] [ERROR] Failed to load resource: the server responded with a status of 500 (Internal Server Error) @ http://localhost:3000/problem-sets/hono-ipv6-string-formatting/result?_rsc=UWPcgsQIcm0KdCqE:0
[ 2033888ms] [ERROR] Failed to load resource: the server responded with a status of 500 (Internal Server Error) @ http://localhost:3000/problem-sets/hono-ipv6-string-formatting/result:0
[ 2033958ms] [INFO] %cDownload the React DevTools for a better development experience: https://react.dev/link/react-devtools font-weight:bold @ http://localhost:3000/_next/static/chunks/node_modules_react-dom_0bruynb._.js:15305
[ 2033970ms] Error: ./src/app/problem-sets/[id]/result/page.tsx:79:5
Expression expected
  77 |   }, [storedAnswers]);
  78 |       }
> 79 |     }
     |     ^
  80 |     return {};
  81 |   });
  82 |

Parsing ecmascript source code failed


    at <unknown> (Error: ./src/app/problem-sets/[id]/result/page.tsx:79:5)
    at Object.getCompilationErrors (file://C:\Users\이젠\Downloads\Proov\node_modules\next\dist\server\dev\hot-reloader-turbopack.js:1186:59)
    at DevBundlerService.getCompilationError (file://C:\Users\이젠\Downloads\Proov\node_modules\next\dist\server\lib\dev-bundler-service.js:44:55)
    at DevServer.getCompilationError (file://C:\Users\이젠\Downloads\Proov\node_modules\next\dist\server\dev\next-dev-server.js:720:42)
    at DevServer.findPageComponents (file://C:\Users\이젠\Downloads\Proov\node_modules\next\dist\server\dev\next-dev-server.js:690:43)
    at async DevServer.renderErrorToResponseImpl (file://C:\Users\이젠\Downloads\Proov\node_modules\next\dist\server\base-server.js:1753:26)
[ 2033973ms] [LOG] [HMR] connected @ http://localhost:3000/_next/static/chunks/node_modules_next_dist_0u_w_5s._.js:1226
[ 2033977ms] [ERROR] ./src/app/problem-sets/[id]/result/page.tsx:79:5
Expression expected
  77 |   }, [storedAnswers]);
  78 |       }
> 79 |     }
     |     ^
  80 |     return {};
  81 |   });
  82 |

Parsing ecmascript source code failed @ http://localhost:3000/_next/static/chunks/node_modules_next_dist_0u_w_5s._.js:1945
[ 2034037ms] [ERROR] ./src/app/problem-sets/[id]/result/page.tsx:79:5
Expression expected
  77 |   }, [storedAnswers]);
  78 |       }
> 79 |     }
     |     ^
  80 |     return {};
  81 |   });
  82 |

Parsing ecmascript source code failed @ http://localhost:3000/_next/static/chunks/node_modules_next_dist_0u_w_5s._.js:1945
[ 2034100ms] [ERROR] ./src/app/problem-sets/[id]/result/page.tsx:79:5
Expression expected
  77 |   }, [storedAnswers]);
  78 |       }
> 79 |     }
     |     ^
  80 |     return {};
  81 |   });
  82 |

Parsing ecmascript source code failed @ http://localhost:3000/_next/static/chunks/node_modules_next_dist_0u_w_5s._.js:1945
[ 2034158ms] [ERROR] ./src/app/problem-sets/[id]/result/page.tsx:79:5
Expression expected
  77 |   }, [storedAnswers]);
  78 |       }
> 79 |     }
     |     ^
  80 |     return {};
  81 |   });
  82 |

Parsing ecmascript source code failed @ http://localhost:3000/_next/static/chunks/node_modules_next_dist_0u_w_5s._.js:1945
[ 2034225ms] [ERROR] ./src/app/problem-sets/[id]/result/page.tsx:79:5
Expression expected
  77 |   }, [storedAnswers]);
  78 |       }
> 79 |     }
     |     ^
  80 |     return {};
  81 |   });
  82 |

Parsing ecmascript source code failed @ http://localhost:3000/_next/static/chunks/node_modules_next_dist_0u_w_5s._.js:1945
[ 2034285ms] [ERROR] ./src/app/problem-sets/[id]/result/page.tsx:79:5
Expression expected
  77 |   }, [storedAnswers]);
  78 |       }
> 79 |     }
     |     ^
  80 |     return {};
  81 |   });
  82 |

Parsing ecmascript source code failed @ http://localhost:3000/_next/static/chunks/node_modules_next_dist_0u_w_5s._.js:1945
[ 2034346ms] [ERROR] ./src/app/problem-sets/[id]/result/page.tsx:79:5
Expression expected
  77 |   }, [storedAnswers]);
  78 |       }
> 79 |     }
     |     ^
  80 |     return {};
  81 |   });
  82 |

Parsing ecmascript source code failed @ http://localhost:3000/_next/static/chunks/node_modules_next_dist_0u_w_5s._.js:1945
[ 2034408ms] [ERROR] ./src/app/problem-sets/[id]/result/page.tsx:79:5
Expression expected
  77 |   }, [storedAnswers]);
  78 |       }
> 79 |     }
     |     ^
  80 |     return {};
  81 |   });
  82 |

Parsing ecmascript source code failed @ http://localhost:3000/_next/static/chunks/node_modules_next_dist_0u_w_5s._.js:1945
[ 2034474ms] [ERROR] ./src/app/problem-sets/[id]/result/page.tsx:79:5
Expression expected
  77 |   }, [storedAnswers]);
  78 |       }
> 79 |     }
     |     ^
  80 |     return {};
  81 |   });
  82 |

Parsing ecmascript source code failed @ http://localhost:3000/_next/static/chunks/node_modules_next_dist_0u_w_5s._.js:1945
[ 2034535ms] [ERROR] ./src/app/problem-sets/[id]/result/page.tsx:79:5
Expression expected
  77 |   }, [storedAnswers]);
  78 |       }
> 79 |     }
     |     ^
  80 |     return {};
  81 |   });
  82 |

Parsing ecmascript source code failed @ http://localhost:3000/_next/static/chunks/node_modules_next_dist_0u_w_5s._.js:1945
[ 2034591ms] [ERROR] ./src/app/problem-sets/[id]/result/page.tsx:79:5
Expression expected
  77 |   }, [storedAnswers]);
  78 |       }
> 79 |     }
     |     ^
  80 |     return {};
  81 |   });
  82 |

Parsing ecmascript source code failed @ http://localhost:3000/_next/static/chunks/node_modules_next_dist_0u_w_5s._.js:1945
[ 2034656ms] [ERROR] ./src/app/problem-sets/[id]/result/page.tsx:79:5
Expression expected
  77 |   }, [storedAnswers]);
  78 |       }
> 79 |     }
     |     ^
  80 |     return {};
  81 |   });
  82 |

Parsing ecmascript source code failed @ http://localhost:3000/_next/static/chunks/node_modules_next_dist_0u_w_5s._.js:1945
[ 2034708ms] [ERROR] ./src/app/problem-sets/[id]/result/page.tsx:79:5
Expression expected
  77 |   }, [storedAnswers]);
  78 |       }
> 79 |     }
     |     ^
  80 |     return {};
  81 |   });
  82 |

Parsing ecmascript source code failed @ http://localhost:3000/_next/static/chunks/node_modules_next_dist_0u_w_5s._.js:1945
[ 2034778ms] [ERROR] ./src/app/problem-sets/[id]/result/page.tsx:79:5
Expression expected
  77 |   }, [storedAnswers]);
  78 |       }
> 79 |     }
     |     ^
  80 |     return {};
  81 |   });
  82 |

Parsing ecmascript source code failed @ http://localhost:3000/_next/static/chunks/node_modules_next_dist_0u_w_5s._.js:1945
[ 2034840ms] [ERROR] ./src/app/problem-sets/[id]/result/page.tsx:79:5
Expression expected
  77 |   }, [storedAnswers]);
  78 |       }
> 79 |     }
     |     ^
  80 |     return {};
  81 |   });
  82 |

Parsing ecmascript source code failed @ http://localhost:3000/_next/static/chunks/node_modules_next_dist_0u_w_5s._.js:1945
[ 2034906ms] [ERROR] ./src/app/problem-sets/[id]/result/page.tsx:79:5
Expression expected
  77 |   }, [storedAnswers]);
  78 |       }
> 79 |     }
     |     ^
  80 |     return {};
  81 |   });
  82 |

Parsing ecmascript source code failed @ http://localhost:3000/_next/static/chunks/node_modules_next_dist_0u_w_5s._.js:1945
[ 2034969ms] [ERROR] ./src/app/problem-sets/[id]/result/page.tsx:79:5
Expression expected
  77 |   }, [storedAnswers]);
  78 |       }
> 79 |     }
     |     ^
  80 |     return {};
  81 |   });
  82 |

Parsing ecmascript source code failed @ http://localhost:3000/_next/static/chunks/node_modules_next_dist_0u_w_5s._.js:1945
[ 2035024ms] [ERROR] ./src/app/problem-sets/[id]/result/page.tsx:79:5
Expression expected
  77 |   }, [storedAnswers]);
  78 |       }
> 79 |     }
     |     ^
  80 |     return {};
  81 |   });
  82 |

Parsing ecmascript source code failed @ http://localhost:3000/_next/static/chunks/node_modules_next_dist_0u_w_5s._.js:1945
[ 2035090ms] [ERROR] ./src/app/problem-sets/[id]/result/page.tsx:79:5
Expression expected
  77 |   }, [storedAnswers]);
  78 |       }
> 79 |     }
     |     ^
  80 |     return {};
  81 |   });
  82 |

Parsing ecmascript source code failed @ http://localhost:3000/_next/static/chunks/node_modules_next_dist_0u_w_5s._.js:1945
[ 2035152ms] [ERROR] ./src/app/problem-sets/[id]/result/page.tsx:79:5
Expression expected
  77 |   }, [storedAnswers]);
  78 |       }
> 79 |     }
     |     ^
  80 |     return {};
  81 |   });
  82 |

Parsing ecmascript source code failed @ http://localhost:3000/_next/static/chunks/node_modules_next_dist_0u_w_5s._.js:1945
[ 2035208ms] [ERROR] ./src/app/problem-sets/[id]/result/page.tsx:79:5
Expression expected
  77 |   }, [storedAnswers]);
  78 |       }
> 79 |     }
     |     ^
  80 |     return {};
  81 |   });
  82 |

Parsing ecmascript source code failed @ http://localhost:3000/_next/static/chunks/node_modules_next_dist_0u_w_5s._.js:1945
[ 2035274ms] [ERROR] ./src/app/problem-sets/[id]/result/page.tsx:79:5
Expression expected
  77 |   }, [storedAnswers]);
  78 |       }
> 79 |     }
     |     ^
  80 |     return {};
  81 |   });
  82 |

Parsing ecmascript source code failed @ http://localhost:3000/_next/static/chunks/node_modules_next_dist_0u_w_5s._.js:1945
[ 2035324ms] [ERROR] ./src/app/problem-sets/[id]/result/page.tsx:79:5
Expression expected
  77 |   }, [storedAnswers]);
  78 |       }
> 79 |     }
     |     ^
  80 |     return {};
  81 |   });
  82 |

Parsing ecmascript source code failed @ http://localhost:3000/_next/static/chunks/node_modules_next_dist_0u_w_5s._.js:1945
[ 2035376ms] [ERROR] ./src/app/problem-sets/[id]/result/page.tsx:79:5
Expression expected
  77 |   }, [storedAnswers]);
  78 |       }
> 79 |     }
     |     ^
  80 |     return {};
  81 |   });
  82 |

Parsing ecmascript source code failed @ http://localhost:3000/_next/static/chunks/node_modules_next_dist_0u_w_5s._.js:1945
[ 2035439ms] [ERROR] ./src/app/problem-sets/[id]/result/page.tsx:79:5
Expression expected
  77 |   }, [storedAnswers]);
  78 |       }
> 79 |     }
     |     ^
  80 |     return {};
  81 |   });
  82 |

Parsing ecmascript source code failed @ http://localhost:3000/_next/static/chunks/node_modules_next_dist_0u_w_5s._.js:1945
[ 2035491ms] [ERROR] ./src/app/problem-sets/[id]/result/page.tsx:79:5
Expression expected
  77 |   }, [storedAnswers]);
  78 |       }
> 79 |     }
     |     ^
  80 |     return {};
  81 |   });
  82 |

Parsing ecmascript source code failed @ http://localhost:3000/_next/static/chunks/node_modules_next_dist_0u_w_5s._.js:1945
[ 2035557ms] [ERROR] ./src/app/problem-sets/[id]/result/page.tsx:79:5
Expression expected
  77 |   }, [storedAnswers]);
  78 |       }
> 79 |     }
     |     ^
  80 |     return {};
  81 |   });
  82 |

Parsing ecmascript source code failed @ http://localhost:3000/_next/static/chunks/node_modules_next_dist_0u_w_5s._.js:1945
[ 2035619ms] [ERROR] ./src/app/problem-sets/[id]/result/page.tsx:79:5
Expression expected
  77 |   }, [storedAnswers]);
  78 |       }
> 79 |     }
     |     ^
  80 |     return {};
  81 |   });
  82 |

Parsing ecmascript source code failed @ http://localhost:3000/_next/static/chunks/node_modules_next_dist_0u_w_5s._.js:1945
[ 2035674ms] [ERROR] ./src/app/problem-sets/[id]/result/page.tsx:79:5
Expression expected
  77 |   }, [storedAnswers]);
  78 |       }
> 79 |     }
     |     ^
  80 |     return {};
  81 |   });
  82 |

Parsing ecmascript source code failed @ http://localhost:3000/_next/static/chunks/node_modules_next_dist_0u_w_5s._.js:1945
[ 2035740ms] [ERROR] ./src/app/problem-sets/[id]/result/page.tsx:79:5
Expression expected
  77 |   }, [storedAnswers]);
  78 |       }
> 79 |     }
     |     ^
  80 |     return {};
  81 |   });
  82 |

Parsing ecmascript source code failed @ http://localhost:3000/_next/static/chunks/node_modules_next_dist_0u_w_5s._.js:1945
[ 2035807ms] [ERROR] ./src/app/problem-sets/[id]/result/page.tsx:79:5
Expression expected
  77 |   }, [storedAnswers]);
  78 |       }
> 79 |     }
     |     ^
  80 |     return {};
  81 |   });
  82 |

Parsing ecmascript source code failed @ http://localhost:3000/_next/static/chunks/node_modules_next_dist_0u_w_5s._.js:1945
[ 2035857ms] [ERROR] ./src/app/problem-sets/[id]/result/page.tsx:79:5
Expression expected
  77 |   }, [storedAnswers]);
  78 |       }
> 79 |     }
     |     ^
  80 |     return {};
  81 |   });
  82 |

Parsing ecmascript source code failed @ http://localhost:3000/_next/static/chunks/node_modules_next_dist_0u_w_5s._.js:1945
[ 2035923ms] [ERROR] ./src/app/problem-sets/[id]/result/page.tsx:79:5
Expression expected
  77 |   }, [storedAnswers]);
  78 |       }
> 79 |     }
     |     ^
  80 |     return {};
  81 |   });
  82 |

Parsing ecmascript source code failed @ http://localhost:3000/_next/static/chunks/node_modules_next_dist_0u_w_5s._.js:1945
[ 2035991ms] [ERROR] ./src/app/problem-sets/[id]/result/page.tsx:79:5
Expression expected
  77 |   }, [storedAnswers]);
  78 |       }
> 79 |     }
     |     ^
  80 |     return {};
  81 |   });
  82 |

Parsing ecmascript source code failed @ http://localhost:3000/_next/static/chunks/node_modules_next_dist_0u_w_5s._.js:1945
[ 2036052ms] [ERROR] ./src/app/problem-sets/[id]/result/page.tsx:79:5
Expression expected
  77 |   }, [storedAnswers]);
  78 |       }
> 79 |     }
     |     ^
  80 |     return {};
  81 |   });
  82 |

Parsing ecmascript source code failed @ http://localhost:3000/_next/static/chunks/node_modules_next_dist_0u_w_5s._.js:1945
[ 2036116ms] [ERROR] ./src/app/problem-sets/[id]/result/page.tsx:79:5
Expression expected
  77 |   }, [storedAnswers]);
  78 |       }
> 79 |     }
     |     ^
  80 |     return {};
  81 |   });
  82 |

Parsing ecmascript source code failed @ http://localhost:3000/_next/static/chunks/node_modules_next_dist_0u_w_5s._.js:1945
[ 2036174ms] [ERROR] ./src/app/problem-sets/[id]/result/page.tsx:79:5
Expression expected
  77 |   }, [storedAnswers]);
  78 |       }
> 79 |     }
     |     ^
  80 |     return {};
  81 |   });
  82 |

Parsing ecmascript source code failed @ http://localhost:3000/_next/static/chunks/node_modules_next_dist_0u_w_5s._.js:1945
[ 2036240ms] [ERROR] ./src/app/problem-sets/[id]/result/page.tsx:79:5
Expression expected
  77 |   }, [storedAnswers]);
  78 |       }
> 79 |     }
     |     ^
  80 |     return {};
  81 |   });
  82 |

Parsing ecmascript source code failed @ http://localhost:3000/_next/static/chunks/node_modules_next_dist_0u_w_5s._.js:1945
[ 2036290ms] [ERROR] ./src/app/problem-sets/[id]/result/page.tsx:79:5
Expression expected
  77 |   }, [storedAnswers]);
  78 |       }
> 79 |     }
     |     ^
  80 |     return {};
  81 |   });
  82 |

Parsing ecmascript source code failed @ http://localhost:3000/_next/static/chunks/node_modules_next_dist_0u_w_5s._.js:1945
[ 2036357ms] [ERROR] ./src/app/problem-sets/[id]/result/page.tsx:79:5
Expression expected
  77 |   }, [storedAnswers]);
  78 |       }
> 79 |     }
     |     ^
  80 |     return {};
  81 |   });
  82 |

Parsing ecmascript source code failed @ http://localhost:3000/_next/static/chunks/node_modules_next_dist_0u_w_5s._.js:1945
[ 2036423ms] [ERROR] ./src/app/problem-sets/[id]/result/page.tsx:79:5
Expression expected
  77 |   }, [storedAnswers]);
  78 |       }
> 79 |     }
     |     ^
  80 |     return {};
  81 |   });
  82 |

Parsing ecmascript source code failed @ http://localhost:3000/_next/static/chunks/node_modules_next_dist_0u_w_5s._.js:1945
[ 2036490ms] [ERROR] ./src/app/problem-sets/[id]/result/page.tsx:79:5
Expression expected
  77 |   }, [storedAnswers]);
  78 |       }
> 79 |     }
     |     ^
  80 |     return {};
  81 |   });
  82 |

Parsing ecmascript source code failed @ http://localhost:3000/_next/static/chunks/node_modules_next_dist_0u_w_5s._.js:1945
[ 2036555ms] [ERROR] ./src/app/problem-sets/[id]/result/page.tsx:79:5
Expression expected
  77 |   }, [storedAnswers]);
  78 |       }
> 79 |     }
     |     ^
  80 |     return {};
  81 |   });
  82 |

Parsing ecmascript source code failed @ http://localhost:3000/_next/static/chunks/node_modules_next_dist_0u_w_5s._.js:1945
[ 2036608ms] [ERROR] ./src/app/problem-sets/[id]/result/page.tsx:79:5
Expression expected
  77 |   }, [storedAnswers]);
  78 |       }
> 79 |     }
     |     ^
  80 |     return {};
  81 |   });
  82 |

Parsing ecmascript source code failed @ http://localhost:3000/_next/static/chunks/node_modules_next_dist_0u_w_5s._.js:1945
[ 2036672ms] [ERROR] ./src/app/problem-sets/[id]/result/page.tsx:79:5
Expression expected
  77 |   }, [storedAnswers]);
  78 |       }
> 79 |     }
     |     ^
  80 |     return {};
  81 |   });
  82 |

Parsing ecmascript source code failed @ http://localhost:3000/_next/static/chunks/node_modules_next_dist_0u_w_5s._.js:1945
[ 2036724ms] [ERROR] ./src/app/problem-sets/[id]/result/page.tsx:79:5
Expression expected
  77 |   }, [storedAnswers]);
  78 |       }
> 79 |     }
     |     ^
  80 |     return {};
  81 |   });
  82 |

Parsing ecmascript source code failed @ http://localhost:3000/_next/static/chunks/node_modules_next_dist_0u_w_5s._.js:1945
[ 2036790ms] [ERROR] ./src/app/problem-sets/[id]/result/page.tsx:79:5
Expression expected
  77 |   }, [storedAnswers]);
  78 |       }
> 79 |     }
     |     ^
  80 |     return {};
  81 |   });
  82 |

Parsing ecmascript source code failed @ http://localhost:3000/_next/static/chunks/node_modules_next_dist_0u_w_5s._.js:1945
[ 2036851ms] [ERROR] ./src/app/problem-sets/[id]/result/page.tsx:79:5
Expression expected
  77 |   }, [storedAnswers]);
  78 |       }
> 79 |     }
     |     ^
  80 |     return {};
  81 |   });
  82 |

Parsing ecmascript source code failed @ http://localhost:3000/_next/static/chunks/node_modules_next_dist_0u_w_5s._.js:1945
[ 2036913ms] [ERROR] ./src/app/problem-sets/[id]/result/page.tsx:79:5
Expression expected
  77 |   }, [storedAnswers]);
  78 |       }
> 79 |     }
     |     ^
  80 |     return {};
  81 |   });
  82 |

Parsing ecmascript source code failed @ http://localhost:3000/_next/static/chunks/node_modules_next_dist_0u_w_5s._.js:1945
[ 2036975ms] [ERROR] ./src/app/problem-sets/[id]/result/page.tsx:79:5
Expression expected
  77 |   }, [storedAnswers]);
  78 |       }
> 79 |     }
     |     ^
  80 |     return {};
  81 |   });
  82 |

Parsing ecmascript source code failed @ http://localhost:3000/_next/static/chunks/node_modules_next_dist_0u_w_5s._.js:1945
[ 2037042ms] [ERROR] ./src/app/problem-sets/[id]/result/page.tsx:79:5
Expression expected
  77 |   }, [storedAnswers]);
  78 |       }
> 79 |     }
     |     ^
  80 |     return {};
  81 |   });
  82 |

Parsing ecmascript source code failed @ http://localhost:3000/_next/static/chunks/node_modules_next_dist_0u_w_5s._.js:1945
[ 2037107ms] [ERROR] ./src/app/problem-sets/[id]/result/page.tsx:79:5
Expression expected
  77 |   }, [storedAnswers]);
  78 |       }
> 79 |     }
     |     ^
  80 |     return {};
  81 |   });
  82 |

Parsing ecmascript source code failed @ http://localhost:3000/_next/static/chunks/node_modules_next_dist_0u_w_5s._.js:1945
[ 2037173ms] [ERROR] ./src/app/problem-sets/[id]/result/page.tsx:79:5
Expression expected
  77 |   }, [storedAnswers]);
  78 |       }
> 79 |     }
     |     ^
  80 |     return {};
  81 |   });
  82 |

Parsing ecmascript source code failed @ http://localhost:3000/_next/static/chunks/node_modules_next_dist_0u_w_5s._.js:1945
[ 2037240ms] [ERROR] ./src/app/problem-sets/[id]/result/page.tsx:79:5
Expression expected
  77 |   }, [storedAnswers]);
  78 |       }
> 79 |     }
     |     ^
  80 |     return {};
  81 |   });
  82 |

Parsing ecmascript source code failed @ http://localhost:3000/_next/static/chunks/node_modules_next_dist_0u_w_5s._.js:1945
[ 2037307ms] [ERROR] ./src/app/problem-sets/[id]/result/page.tsx:79:5
Expression expected
  77 |   }, [storedAnswers]);
  78 |       }
> 79 |     }
     |     ^
  80 |     return {};
  81 |   });
  82 |

Parsing ecmascript source code failed @ http://localhost:3000/_next/static/chunks/node_modules_next_dist_0u_w_5s._.js:1945
[ 2037369ms] [ERROR] ./src/app/problem-sets/[id]/result/page.tsx:79:5
Expression expected
  77 |   }, [storedAnswers]);
  78 |       }
> 79 |     }
     |     ^
  80 |     return {};
  81 |   });
  82 |

Parsing ecmascript source code failed @ http://localhost:3000/_next/static/chunks/node_modules_next_dist_0u_w_5s._.js:1945
[ 2037424ms] [ERROR] ./src/app/problem-sets/[id]/result/page.tsx:79:5
Expression expected
  77 |   }, [storedAnswers]);
  78 |       }
> 79 |     }
     |     ^
  80 |     return {};
  81 |   });
  82 |

Parsing ecmascript source code failed @ http://localhost:3000/_next/static/chunks/node_modules_next_dist_0u_w_5s._.js:1945
[ 2037488ms] [ERROR] ./src/app/problem-sets/[id]/result/page.tsx:79:5
Expression expected
  77 |   }, [storedAnswers]);
  78 |       }
> 79 |     }
     |     ^
  80 |     return {};
  81 |   });
  82 |

Parsing ecmascript source code failed @ http://localhost:3000/_next/static/chunks/node_modules_next_dist_0u_w_5s._.js:1945
[ 2037541ms] [ERROR] ./src/app/problem-sets/[id]/result/page.tsx:79:5
Expression expected
  77 |   }, [storedAnswers]);
  78 |       }
> 79 |     }
     |     ^
  80 |     return {};
  81 |   });
  82 |

Parsing ecmascript source code failed @ http://localhost:3000/_next/static/chunks/node_modules_next_dist_0u_w_5s._.js:1945
[ 2037606ms] [ERROR] ./src/app/problem-sets/[id]/result/page.tsx:79:5
Expression expected
  77 |   }, [storedAnswers]);
  78 |       }
> 79 |     }
     |     ^
  80 |     return {};
  81 |   });
  82 |

Parsing ecmascript source code failed @ http://localhost:3000/_next/static/chunks/node_modules_next_dist_0u_w_5s._.js:1945
[ 2037658ms] [ERROR] ./src/app/problem-sets/[id]/result/page.tsx:79:5
Expression expected
  77 |   }, [storedAnswers]);
  78 |       }
> 79 |     }
     |     ^
  80 |     return {};
  81 |   });
  82 |

Parsing ecmascript source code failed @ http://localhost:3000/_next/static/chunks/node_modules_next_dist_0u_w_5s._.js:1945
[ 2037722ms] [ERROR] ./src/app/problem-sets/[id]/result/page.tsx:79:5
Expression expected
  77 |   }, [storedAnswers]);
  78 |       }
> 79 |     }
     |     ^
  80 |     return {};
  81 |   });
  82 |

Parsing ecmascript source code failed @ http://localhost:3000/_next/static/chunks/node_modules_next_dist_0u_w_5s._.js:1945
[ 2037775ms] [ERROR] ./src/app/problem-sets/[id]/result/page.tsx:79:5
Expression expected
  77 |   }, [storedAnswers]);
  78 |       }
> 79 |     }
     |     ^
  80 |     return {};
  81 |   });
  82 |

Parsing ecmascript source code failed @ http://localhost:3000/_next/static/chunks/node_modules_next_dist_0u_w_5s._.js:1945
[ 2037840ms] [ERROR] ./src/app/problem-sets/[id]/result/page.tsx:79:5
Expression expected
  77 |   }, [storedAnswers]);
  78 |       }
> 79 |     }
     |     ^
  80 |     return {};
  81 |   });
  82 |

Parsing ecmascript source code failed @ http://localhost:3000/_next/static/chunks/node_modules_next_dist_0u_w_5s._.js:1945
[ 2037900ms] [ERROR] ./src/app/problem-sets/[id]/result/page.tsx:79:5
Expression expected
  77 |   }, [storedAnswers]);
  78 |       }
> 79 |     }
     |     ^
  80 |     return {};
  81 |   });
  82 |

Parsing ecmascript source code failed @ http://localhost:3000/_next/static/chunks/node_modules_next_dist_0u_w_5s._.js:1945
[ 2037957ms] [ERROR] ./src/app/problem-sets/[id]/result/page.tsx:79:5
Expression expected
  77 |   }, [storedAnswers]);
  78 |       }
> 79 |     }
     |     ^
  80 |     return {};
  81 |   });
  82 |

Parsing ecmascript source code failed @ http://localhost:3000/_next/static/chunks/node_modules_next_dist_0u_w_5s._.js:1945
[ 2038014ms] [ERROR] ./src/app/problem-sets/[id]/result/page.tsx:79:5
Expression expected
  77 |   }, [storedAnswers]);
  78 |       }
> 79 |     }
     |     ^
  80 |     return {};
  81 |   });
  82 |

Parsing ecmascript source code failed @ http://localhost:3000/_next/static/chunks/node_modules_next_dist_0u_w_5s._.js:1945
[ 2038076ms] [ERROR] ./src/app/problem-sets/[id]/result/page.tsx:79:5
Expression expected
  77 |   }, [storedAnswers]);
  78 |       }
> 79 |     }
     |     ^
  80 |     return {};
  81 |   });
  82 |

Parsing ecmascript source code failed @ http://localhost:3000/_next/static/chunks/node_modules_next_dist_0u_w_5s._.js:1945
[ 2038142ms] [ERROR] ./src/app/problem-sets/[id]/result/page.tsx:79:5
Expression expected
  77 |   }, [storedAnswers]);
  78 |       }
> 79 |     }
     |     ^
  80 |     return {};
  81 |   });
  82 |

Parsing ecmascript source code failed @ http://localhost:3000/_next/static/chunks/node_modules_next_dist_0u_w_5s._.js:1945
[ 2038194ms] [ERROR] ./src/app/problem-sets/[id]/result/page.tsx:79:5
Expression expected
  77 |   }, [storedAnswers]);
  78 |       }
> 79 |     }
     |     ^
  80 |     return {};
  81 |   });
  82 |

Parsing ecmascript source code failed @ http://localhost:3000/_next/static/chunks/node_modules_next_dist_0u_w_5s._.js:1945
[ 2038257ms] [ERROR] ./src/app/problem-sets/[id]/result/page.tsx:79:5
Expression expected
  77 |   }, [storedAnswers]);
  78 |       }
> 79 |     }
     |     ^
  80 |     return {};
  81 |   });
  82 |

Parsing ecmascript source code failed @ http://localhost:3000/_next/static/chunks/node_modules_next_dist_0u_w_5s._.js:1945
[ 2038322ms] [ERROR] ./src/app/problem-sets/[id]/result/page.tsx:79:5
Expression expected
  77 |   }, [storedAnswers]);
  78 |       }
> 79 |     }
     |     ^
  80 |     return {};
  81 |   });
  82 |

Parsing ecmascript source code failed @ http://localhost:3000/_next/static/chunks/node_modules_next_dist_0u_w_5s._.js:1945
[ 2038374ms] [ERROR] ./src/app/problem-sets/[id]/result/page.tsx:79:5
Expression expected
  77 |   }, [storedAnswers]);
  78 |       }
> 79 |     }
     |     ^
  80 |     return {};
  81 |   });
  82 |

Parsing ecmascript source code failed @ http://localhost:3000/_next/static/chunks/node_modules_next_dist_0u_w_5s._.js:1945
[ 2038426ms] [ERROR] ./src/app/problem-sets/[id]/result/page.tsx:79:5
Expression expected
  77 |   }, [storedAnswers]);
  78 |       }
> 79 |     }
     |     ^
  80 |     return {};
  81 |   });
  82 |

Parsing ecmascript source code failed @ http://localhost:3000/_next/static/chunks/node_modules_next_dist_0u_w_5s._.js:1945
[ 2038490ms] [ERROR] ./src/app/problem-sets/[id]/result/page.tsx:79:5
Expression expected
  77 |   }, [storedAnswers]);
  78 |       }
> 79 |     }
     |     ^
  80 |     return {};
  81 |   });
  82 |

Parsing ecmascript source code failed @ http://localhost:3000/_next/static/chunks/node_modules_next_dist_0u_w_5s._.js:1945
[ 2038541ms] [ERROR] ./src/app/problem-sets/[id]/result/page.tsx:79:5
Expression expected
  77 |   }, [storedAnswers]);
  78 |       }
> 79 |     }
     |     ^
  80 |     return {};
  81 |   });
  82 |

Parsing ecmascript source code failed @ http://localhost:3000/_next/static/chunks/node_modules_next_dist_0u_w_5s._.js:1945
[ 2038597ms] [ERROR] ./src/app/problem-sets/[id]/result/page.tsx:79:5
Expression expected
  77 |   }, [storedAnswers]);
  78 |       }
> 79 |     }
     |     ^
  80 |     return {};
  81 |   });
  82 |

Parsing ecmascript source code failed @ http://localhost:3000/_next/static/chunks/node_modules_next_dist_0u_w_5s._.js:1945
[ 2038658ms] [ERROR] ./src/app/problem-sets/[id]/result/page.tsx:79:5
Expression expected
  77 |   }, [storedAnswers]);
  78 |       }
> 79 |     }
     |     ^
  80 |     return {};
  81 |   });
  82 |

Parsing ecmascript source code failed @ http://localhost:3000/_next/static/chunks/node_modules_next_dist_0u_w_5s._.js:1945
[ 2038723ms] [ERROR] ./src/app/problem-sets/[id]/result/page.tsx:79:5
Expression expected
  77 |   }, [storedAnswers]);
  78 |       }
> 79 |     }
     |     ^
  80 |     return {};
  81 |   });
  82 |

Parsing ecmascript source code failed @ http://localhost:3000/_next/static/chunks/node_modules_next_dist_0u_w_5s._.js:1945
[ 2038786ms] [ERROR] ./src/app/problem-sets/[id]/result/page.tsx:79:5
Expression expected
  77 |   }, [storedAnswers]);
  78 |       }
> 79 |     }
     |     ^
  80 |     return {};
  81 |   });
  82 |

Parsing ecmascript source code failed @ http://localhost:3000/_next/static/chunks/node_modules_next_dist_0u_w_5s._.js:1945
[ 2038840ms] [ERROR] ./src/app/problem-sets/[id]/result/page.tsx:79:5
Expression expected
  77 |   }, [storedAnswers]);
  78 |       }
> 79 |     }
     |     ^
  80 |     return {};
  81 |   });
  82 |

Parsing ecmascript source code failed @ http://localhost:3000/_next/static/chunks/node_modules_next_dist_0u_w_5s._.js:1945
[ 2038891ms] [ERROR] ./src/app/problem-sets/[id]/result/page.tsx:79:5
Expression expected
  77 |   }, [storedAnswers]);
  78 |       }
> 79 |     }
     |     ^
  80 |     return {};
  81 |   });
  82 |

Parsing ecmascript source code failed @ http://localhost:3000/_next/static/chunks/node_modules_next_dist_0u_w_5s._.js:1945
[ 2038943ms] [ERROR] ./src/app/problem-sets/[id]/result/page.tsx:79:5
Expression expected
  77 |   }, [storedAnswers]);
  78 |       }
> 79 |     }
     |     ^
  80 |     return {};
  81 |   });
  82 |

Parsing ecmascript source code failed @ http://localhost:3000/_next/static/chunks/node_modules_next_dist_0u_w_5s._.js:1945
[ 2039006ms] [ERROR] ./src/app/problem-sets/[id]/result/page.tsx:79:5
Expression expected
  77 |   }, [storedAnswers]);
  78 |       }
> 79 |     }
     |     ^
  80 |     return {};
  81 |   });
  82 |

Parsing ecmascript source code failed @ http://localhost:3000/_next/static/chunks/node_modules_next_dist_0u_w_5s._.js:1945
[ 2039058ms] [ERROR] ./src/app/problem-sets/[id]/result/page.tsx:79:5
Expression expected
  77 |   }, [storedAnswers]);
  78 |       }
> 79 |     }
     |     ^
  80 |     return {};
  81 |   });
  82 |

Parsing ecmascript source code failed @ http://localhost:3000/_next/static/chunks/node_modules_next_dist_0u_w_5s._.js:1945
[ 2039124ms] [ERROR] ./src/app/problem-sets/[id]/result/page.tsx:79:5
Expression expected
  77 |   }, [storedAnswers]);
  78 |       }
> 79 |     }
     |     ^
  80 |     return {};
  81 |   });
  82 |

Parsing ecmascript source code failed @ http://localhost:3000/_next/static/chunks/node_modules_next_dist_0u_w_5s._.js:1945
[ 2039174ms] [ERROR] ./src/app/problem-sets/[id]/result/page.tsx:79:5
Expression expected
  77 |   }, [storedAnswers]);
  78 |       }
> 79 |     }
     |     ^
  80 |     return {};
  81 |   });
  82 |

Parsing ecmascript source code failed @ http://localhost:3000/_next/static/chunks/node_modules_next_dist_0u_w_5s._.js:1945
[ 2039226ms] [ERROR] ./src/app/problem-sets/[id]/result/page.tsx:79:5
Expression expected
  77 |   }, [storedAnswers]);
  78 |       }
> 79 |     }
     |     ^
  80 |     return {};
  81 |   });
  82 |

Parsing ecmascript source code failed @ http://localhost:3000/_next/static/chunks/node_modules_next_dist_0u_w_5s._.js:1945
[ 2039293ms] [ERROR] ./src/app/problem-sets/[id]/result/page.tsx:79:5
Expression expected
  77 |   }, [storedAnswers]);
  78 |       }
> 79 |     }
     |     ^
  80 |     return {};
  81 |   });
  82 |

Parsing ecmascript source code failed @ http://localhost:3000/_next/static/chunks/node_modules_next_dist_0u_w_5s._.js:1945
[ 2039343ms] [ERROR] ./src/app/problem-sets/[id]/result/page.tsx:79:5
Expression expected
  77 |   }, [storedAnswers]);
  78 |       }
> 79 |     }
     |     ^
  80 |     return {};
  81 |   });
  82 |

Parsing ecmascript source code failed @ http://localhost:3000/_next/static/chunks/node_modules_next_dist_0u_w_5s._.js:1945
[ 2039405ms] [ERROR] ./src/app/problem-sets/[id]/result/page.tsx:79:5
Expression expected
  77 |   }, [storedAnswers]);
  78 |       }
> 79 |     }
     |     ^
  80 |     return {};
  81 |   });
  82 |

Parsing ecmascript source code failed @ http://localhost:3000/_next/static/chunks/node_modules_next_dist_0u_w_5s._.js:1945
[ 2039457ms] [ERROR] ./src/app/problem-sets/[id]/result/page.tsx:79:5
Expression expected
  77 |   }, [storedAnswers]);
  78 |       }
> 79 |     }
     |     ^
  80 |     return {};
  81 |   });
  82 |

Parsing ecmascript source code failed @ http://localhost:3000/_next/static/chunks/node_modules_next_dist_0u_w_5s._.js:1945
[ 2039509ms] [ERROR] ./src/app/problem-sets/[id]/result/page.tsx:79:5
Expression expected
  77 |   }, [storedAnswers]);
  78 |       }
> 79 |     }
     |     ^
  80 |     return {};
  81 |   });
  82 |

Parsing ecmascript source code failed @ http://localhost:3000/_next/static/chunks/node_modules_next_dist_0u_w_5s._.js:1945
[ 2039575ms] [ERROR] ./src/app/problem-sets/[id]/result/page.tsx:79:5
Expression expected
  77 |   }, [storedAnswers]);
  78 |       }
> 79 |     }
     |     ^
  80 |     return {};
  81 |   });
  82 |

Parsing ecmascript source code failed @ http://localhost:3000/_next/static/chunks/node_modules_next_dist_0u_w_5s._.js:1945
[ 2039639ms] [ERROR] ./src/app/problem-sets/[id]/result/page.tsx:79:5
Expression expected
  77 |   }, [storedAnswers]);
  78 |       }
> 79 |     }
     |     ^
  80 |     return {};
  81 |   });
  82 |

Parsing ecmascript source code failed @ http://localhost:3000/_next/static/chunks/node_modules_next_dist_0u_w_5s._.js:1945
[ 2039706ms] [ERROR] ./src/app/problem-sets/[id]/result/page.tsx:79:5
Expression expected
  77 |   }, [storedAnswers]);
  78 |       }
> 79 |     }
     |     ^
  80 |     return {};
  81 |   });
  82 |

Parsing ecmascript source code failed @ http://localhost:3000/_next/static/chunks/node_modules_next_dist_0u_w_5s._.js:1945
[ 2039770ms] [ERROR] ./src/app/problem-sets/[id]/result/page.tsx:79:5
Expression expected
  77 |   }, [storedAnswers]);
  78 |       }
> 79 |     }
     |     ^
  80 |     return {};
  81 |   });
  82 |

Parsing ecmascript source code failed @ http://localhost:3000/_next/static/chunks/node_modules_next_dist_0u_w_5s._.js:1945
[ 2039824ms] [ERROR] ./src/app/problem-sets/[id]/result/page.tsx:79:5
Expression expected
  77 |   }, [storedAnswers]);
  78 |       }
> 79 |     }
     |     ^
  80 |     return {};
  81 |   });
  82 |

Parsing ecmascript source code failed @ http://localhost:3000/_next/static/chunks/node_modules_next_dist_0u_w_5s._.js:1945
[ 2039886ms] [ERROR] ./src/app/problem-sets/[id]/result/page.tsx:79:5
Expression expected
  77 |   }, [storedAnswers]);
  78 |       }
> 79 |     }
     |     ^
  80 |     return {};
  81 |   });
  82 |

Parsing ecmascript source code failed @ http://localhost:3000/_next/static/chunks/node_modules_next_dist_0u_w_5s._.js:1945
[ 2039941ms] [ERROR] ./src/app/problem-sets/[id]/result/page.tsx:79:5
Expression expected
  77 |   }, [storedAnswers]);
  78 |       }
> 79 |     }
     |     ^
  80 |     return {};
  81 |   });
  82 |

Parsing ecmascript source code failed @ http://localhost:3000/_next/static/chunks/node_modules_next_dist_0u_w_5s._.js:1945
[ 2039992ms] [ERROR] ./src/app/problem-sets/[id]/result/page.tsx:79:5
Expression expected
  77 |   }, [storedAnswers]);
  78 |       }
> 79 |     }
     |     ^
  80 |     return {};
  81 |   });
  82 |

Parsing ecmascript source code failed @ http://localhost:3000/_next/static/chunks/node_modules_next_dist_0u_w_5s._.js:1945
[ 2040056ms] [ERROR] ./src/app/problem-sets/[id]/result/page.tsx:79:5
Expression expected
  77 |   }, [storedAnswers]);
  78 |       }
> 79 |     }
     |     ^
  80 |     return {};
  81 |   });
  82 |

Parsing ecmascript source code failed @ http://localhost:3000/_next/static/chunks/node_modules_next_dist_0u_w_5s._.js:1945
[ 2040123ms] [ERROR] ./src/app/problem-sets/[id]/result/page.tsx:79:5
Expression expected
  77 |   }, [storedAnswers]);
  78 |       }
> 79 |     }
     |     ^
  80 |     return {};
  81 |   });
  82 |

Parsing ecmascript source code failed @ http://localhost:3000/_next/static/chunks/node_modules_next_dist_0u_w_5s._.js:1945
[ 2040174ms] [ERROR] ./src/app/problem-sets/[id]/result/page.tsx:79:5
Expression expected
  77 |   }, [storedAnswers]);
  78 |       }
> 79 |     }
     |     ^
  80 |     return {};
  81 |   });
  82 |

Parsing ecmascript source code failed @ http://localhost:3000/_next/static/chunks/node_modules_next_dist_0u_w_5s._.js:1945
[ 2040240ms] [ERROR] ./src/app/problem-sets/[id]/result/page.tsx:79:5
Expression expected
  77 |   }, [storedAnswers]);
  78 |       }
> 79 |     }
     |     ^
  80 |     return {};
  81 |   });
  82 |

Parsing ecmascript source code failed @ http://localhost:3000/_next/static/chunks/node_modules_next_dist_0u_w_5s._.js:1945
[ 2040301ms] [ERROR] ./src/app/problem-sets/[id]/result/page.tsx:79:5
Expression expected
  77 |   }, [storedAnswers]);
  78 |       }
> 79 |     }
     |     ^
  80 |     return {};
  81 |   });
  82 |

Parsing ecmascript source code failed @ http://localhost:3000/_next/static/chunks/node_modules_next_dist_0u_w_5s._.js:1945
[ 2040358ms] [ERROR] ./src/app/problem-sets/[id]/result/page.tsx:79:5
Expression expected
  77 |   }, [storedAnswers]);
  78 |       }
> 79 |     }
     |     ^
  80 |     return {};
  81 |   });
  82 |

Parsing ecmascript source code failed @ http://localhost:3000/_next/static/chunks/node_modules_next_dist_0u_w_5s._.js:1945
[ 2040423ms] [ERROR] ./src/app/problem-sets/[id]/result/page.tsx:79:5
Expression expected
  77 |   }, [storedAnswers]);
  78 |       }
> 79 |     }
     |     ^
  80 |     return {};
  81 |   });
  82 |

Parsing ecmascript source code failed @ http://localhost:3000/_next/static/chunks/node_modules_next_dist_0u_w_5s._.js:1945
[ 2040490ms] [ERROR] ./src/app/problem-sets/[id]/result/page.tsx:79:5
Expression expected
  77 |   }, [storedAnswers]);
  78 |       }
> 79 |     }
     |     ^
  80 |     return {};
  81 |   });
  82 |

Parsing ecmascript source code failed @ http://localhost:3000/_next/static/chunks/node_modules_next_dist_0u_w_5s._.js:1945
[ 2040540ms] [ERROR] ./src/app/problem-sets/[id]/result/page.tsx:79:5
Expression expected
  77 |   }, [storedAnswers]);
  78 |       }
> 79 |     }
     |     ^
  80 |     return {};
  81 |   });
  82 |

Parsing ecmascript source code failed @ http://localhost:3000/_next/static/chunks/node_modules_next_dist_0u_w_5s._.js:1945
[ 2040606ms] [ERROR] ./src/app/problem-sets/[id]/result/page.tsx:79:5
Expression expected
  77 |   }, [storedAnswers]);
  78 |       }
> 79 |     }
     |     ^
  80 |     return {};
  81 |   });
  82 |

Parsing ecmascript source code failed @ http://localhost:3000/_next/static/chunks/node_modules_next_dist_0u_w_5s._.js:1945
[ 2040658ms] [ERROR] ./src/app/problem-sets/[id]/result/page.tsx:79:5
Expression expected
  77 |   }, [storedAnswers]);
  78 |       }
> 79 |     }
     |     ^
  80 |     return {};
  81 |   });
  82 |

Parsing ecmascript source code failed @ http://localhost:3000/_next/static/chunks/node_modules_next_dist_0u_w_5s._.js:1945
[ 2040724ms] [ERROR] ./src/app/problem-sets/[id]/result/page.tsx:79:5
Expression expected
  77 |   }, [storedAnswers]);
  78 |       }
> 79 |     }
     |     ^
  80 |     return {};
  81 |   });
  82 |

Parsing ecmascript source code failed @ http://localhost:3000/_next/static/chunks/node_modules_next_dist_0u_w_5s._.js:1945
[ 2040791ms] [ERROR] ./src/app/problem-sets/[id]/result/page.tsx:79:5
Expression expected
  77 |   }, [storedAnswers]);
  78 |       }
> 79 |     }
     |     ^
  80 |     return {};
  81 |   });
  82 |

Parsing ecmascript source code failed @ http://localhost:3000/_next/static/chunks/node_modules_next_dist_0u_w_5s._.js:1945
[ 2040856ms] [ERROR] ./src/app/problem-sets/[id]/result/page.tsx:79:5
Expression expected
  77 |   }, [storedAnswers]);
  78 |       }
> 79 |     }
     |     ^
  80 |     return {};
  81 |   });
  82 |

Parsing ecmascript source code failed @ http://localhost:3000/_next/static/chunks/node_modules_next_dist_0u_w_5s._.js:1945
[ 2040921ms] [ERROR] ./src/app/problem-sets/[id]/result/page.tsx:79:5
Expression expected
  77 |   }, [storedAnswers]);
  78 |       }
> 79 |     }
     |     ^
  80 |     return {};
  81 |   });
  82 |

Parsing ecmascript source code failed @ http://localhost:3000/_next/static/chunks/node_modules_next_dist_0u_w_5s._.js:1945
[ 2040974ms] [ERROR] ./src/app/problem-sets/[id]/result/page.tsx:79:5
Expression expected
  77 |   }, [storedAnswers]);
  78 |       }
> 79 |     }
     |     ^
  80 |     return {};
  81 |   });
  82 |

Parsing ecmascript source code failed @ http://localhost:3000/_next/static/chunks/node_modules_next_dist_0u_w_5s._.js:1945
[ 2041039ms] [ERROR] ./src/app/problem-sets/[id]/result/page.tsx:79:5
Expression expected
  77 |   }, [storedAnswers]);
  78 |       }
> 79 |     }
     |     ^
  80 |     return {};
  81 |   });
  82 |

Parsing ecmascript source code failed @ http://localhost:3000/_next/static/chunks/node_modules_next_dist_0u_w_5s._.js:1945
[ 2041102ms] [ERROR] ./src/app/problem-sets/[id]/result/page.tsx:79:5
Expression expected
  77 |   }, [storedAnswers]);
  78 |       }
> 79 |     }
     |     ^
  80 |     return {};
  81 |   });
  82 |

Parsing ecmascript source code failed @ http://localhost:3000/_next/static/chunks/node_modules_next_dist_0u_w_5s._.js:1945
[ 2041154ms] [ERROR] ./src/app/problem-sets/[id]/result/page.tsx:79:5
Expression expected
  77 |   }, [storedAnswers]);
  78 |       }
> 79 |     }
     |     ^
  80 |     return {};
  81 |   });
  82 |

Parsing ecmascript source code failed @ http://localhost:3000/_next/static/chunks/node_modules_next_dist_0u_w_5s._.js:1945
[ 2041217ms] [ERROR] ./src/app/problem-sets/[id]/result/page.tsx:79:5
Expression expected
  77 |   }, [storedAnswers]);
  78 |       }
> 79 |     }
     |     ^
  80 |     return {};
  81 |   });
  82 |

Parsing ecmascript source code failed @ http://localhost:3000/_next/static/chunks/node_modules_next_dist_0u_w_5s._.js:1945
[ 2041273ms] [ERROR] ./src/app/problem-sets/[id]/result/page.tsx:79:5
Expression expected
  77 |   }, [storedAnswers]);
  78 |       }
> 79 |     }
     |     ^
  80 |     return {};
  81 |   });
  82 |

Parsing ecmascript source code failed @ http://localhost:3000/_next/static/chunks/node_modules_next_dist_0u_w_5s._.js:1945
[ 2041325ms] [ERROR] ./src/app/problem-sets/[id]/result/page.tsx:79:5
Expression expected
  77 |   }, [storedAnswers]);
  78 |       }
> 79 |     }
     |     ^
  80 |     return {};
  81 |   });
  82 |

Parsing ecmascript source code failed @ http://localhost:3000/_next/static/chunks/node_modules_next_dist_0u_w_5s._.js:1945
[ 2041388ms] [ERROR] ./src/app/problem-sets/[id]/result/page.tsx:79:5
Expression expected
  77 |   }, [storedAnswers]);
  78 |       }
> 79 |     }
     |     ^
  80 |     return {};
  81 |   });
  82 |

Parsing ecmascript source code failed @ http://localhost:3000/_next/static/chunks/node_modules_next_dist_0u_w_5s._.js:1945
[ 2041454ms] [ERROR] ./src/app/problem-sets/[id]/result/page.tsx:79:5
Expression expected
  77 |   }, [storedAnswers]);
  78 |       }
> 79 |     }
     |     ^
  80 |     return {};
  81 |   });
  82 |

Parsing ecmascript source code failed @ http://localhost:3000/_next/static/chunks/node_modules_next_dist_0u_w_5s._.js:1945
[ 2041507ms] [ERROR] ./src/app/problem-sets/[id]/result/page.tsx:79:5
Expression expected
  77 |   }, [storedAnswers]);
  78 |       }
> 79 |     }
     |     ^
  80 |     return {};
  81 |   });
  82 |

Parsing ecmascript source code failed @ http://localhost:3000/_next/static/chunks/node_modules_next_dist_0u_w_5s._.js:1945
[ 2041572ms] [ERROR] ./src/app/problem-sets/[id]/result/page.tsx:79:5
Expression expected
  77 |   }, [storedAnswers]);
  78 |       }
> 79 |     }
     |     ^
  80 |     return {};
  81 |   });
  82 |

Parsing ecmascript source code failed @ http://localhost:3000/_next/static/chunks/node_modules_next_dist_0u_w_5s._.js:1945
[ 2041625ms] [ERROR] ./src/app/problem-sets/[id]/result/page.tsx:79:5
Expression expected
  77 |   }, [storedAnswers]);
  78 |       }
> 79 |     }
     |     ^
  80 |     return {};
  81 |   });
  82 |

Parsing ecmascript source code failed @ http://localhost:3000/_next/static/chunks/node_modules_next_dist_0u_w_5s._.js:1945
[ 2041691ms] [ERROR] ./src/app/problem-sets/[id]/result/page.tsx:79:5
Expression expected
  77 |   }, [storedAnswers]);
  78 |       }
> 79 |     }
     |     ^
  80 |     return {};
  81 |   });
  82 |

Parsing ecmascript source code failed @ http://localhost:3000/_next/static/chunks/node_modules_next_dist_0u_w_5s._.js:1945
[ 2041755ms] [ERROR] ./src/app/problem-sets/[id]/result/page.tsx:79:5
Expression expected
  77 |   }, [storedAnswers]);
  78 |       }
> 79 |     }
     |     ^
  80 |     return {};
  81 |   });
  82 |

Parsing ecmascript source code failed @ http://localhost:3000/_next/static/chunks/node_modules_next_dist_0u_w_5s._.js:1945
[ 2041808ms] [ERROR] ./src/app/problem-sets/[id]/result/page.tsx:79:5
Expression expected
  77 |   }, [storedAnswers]);
  78 |       }
> 79 |     }
     |     ^
  80 |     return {};
  81 |   });
  82 |

Parsing ecmascript source code failed @ http://localhost:3000/_next/static/chunks/node_modules_next_dist_0u_w_5s._.js:1945
[ 2041860ms] [ERROR] ./src/app/problem-sets/[id]/result/page.tsx:79:5
Expression expected
  77 |   }, [storedAnswers]);
  78 |       }
> 79 |     }
     |     ^
  80 |     return {};
  81 |   });
  82 |

Parsing ecmascript source code failed @ http://localhost:3000/_next/static/chunks/node_modules_next_dist_0u_w_5s._.js:1945
[ 2041923ms] [ERROR] ./src/app/problem-sets/[id]/result/page.tsx:79:5
Expression expected
  77 |   }, [storedAnswers]);
  78 |       }
> 79 |     }
     |     ^
  80 |     return {};
  81 |   });
  82 |

Parsing ecmascript source code failed @ http://localhost:3000/_next/static/chunks/node_modules_next_dist_0u_w_5s._.js:1945
[ 2041975ms] [ERROR] ./src/app/problem-sets/[id]/result/page.tsx:79:5
Expression expected
  77 |   }, [storedAnswers]);
  78 |       }
> 79 |     }
     |     ^
  80 |     return {};
  81 |   });
  82 |

Parsing ecmascript source code failed @ http://localhost:3000/_next/static/chunks/node_modules_next_dist_0u_w_5s._.js:1945
[ 2042026ms] [ERROR] ./src/app/problem-sets/[id]/result/page.tsx:79:5
Expression expected
  77 |   }, [storedAnswers]);
  78 |       }
> 79 |     }
     |     ^
  80 |     return {};
  81 |   });
  82 |

Parsing ecmascript source code failed @ http://localhost:3000/_next/static/chunks/node_modules_next_dist_0u_w_5s._.js:1945
[ 2042090ms] [ERROR] ./src/app/problem-sets/[id]/result/page.tsx:79:5
Expression expected
  77 |   }, [storedAnswers]);
  78 |       }
> 79 |     }
     |     ^
  80 |     return {};
  81 |   });
  82 |

Parsing ecmascript source code failed @ http://localhost:3000/_next/static/chunks/node_modules_next_dist_0u_w_5s._.js:1945
[ 2042141ms] [ERROR] ./src/app/problem-sets/[id]/result/page.tsx:79:5
Expression expected
  77 |   }, [storedAnswers]);
  78 |       }
> 79 |     }
     |     ^
  80 |     return {};
  81 |   });
  82 |

Parsing ecmascript source code failed @ http://localhost:3000/_next/static/chunks/node_modules_next_dist_0u_w_5s._.js:1945
[ 2042209ms] [ERROR] ./src/app/problem-sets/[id]/result/page.tsx:79:5
Expression expected
  77 |   }, [storedAnswers]);
  78 |       }
> 79 |     }
     |     ^
  80 |     return {};
  81 |   });
  82 |

Parsing ecmascript source code failed @ http://localhost:3000/_next/static/chunks/node_modules_next_dist_0u_w_5s._.js:1945
[ 2042259ms] [ERROR] ./src/app/problem-sets/[id]/result/page.tsx:79:5
Expression expected
  77 |   }, [storedAnswers]);
  78 |       }
> 79 |     }
     |     ^
  80 |     return {};
  81 |   });
  82 |

Parsing ecmascript source code failed @ http://localhost:3000/_next/static/chunks/node_modules_next_dist_0u_w_5s._.js:1945
[ 2042325ms] [ERROR] ./src/app/problem-sets/[id]/result/page.tsx:79:5
Expression expected
  77 |   }, [storedAnswers]);
  78 |       }
> 79 |     }
     |     ^
  80 |     return {};
  81 |   });
  82 |

Parsing ecmascript source code failed @ http://localhost:3000/_next/static/chunks/node_modules_next_dist_0u_w_5s._.js:1945
[ 2042377ms] [ERROR] ./src/app/problem-sets/[id]/result/page.tsx:79:5
Expression expected
  77 |   }, [storedAnswers]);
  78 |       }
> 79 |     }
     |     ^
  80 |     return {};
  81 |   });
  82 |

Parsing ecmascript source code failed @ http://localhost:3000/_next/static/chunks/node_modules_next_dist_0u_w_5s._.js:1945
[ 2042438ms] [ERROR] ./src/app/problem-sets/[id]/result/page.tsx:79:5
Expression expected
  77 |   }, [storedAnswers]);
  78 |       }
> 79 |     }
     |     ^
  80 |     return {};
  81 |   });
  82 |

Parsing ecmascript source code failed @ http://localhost:3000/_next/static/chunks/node_modules_next_dist_0u_w_5s._.js:1945
[ 2042490ms] [ERROR] ./src/app/problem-sets/[id]/result/page.tsx:79:5
Expression expected
  77 |   }, [storedAnswers]);
  78 |       }
> 79 |     }
     |     ^
  80 |     return {};
  81 |   });
  82 |

Parsing ecmascript source code failed @ http://localhost:3000/_next/static/chunks/node_modules_next_dist_0u_w_5s._.js:1945
[ 2042556ms] [ERROR] ./src/app/problem-sets/[id]/result/page.tsx:79:5
Expression expected
  77 |   }, [storedAnswers]);
  78 |       }
> 79 |     }
     |     ^
  80 |     return {};
  81 |   });
  82 |

Parsing ecmascript source code failed @ http://localhost:3000/_next/static/chunks/node_modules_next_dist_0u_w_5s._.js:1945
[ 2042676ms] [LOG] [Fast Refresh] rebuilding @ http://localhost:3000/_next/static/chunks/node_modules_next_dist_0u_w_5s._.js:1226
[ 2042770ms] [LOG] [Fast Refresh] done in 195ms @ http://localhost:3000/_next/static/chunks/node_modules_next_dist_0u_w_5s._.js:1226
[ 2042908ms] [LOG] [Fast Refresh] rebuilding @ http://localhost:3000/_next/static/chunks/node_modules_next_dist_0u_w_5s._.js:1226
[ 2042974ms] [LOG] [Fast Refresh] done in 177ms @ http://localhost:3000/_next/static/chunks/node_modules_next_dist_0u_w_5s._.js:1226
[ 2043091ms] [LOG] [Fast Refresh] rebuilding @ http://localhost:3000/_next/static/chunks/node_modules_next_dist_0u_w_5s._.js:1226
[ 2043172ms] [LOG] [Fast Refresh] done in 191ms @ http://localhost:3000/_next/static/chunks/node_modules_next_dist_0u_w_5s._.js:1226
[ 2043288ms] [INFO] %cDownload the React DevTools for a better development experience: https://react.dev/link/react-devtools font-weight:bold @ http://localhost:3000/_next/static/chunks/node_modules_next_dist_115brz8._.js:2477
[ 2043317ms] [LOG] [HMR] connected @ http://localhost:3000/_next/static/chunks/node_modules_next_dist_115brz8._.js:2477
[ 2241488ms] [LOG] [HMR] connected @ http://localhost:3000/_next/static/chunks/node_modules_next_dist_115brz8._.js:2477
[ 2242735ms] [INFO] %cDownload the React DevTools for a better development experience: https://react.dev/link/react-devtools font-weight:bold @ http://localhost:3000/_next/static/chunks/node_modules_next_dist_115brz8._.js:2477
[ 2242754ms] [LOG] [HMR] connected @ http://localhost:3000/_next/static/chunks/node_modules_next_dist_115brz8._.js:2477
[ 2340579ms] [LOG] [Fast Refresh] rebuilding @ http://localhost:3000/_next/static/chunks/node_modules_next_dist_115brz8._.js:2477
[ 2340730ms] [LOG] [Fast Refresh] done in 252ms @ http://localhost:3000/_next/static/chunks/node_modules_next_dist_115brz8._.js:2477
[ 2341012ms] [LOG] [Fast Refresh] rebuilding @ http://localhost:3000/_next/static/chunks/node_modules_next_dist_115brz8._.js:2477
[ 2341018ms] [LOG] [Fast Refresh] done in 118ms @ http://localhost:3000/_next/static/chunks/node_modules_next_dist_115brz8._.js:2477
[ 2374167ms] [LOG] [Fast Refresh] rebuilding @ http://localhost:3000/_next/static/chunks/node_modules_next_dist_115brz8._.js:2477
[ 2374186ms] [LOG] [Fast Refresh] done in 116ms @ http://localhost:3000/_next/static/chunks/node_modules_next_dist_115brz8._.js:2477
[ 2414775ms] [LOG] [Fast Refresh] rebuilding @ http://localhost:3000/_next/static/chunks/node_modules_next_dist_115brz8._.js:2477
[ 2414888ms] [LOG] [Fast Refresh] done in 126ms @ http://localhost:3000/_next/static/chunks/node_modules_next_dist_115brz8._.js:2477
[ 2415004ms] [LOG] [Fast Refresh] rebuilding @ http://localhost:3000/_next/static/chunks/node_modules_next_dist_115brz8._.js:2477
[ 2415042ms] [LOG] [Fast Refresh] done in 145ms @ http://localhost:3000/_next/static/chunks/node_modules_next_dist_115brz8._.js:2477
[ 2417494ms] [LOG] [Fast Refresh] rebuilding @ http://localhost:3000/_next/static/chunks/node_modules_next_dist_115brz8._.js:2477
[ 2417527ms] [LOG] [Fast Refresh] done in 134ms @ http://localhost:3000/_next/static/chunks/node_modules_next_dist_115brz8._.js:2477
[ 2448965ms] [LOG] [Fast Refresh] rebuilding @ http://localhost:3000/_next/static/chunks/node_modules_next_dist_115brz8._.js:2477
[ 2449086ms] [LOG] [Fast Refresh] done in 128ms @ http://localhost:3000/_next/static/chunks/node_modules_next_dist_115brz8._.js:2477
[ 2449198ms] [LOG] [Fast Refresh] rebuilding @ http://localhost:3000/_next/static/chunks/node_modules_next_dist_115brz8._.js:2477
[ 2449211ms] [LOG] [Fast Refresh] done in 115ms @ http://localhost:3000/_next/static/chunks/node_modules_next_dist_115brz8._.js:2477
[ 2475120ms] [LOG] [Fast Refresh] rebuilding @ http://localhost:3000/_next/static/chunks/node_modules_next_dist_115brz8._.js:2477
[ 2475129ms] [LOG] [Fast Refresh] done in 78ms @ http://localhost:3000/_next/static/chunks/node_modules_next_dist_115brz8._.js:2477
[ 2981959ms] [LOG] [Fast Refresh] rebuilding @ http://localhost:3000/_next/static/chunks/node_modules_next_dist_115brz8._.js:2477
[ 2982133ms] [LOG] [Fast Refresh] done in 274ms @ http://localhost:3000/_next/static/chunks/node_modules_next_dist_115brz8._.js:2477
[ 2982327ms] [LOG] [Fast Refresh] rebuilding @ http://localhost:3000/_next/static/chunks/node_modules_next_dist_115brz8._.js:2477
[ 2982337ms] [LOG] [Fast Refresh] done in 113ms @ http://localhost:3000/_next/static/chunks/node_modules_next_dist_115brz8._.js:2477
[ 2982450ms] [LOG] [Fast Refresh] rebuilding @ http://localhost:3000/_next/static/chunks/node_modules_next_dist_115brz8._.js:2477
[ 2982461ms] [LOG] [Fast Refresh] done in 114ms @ http://localhost:3000/_next/static/chunks/node_modules_next_dist_115brz8._.js:2477
[ 2982569ms] [LOG] [Fast Refresh] rebuilding @ http://localhost:3000/_next/static/chunks/node_modules_next_dist_115brz8._.js:2477
[ 2982581ms] [LOG] [Fast Refresh] done in 120ms @ http://localhost:3000/_next/static/chunks/node_modules_next_dist_115brz8._.js:2477
[ 2982693ms] [LOG] [Fast Refresh] rebuilding @ http://localhost:3000/_next/static/chunks/node_modules_next_dist_115brz8._.js:2477
[ 2982695ms] [LOG] [Fast Refresh] done in 102ms @ http://localhost:3000/_next/static/chunks/node_modules_next_dist_115brz8._.js:2477
[ 2991656ms] [LOG] [Fast Refresh] rebuilding @ http://localhost:3000/_next/static/chunks/node_modules_next_dist_115brz8._.js:2477
[ 2991797ms] [LOG] [Fast Refresh] done in 153ms @ http://localhost:3000/_next/static/chunks/node_modules_next_dist_115brz8._.js:2477
[ 3000603ms] [LOG] [Fast Refresh] rebuilding @ http://localhost:3000/_next/static/chunks/node_modules_next_dist_115brz8._.js:2477
[ 3000609ms] [LOG] [Fast Refresh] done in 68ms @ http://localhost:3000/_next/static/chunks/node_modules_next_dist_115brz8._.js:2477
[ 3000716ms] [LOG] [Fast Refresh] rebuilding @ http://localhost:3000/_next/static/chunks/node_modules_next_dist_115brz8._.js:2477
[ 3000759ms] [LOG] [Fast Refresh] done in 147ms @ http://localhost:3000/_next/static/chunks/node_modules_next_dist_115brz8._.js:2477
[ 3039301ms] [LOG] [Fast Refresh] rebuilding @ http://localhost:3000/_next/static/chunks/node_modules_next_dist_115brz8._.js:2477
[ 3039317ms] [LOG] [Fast Refresh] done in 124ms @ http://localhost:3000/_next/static/chunks/node_modules_next_dist_115brz8._.js:2477
[ 3039427ms] [LOG] [Fast Refresh] rebuilding @ http://localhost:3000/_next/static/chunks/node_modules_next_dist_115brz8._.js:2477
[ 3039444ms] [LOG] [Fast Refresh] done in 120ms @ http://localhost:3000/_next/static/chunks/node_modules_next_dist_115brz8._.js:2477
[ 3039552ms] [LOG] [Fast Refresh] rebuilding @ http://localhost:3000/_next/static/chunks/node_modules_next_dist_115brz8._.js:2477
[ 3039601ms] [LOG] [Fast Refresh] done in 157ms @ http://localhost:3000/_next/static/chunks/node_modules_next_dist_115brz8._.js:2477
[ 3057001ms] [LOG] [Fast Refresh] rebuilding @ http://localhost:3000/_next/static/chunks/node_modules_next_dist_115brz8._.js:2477
[ 3057144ms] [LOG] [Fast Refresh] done in 227ms @ http://localhost:3000/_next/static/chunks/node_modules_next_dist_115brz8._.js:2477
[ 3057331ms] [LOG] [Fast Refresh] rebuilding @ http://localhost:3000/_next/static/chunks/node_modules_next_dist_115brz8._.js:2477
[ 3057351ms] [LOG] [Fast Refresh] done in 125ms @ http://localhost:3000/_next/static/chunks/node_modules_next_dist_115brz8._.js:2477
[ 3060244ms] [LOG] [Fast Refresh] rebuilding @ http://localhost:3000/_next/static/chunks/node_modules_next_dist_115brz8._.js:2477
[ 3060388ms] [LOG] [Fast Refresh] done in 220ms @ http://localhost:3000/_next/static/chunks/node_modules_next_dist_115brz8._.js:2477
[ 3060579ms] [LOG] [Fast Refresh] rebuilding @ http://localhost:3000/_next/static/chunks/node_modules_next_dist_115brz8._.js:2477
[ 3060622ms] [LOG] [Fast Refresh] done in 143ms @ http://localhost:3000/_next/static/chunks/node_modules_next_dist_115brz8._.js:2477
[ 3060725ms] [LOG] [Fast Refresh] rebuilding @ http://localhost:3000/_next/static/chunks/node_modules_next_dist_115brz8._.js:2477
[ 3060728ms] [LOG] [Fast Refresh] done in 106ms @ http://localhost:3000/_next/static/chunks/node_modules_next_dist_115brz8._.js:2477
[ 3060835ms] [LOG] [Fast Refresh] rebuilding @ http://localhost:3000/_next/static/chunks/node_modules_next_dist_115brz8._.js:2477
[ 3060865ms] [LOG] [Fast Refresh] done in 137ms @ http://localhost:3000/_next/static/chunks/node_modules_next_dist_115brz8._.js:2477
[ 3063592ms] [LOG] [Fast Refresh] rebuilding @ http://localhost:3000/_next/static/chunks/node_modules_next_dist_115brz8._.js:2477
[ 3063725ms] [LOG] [Fast Refresh] done in 194ms @ http://localhost:3000/_next/static/chunks/node_modules_next_dist_115brz8._.js:2477
[ 3063922ms] [LOG] [Fast Refresh] rebuilding @ http://localhost:3000/_next/static/chunks/node_modules_next_dist_115brz8._.js:2477
[ 3063925ms] [LOG] [Fast Refresh] done in 104ms @ http://localhost:3000/_next/static/chunks/node_modules_next_dist_115brz8._.js:2477
[ 3067447ms] [LOG] [Fast Refresh] rebuilding @ http://localhost:3000/_next/static/chunks/node_modules_next_dist_115brz8._.js:2477
[ 3067620ms] [LOG] [Fast Refresh] done in 253ms @ http://localhost:3000/_next/static/chunks/node_modules_next_dist_115brz8._.js:2477
[ 3067792ms] [LOG] [Fast Refresh] rebuilding @ http://localhost:3000/_next/static/chunks/node_modules_next_dist_115brz8._.js:2477
[ 3067795ms] [LOG] [Fast Refresh] done in 104ms @ http://localhost:3000/_next/static/chunks/node_modules_next_dist_115brz8._.js:2477
[ 3070709ms] [LOG] [Fast Refresh] rebuilding @ http://localhost:3000/_next/static/chunks/node_modules_next_dist_115brz8._.js:2477
[ 3070822ms] [LOG] [Fast Refresh] done in 203ms @ http://localhost:3000/_next/static/chunks/node_modules_next_dist_115brz8._.js:2477
[ 3071019ms] [LOG] [Fast Refresh] rebuilding @ http://localhost:3000/_next/static/chunks/node_modules_next_dist_115brz8._.js:2477
[ 3071032ms] [LOG] [Fast Refresh] done in 118ms @ http://localhost:3000/_next/static/chunks/node_modules_next_dist_115brz8._.js:2477
[ 3071261ms] [LOG] [Fast Refresh] rebuilding @ http://localhost:3000/_next/static/chunks/node_modules_next_dist_115brz8._.js:2477
[ 3071286ms] [LOG] [Fast Refresh] done in 127ms @ http://localhost:3000/_next/static/chunks/node_modules_next_dist_115brz8._.js:2477
[ 3074858ms] [LOG] [Fast Refresh] rebuilding @ http://localhost:3000/_next/static/chunks/node_modules_next_dist_115brz8._.js:2477
[ 3075014ms] [LOG] [Fast Refresh] done in 230ms @ http://localhost:3000/_next/static/chunks/node_modules_next_dist_115brz8._.js:2477
[ 3075204ms] [LOG] [Fast Refresh] rebuilding @ http://localhost:3000/_next/static/chunks/node_modules_next_dist_115brz8._.js:2477
[ 3075207ms] [LOG] [Fast Refresh] done in 105ms @ http://localhost:3000/_next/static/chunks/node_modules_next_dist_115brz8._.js:2477
[ 3075313ms] [LOG] [Fast Refresh] rebuilding @ http://localhost:3000/_next/static/chunks/node_modules_next_dist_115brz8._.js:2477
[ 3075322ms] [LOG] [Fast Refresh] done in 113ms @ http://localhost:3000/_next/static/chunks/node_modules_next_dist_115brz8._.js:2477
[ 3078300ms] [LOG] [Fast Refresh] rebuilding @ http://localhost:3000/_next/static/chunks/node_modules_next_dist_115brz8._.js:2477
[ 3078443ms] [LOG] [Fast Refresh] done in 223ms @ http://localhost:3000/_next/static/chunks/node_modules_next_dist_115brz8._.js:2477
[ 3082152ms] [LOG] [Fast Refresh] rebuilding @ http://localhost:3000/_next/static/chunks/node_modules_next_dist_115brz8._.js:2477
[ 3082278ms] [LOG] [Fast Refresh] done in 204ms @ http://localhost:3000/_next/static/chunks/node_modules_next_dist_115brz8._.js:2477
[ 3082551ms] [LOG] [Fast Refresh] rebuilding @ http://localhost:3000/_next/static/chunks/node_modules_next_dist_115brz8._.js:2477
[ 3082551ms] [LOG] [Fast Refresh] done in 102ms @ http://localhost:3000/_next/static/chunks/node_modules_next_dist_115brz8._.js:2477
[ 3086138ms] [LOG] [Fast Refresh] rebuilding @ http://localhost:3000/_next/static/chunks/node_modules_next_dist_115brz8._.js:2477
[ 3086289ms] [LOG] [Fast Refresh] done in 233ms @ http://localhost:3000/_next/static/chunks/node_modules_next_dist_115brz8._.js:2477
[ 3086467ms] [LOG] [Fast Refresh] rebuilding @ http://localhost:3000/_next/static/chunks/node_modules_next_dist_115brz8._.js:2477
[ 3086476ms] [LOG] [Fast Refresh] done in 117ms @ http://localhost:3000/_next/static/chunks/node_modules_next_dist_115brz8._.js:2477
[ 3089780ms] [LOG] [Fast Refresh] rebuilding @ http://localhost:3000/_next/static/chunks/node_modules_next_dist_115brz8._.js:2477
[ 3089908ms] [LOG] [Fast Refresh] done in 192ms @ http://localhost:3000/_next/static/chunks/node_modules_next_dist_115brz8._.js:2477
[ 3090100ms] [LOG] [Fast Refresh] rebuilding @ http://localhost:3000/_next/static/chunks/node_modules_next_dist_115brz8._.js:2477
[ 3090101ms] [LOG] [Fast Refresh] done in 105ms @ http://localhost:3000/_next/static/chunks/node_modules_next_dist_115brz8._.js:2477
[ 3094781ms] [LOG] [Fast Refresh] rebuilding @ http://localhost:3000/_next/static/chunks/node_modules_next_dist_115brz8._.js:2477
[ 3094914ms] [LOG] [Fast Refresh] done in 215ms @ http://localhost:3000/_next/static/chunks/node_modules_next_dist_115brz8._.js:2477
[ 3095113ms] [LOG] [Fast Refresh] rebuilding @ http://localhost:3000/_next/static/chunks/node_modules_next_dist_115brz8._.js:2477
[ 3095139ms] [LOG] [Fast Refresh] done in 129ms @ http://localhost:3000/_next/static/chunks/node_modules_next_dist_115brz8._.js:2477
[ 3095252ms] [LOG] [Fast Refresh] rebuilding @ http://localhost:3000/_next/static/chunks/node_modules_next_dist_115brz8._.js:2477
[ 3095266ms] [LOG] [Fast Refresh] done in 125ms @ http://localhost:3000/_next/static/chunks/node_modules_next_dist_115brz8._.js:2477
[ 3239604ms] [LOG] [Fast Refresh] rebuilding @ http://localhost:3000/_next/static/chunks/node_modules_next_dist_115brz8._.js:2477
[ 3239765ms] [LOG] [Fast Refresh] done in 72ms @ http://localhost:3000/_next/static/chunks/node_modules_next_dist_115brz8._.js:2477
[ 3480957ms] [LOG] [Fast Refresh] rebuilding @ http://localhost:3000/_next/static/chunks/node_modules_next_dist_115brz8._.js:2477
[ 3480966ms] [LOG] [Fast Refresh] done in 70ms @ http://localhost:3000/_next/static/chunks/node_modules_next_dist_115brz8._.js:2477
[ 3481074ms] [LOG] [Fast Refresh] rebuilding @ http://localhost:3000/_next/static/chunks/node_modules_next_dist_115brz8._.js:2477
[ 3481126ms] [LOG] [Fast Refresh] done in 155ms @ http://localhost:3000/_next/static/chunks/node_modules_next_dist_115brz8._.js:2477
[ 3487937ms] [LOG] [Fast Refresh] rebuilding @ http://localhost:3000/_next/static/chunks/node_modules_next_dist_115brz8._.js:2477
[ 3488051ms] [LOG] [Fast Refresh] done in 202ms @ http://localhost:3000/_next/static/chunks/node_modules_next_dist_115brz8._.js:2477
[ 3488774ms] [LOG] [Fast Refresh] rebuilding @ http://localhost:3000/_next/static/chunks/node_modules_next_dist_115brz8._.js:2477
[ 3488864ms] [LOG] [Fast Refresh] done in 70ms @ http://localhost:3000/_next/static/chunks/node_modules_next_dist_115brz8._.js:2477
[ 3489520ms] [LOG] [Fast Refresh] rebuilding @ http://localhost:3000/_next/static/chunks/node_modules_next_dist_115brz8._.js:2477
[ 3489527ms] [LOG] [Fast Refresh] done in 97ms @ http://localhost:3000/_next/static/chunks/node_modules_next_dist_115brz8._.js:2477
[ 3489641ms] [LOG] [Fast Refresh] rebuilding @ http://localhost:3000/_next/static/chunks/node_modules_next_dist_115brz8._.js:2477
[ 3489648ms] [LOG] [Fast Refresh] done in 116ms @ http://localhost:3000/_next/static/chunks/node_modules_next_dist_115brz8._.js:2477
[ 3493847ms] [LOG] [Fast Refresh] rebuilding @ http://localhost:3000/_next/static/chunks/node_modules_next_dist_115brz8._.js:2477
[ 3493860ms] [LOG] [Fast Refresh] done in 110ms @ http://localhost:3000/_next/static/chunks/node_modules_next_dist_115brz8._.js:2477
[ 3493970ms] [LOG] [Fast Refresh] rebuilding @ http://localhost:3000/_next/static/chunks/node_modules_next_dist_115brz8._.js:2477
[ 3493991ms] [LOG] [Fast Refresh] done in 130ms @ http://localhost:3000/_next/static/chunks/node_modules_next_dist_115brz8._.js:2477
[ 3497920ms] [LOG] [Fast Refresh] rebuilding @ http://localhost:3000/_next/static/chunks/node_modules_next_dist_115brz8._.js:2477
[ 3498044ms] [LOG] [Fast Refresh] done in 67ms @ http://localhost:3000/_next/static/chunks/node_modules_next_dist_115brz8._.js:2477
[ 3516504ms] [LOG] [Fast Refresh] rebuilding @ http://localhost:3000/_next/static/chunks/node_modules_next_dist_115brz8._.js:2477
[ 3516556ms] [LOG] [Fast Refresh] done in 128ms @ http://localhost:3000/_next/static/chunks/node_modules_next_dist_115brz8._.js:2477
[ 3587923ms] [LOG] [Fast Refresh] rebuilding @ http://localhost:3000/_next/static/chunks/node_modules_next_dist_115brz8._.js:2477
[ 3587946ms] [LOG] [Fast Refresh] done in 129ms @ http://localhost:3000/_next/static/chunks/node_modules_next_dist_115brz8._.js:2477
[ 3605936ms] [LOG] [Fast Refresh] rebuilding @ http://localhost:3000/_next/static/chunks/node_modules_next_dist_115brz8._.js:2477
[ 3606040ms] [LOG] [Fast Refresh] done in 73ms @ http://localhost:3000/_next/static/chunks/node_modules_next_dist_115brz8._.js:2477
[ 3767501ms] [LOG] [Fast Refresh] rebuilding @ http://localhost:3000/_next/static/chunks/node_modules_next_dist_115brz8._.js:2477
[ 3767511ms] [LOG] [Fast Refresh] done in 110ms @ http://localhost:3000/_next/static/chunks/node_modules_next_dist_115brz8._.js:2477
[ 3938548ms] [LOG] [Fast Refresh] rebuilding @ http://localhost:3000/_next/static/chunks/node_modules_next_dist_115brz8._.js:2477
[ 3938616ms] [LOG] [Fast Refresh] done in 181ms @ http://localhost:3000/_next/static/chunks/node_modules_next_dist_115brz8._.js:2477
[ 3939351ms] [LOG] [Fast Refresh] rebuilding @ http://localhost:3000/_next/static/chunks/node_modules_next_dist_115brz8._.js:2477
[ 3939445ms] [LOG] [Fast Refresh] done in 72ms @ http://localhost:3000/_next/static/chunks/node_modules_next_dist_115brz8._.js:2477
[ 3940846ms] [LOG] [Fast Refresh] rebuilding @ http://localhost:3000/_next/static/chunks/node_modules_next_dist_115brz8._.js:2477
[ 3940863ms] [LOG] [Fast Refresh] done in 124ms @ http://localhost:3000/_next/static/chunks/node_modules_next_dist_115brz8._.js:2477
[ 3940978ms] [LOG] [Fast Refresh] rebuilding @ http://localhost:3000/_next/static/chunks/node_modules_next_dist_115brz8._.js:2477
[ 3941040ms] [LOG] [Fast Refresh] done in 173ms @ http://localhost:3000/_next/static/chunks/node_modules_next_dist_115brz8._.js:2477
[ 4065644ms] [LOG] [Fast Refresh] rebuilding @ http://localhost:3000/_next/static/chunks/node_modules_next_dist_115brz8._.js:2477
[ 4065653ms] [LOG] [Fast Refresh] done in 81ms @ http://localhost:3000/_next/static/chunks/node_modules_next_dist_115brz8._.js:2477
[ 4065758ms] [LOG] [Fast Refresh] rebuilding @ http://localhost:3000/_next/static/chunks/node_modules_next_dist_115brz8._.js:2477
[ 4065792ms] [LOG] [Fast Refresh] done in 135ms @ http://localhost:3000/_next/static/chunks/node_modules_next_dist_115brz8._.js:2477
[ 4066745ms] [LOG] [Fast Refresh] rebuilding @ http://localhost:3000/_next/static/chunks/node_modules_next_dist_115brz8._.js:2477
[ 4066817ms] [ERROR] ./src/app/problem-sets/page.tsx:391:6
Unterminated regexp literal
  389 |         </div>
  390 |       </div>
> 391 |     </div>
      |      ^^^^^
  392 |   );
  393 | }
  394 |

Parsing ecmascript source code failed

Import traces:
  Client Component Browser:
    ./src/app/problem-sets/page.tsx [Client Component Browser]
    ./src/app/problem-sets/page.tsx [Server Component]

  Client Component SSR:
    ./src/app/problem-sets/page.tsx [Client Component SSR]
    ./src/app/problem-sets/page.tsx [Server Component] @ http://localhost:3000/_next/static/chunks/node_modules_next_dist_115brz8._.js:3318
[ 4066845ms] [ERROR] ./src/app/problem-sets/page.tsx:391:6
Unterminated regexp literal
  389 |         </div>
  390 |       </div>
> 391 |     </div>
      |      ^^^^^
  392 |   );
  393 | }
  394 |

Parsing ecmascript source code failed

Import traces:
  Client Component Browser:
    ./src/app/problem-sets/page.tsx [Client Component Browser]
    ./src/app/problem-sets/page.tsx [Server Component]

  Client Component SSR:
    ./src/app/problem-sets/page.tsx [Client Component SSR]
    ./src/app/problem-sets/page.tsx [Server Component] @ http://localhost:3000/_next/static/chunks/node_modules_next_dist_115brz8._.js:3318
[ 4066965ms] [LOG] [Fast Refresh] rebuilding @ http://localhost:3000/_next/static/chunks/node_modules_next_dist_115brz8._.js:2477
[ 4067134ms] [ERROR] ./src/app/problem-sets/page.tsx:391:6
Unterminated regexp literal
  389 |         </div>
  390 |       </div>
> 391 |     </div>
      |      ^^^^^
  392 |   );
  393 | }
  394 |

Parsing ecmascript source code failed

Import traces:
  Client Component Browser:
    ./src/app/problem-sets/page.tsx [Client Component Browser]
    ./src/app/problem-sets/page.tsx [Server Component]

  Client Component SSR:
    ./src/app/problem-sets/page.tsx [Client Component SSR]
    ./src/app/problem-sets/page.tsx [Server Component] @ http://localhost:3000/_next/static/chunks/node_modules_next_dist_115brz8._.js:3318
[ 4067136ms] [ERROR] ./src/app/problem-sets/page.tsx:391:6
Unterminated regexp literal
  389 |         </div>
  390 |       </div>
> 391 |     </div>
      |      ^^^^^
  392 |   );
  393 | }
  394 |

Parsing ecmascript source code failed

Import traces:
  Client Component Browser:
    ./src/app/problem-sets/page.tsx [Client Component Browser]
    ./src/app/problem-sets/page.tsx [Server Component]

  Client Component SSR:
    ./src/app/problem-sets/page.tsx [Client Component SSR]
    ./src/app/problem-sets/page.tsx [Server Component] @ http://localhost:3000/_next/static/chunks/node_modules_next_dist_115brz8._.js:3318
[ 4067148ms] [ERROR] Failed to load resource: the server responded with a status of 500 (Internal Server Error) @ http://localhost:3000/problem-sets/hono-ipv6-string-formatting/result?_rsc=UWPcgsQIcm0KdCqE:0
[ 4067242ms] [ERROR] ./src/app/problem-sets/page.tsx:391:6
Unterminated regexp literal
  389 |         </div>
  390 |       </div>
> 391 |     </div>
      |      ^^^^^
  392 |   );
  393 | }
  394 |

Parsing ecmascript source code failed

Import traces:
  Client Component Browser:
    ./src/app/problem-sets/page.tsx [Client Component Browser]
    ./src/app/problem-sets/page.tsx [Server Component]

  Client Component SSR:
    ./src/app/problem-sets/page.tsx [Client Component SSR]
    ./src/app/problem-sets/page.tsx [Server Component] @ http://localhost:3000/_next/static/chunks/node_modules_next_dist_115brz8._.js:3318
[ 4067242ms] [LOG] [Fast Refresh] rebuilding @ http://localhost:3000/_next/static/chunks/node_modules_next_dist_115brz8._.js:2477
[ 4067259ms] [LOG] [Fast Refresh] rebuilding @ http://localhost:3000/_next/static/chunks/node_modules_next_dist_115brz8._.js:2477
[ 4067571ms] [LOG] [Fast Refresh] done in 326ms @ http://localhost:3000/_next/static/chunks/node_modules_next_dist_115brz8._.js:2477
[ 4067729ms] [INFO] %cDownload the React DevTools for a better development experience: https://react.dev/link/react-devtools font-weight:bold @ http://localhost:3000/_next/static/chunks/node_modules_next_dist_115brz8._.js:2477
[ 4067768ms] [LOG] [HMR] connected @ http://localhost:3000/_next/static/chunks/node_modules_next_dist_115brz8._.js:2477
[ 4081613ms] [LOG] [Fast Refresh] rebuilding @ http://localhost:3000/_next/static/chunks/node_modules_next_dist_115brz8._.js:2477
[ 4081708ms] [LOG] [Fast Refresh] done in 197ms @ http://localhost:3000/_next/static/chunks/node_modules_next_dist_115brz8._.js:2477
[ 4119765ms] [LOG] [Fast Refresh] rebuilding @ http://localhost:3000/_next/static/chunks/node_modules_next_dist_115brz8._.js:2477
[ 4119786ms] [LOG] [Fast Refresh] done in 125ms @ http://localhost:3000/_next/static/chunks/node_modules_next_dist_115brz8._.js:2477
[ 4129600ms] [LOG] [Fast Refresh] rebuilding @ http://localhost:3000/_next/static/chunks/node_modules_next_dist_115brz8._.js:2477
[ 4129608ms] [LOG] [Fast Refresh] done in 75ms @ http://localhost:3000/_next/static/chunks/node_modules_next_dist_115brz8._.js:2477
[ 4551028ms] [LOG] [Fast Refresh] rebuilding @ http://localhost:3000/_next/static/chunks/node_modules_next_dist_115brz8._.js:2477
[ 4551044ms] [LOG] [Fast Refresh] done in 81ms @ http://localhost:3000/_next/static/chunks/node_modules_next_dist_115brz8._.js:2477
[ 4551152ms] [LOG] [Fast Refresh] rebuilding @ http://localhost:3000/_next/static/chunks/node_modules_next_dist_115brz8._.js:2477
[ 4551157ms] [LOG] [Fast Refresh] done in 112ms @ http://localhost:3000/_next/static/chunks/node_modules_next_dist_115brz8._.js:2477
[ 4572907ms] [LOG] [Fast Refresh] rebuilding @ http://localhost:3000/_next/static/chunks/node_modules_next_dist_115brz8._.js:2477
[ 4573019ms] [LOG] [Fast Refresh] done in 224ms @ http://localhost:3000/_next/static/chunks/node_modules_next_dist_115brz8._.js:2477
[ 4573121ms] [LOG] [Fast Refresh] rebuilding @ http://localhost:3000/_next/static/chunks/node_modules_next_dist_115brz8._.js:2477
[ 4573184ms] [LOG] [Fast Refresh] done in 164ms @ http://localhost:3000/_next/static/chunks/node_modules_next_dist_115brz8._.js:2477
[ 4575989ms] [LOG] [Fast Refresh] rebuilding @ http://localhost:3000/_next/static/chunks/node_modules_next_dist_115brz8._.js:2477
[ 4576003ms] [LOG] [Fast Refresh] done in 72ms @ http://localhost:3000/_next/static/chunks/node_modules_next_dist_115brz8._.js:2477
[ 4658163ms] [LOG] [Fast Refresh] rebuilding @ http://localhost:3000/_next/static/chunks/node_modules_next_dist_115brz8._.js:2477
[ 4658243ms] [LOG] [Fast Refresh] done in 72ms @ http://localhost:3000/_next/static/chunks/node_modules_next_dist_115brz8._.js:2477
